IndicatorCode,Indicator,ValueType,ParentLocationCode,ParentLocation,Location type,SpatialDimValueCode,Location,Period type,Period,IsLatestYear,FactValueNumeric,Value,Language,DateModified
MALARIA_EST_CASES,Estimated number of malaria cases,text,AFR,Africa,Country,DZA,Algeria,Year,2024,TRUE,0,0,EN,2025-12-18T23:00:00.000Z
MALARIA_EST_CASES,Estimated number of malaria cases,text,AMR,Americas,Country,ARG,Argentina,Year,2024,TRUE,0,0,EN,2025-12-18T23:00:00.000Z
MALARIA_EST_CASES,Estimated number of malaria cases,text,EUR,Europe,Country,ARM,Armenia,Year,2024,TRUE,0,0,EN,2025-12-18T23:00:00.000Z
MALARIA_EST_CASES,Estimated number of malaria cases,text,EUR,Europe,Country,AZE,Azerbaijan,Year,2024,TRUE,0,0,EN,2025-12-18T23:00:00.000Z
MALARIA_EST_CASES,Estimated number of malaria cases,text,AMR,Americas,Country,BLZ,Belize,Year,2024,TRUE,0,0,EN,2025-12-18T23:00:00.000Z
MALARIA_EST_CASES,Estimated number of malaria cases,text,SEAR,South-East Asia,Country,BTN,Bhutan,Year,2024,TRUE,0,0,EN,2025-12-18T23:00:00.000Z
MALARIA_EST_CASES,Estimated number of malaria cases,text,WPR,Western Pacific,Country,CHN,China,Year,2024,TRUE,0,0,EN,2025-12-18T23:00:00.000Z
MALARIA_EST_CASES,Estimated number of malaria cases,text,EMR,Eastern Mediterranean,Country,EGY,Egypt,Year,2024,TRUE,0,0,EN,2025-12-18T23:00:00.000Z
MALARIA_EST_CASES,Estimated number of malaria cases,text,AMR,Americas,Country,SLV,El Salvador,Year,2024,TRUE,0,0,EN,2025-12-18T23:00:00.000Z
MALARIA_EST_CASES,Estimated number of malaria cases,text,EUR,Europe,Country,GEO,Georgia,Year,2024,TRUE,0,0,EN,2025-12-18T23:00:00.000Z
MALARIA_EST_CASES,Estimated number of malaria cases,text,EMR,Eastern Mediterranean,Country,IRQ,Iraq,Year,2024,TRUE,0,0,EN,2025-12-18T23:00:00.000Z
MALARIA_EST_CASES,Estimated number of malaria cases,text,EUR,Europe,Country,KAZ,Kazakhstan,Year,2024,TRUE,0,0,EN,2025-12-18T23:00:00.000Z
MALARIA_EST_CASES,Estimated number of malaria cases,text,EUR,Europe,Country,KGZ,Kyrgyzstan,Year,2024,TRUE,0,0,EN,2025-12-18T23:00:00.000Z
MALARIA_EST_CASES,Estimated number of malaria cases,text,WPR,Western Pacific,Country,MYS,Malaysia,Year,2024,TRUE,0,0,EN,2025-12-18T23:00:00.000Z
MALARIA_EST_CASES,Estimated number of malaria cases,text,EMR,Eastern Mediterranean,Country,MAR,Morocco,Year,2024,TRUE,0,0,EN,2025-12-18T23:00:00.000Z
MALARIA_EST_CASES,Estimated number of malaria cases,text,EMR,Eastern Mediterranean,Country,OMN,Oman,Year,2024,TRUE,0,0,EN,2025-12-18T23:00:00.000Z
MALARIA_EST_CASES,Estimated number of malaria cases,text,AMR,Americas,Country,PRY,Paraguay,Year,2024,TRUE,0,0,EN,2025-12-18T23:00:00.000Z
MALARIA_EST_CASES,Estimated number of malaria cases,text,EMR,Eastern Mediterranean,Country,SAU,Saudi Arabia,Year,2024,TRUE,0,0,EN,2025-12-18T23:00:00.000Z
MALARIA_EST_CASES,Estimated number of malaria cases,text,SEAR,South-East Asia,Country,LKA,Sri Lanka,Year,2024,TRUE,0,0,EN,2025-12-18T23:00:00.000Z
MALARIA_EST_CASES,Estimated number of malaria cases,text,AMR,Americas,Country,SUR,Suriname,Year,2024,TRUE,0,0,EN,2025-12-18T23:00:00.000Z
MALARIA_EST_CASES,Estimated number of malaria cases,text,EMR,Eastern Mediterranean,Country,SYR,Syrian Arab Republic,Year,2024,TRUE,0,0,EN,2025-12-18T23:00:00.000Z
MALARIA_EST_CASES,Estimated number of malaria cases,text,EUR,Europe,Country,TUR,Türkiye,Year,2024,TRUE,0,0,EN,2025-12-18T23:00:00.000Z
MALARIA_EST_CASES,Estimated number of malaria cases,text,EUR,Europe,Country,TJK,Tajikistan,Year,2024,TRUE,0,0,EN,2025-12-18T23:00:00.000Z
MALARIA_EST_CASES,Estimated number of malaria cases,text,SEAR,South-East Asia,Country,TLS,Timor-Leste,Year,2024,TRUE,0,0,EN,2025-12-18T23:00:00.000Z
MALARIA_EST_CASES,Estimated number of malaria cases,text,EUR,Europe,Country,TKM,Turkmenistan,Year,2024,TRUE,0,0,EN,2025-12-18T23:00:00.000Z
MALARIA_EST_CASES,Estimated number of malaria cases,text,EMR,Eastern Mediterranean,Country,ARE,United Arab Emirates,Year,2024,TRUE,0,0,EN,2025-12-18T23:00:00.000Z
MALARIA_EST_CASES,Estimated number of malaria cases,text,EUR,Europe,Country,UZB,Uzbekistan,Year,2024,TRUE,0,0,EN,2025-12-18T23:00:00.000Z
MALARIA_EST_CASES,Estimated number of malaria cases,text,AFR,Africa,Country,MYT,Mayotte,Year,2024,TRUE,0,0 [0-0],EN,2025-12-18T23:00:00.000Z
MALARIA_EST_CASES,Estimated number of malaria cases,text,EMR,Eastern Mediterranean,Country,SOM,Somalia,Year,2024,TRUE,1012760,1 012 760 [542 000-1 752 000],EN,2025-12-18T23:00:00.000Z
MALARIA_EST_CASES,Estimated number of malaria cases,text,AFR,Africa,Country,RWA,Rwanda,Year,2024,TRUE,1099728,1 099 728 [855 000-1 354 000],EN,2025-12-18T23:00:00.000Z
MALARIA_EST_CASES,Estimated number of malaria cases,text,EMR,Eastern Mediterranean,Country,YEM,Yemen,Year,2024,TRUE,1362711,1 362 711 [848 000-2 112 000],EN,2025-12-18T23:00:00.000Z
MALARIA_EST_CASES,Estimated number of malaria cases,text,AFR,Africa,Country,COG,Congo,Year,2024,TRUE,1399717,1 399 717 [827 000-2 219 000],EN,2025-12-18T23:00:00.000Z
MALARIA_EST_CASES,Estimated number of malaria cases,text,WPR,Western Pacific,Country,PNG,Papua New Guinea,Year,2024,TRUE,1605117,1 605 117 [1 115 000-2 136 000],EN,2025-12-18T23:00:00.000Z
MALARIA_EST_CASES,Estimated number of malaria cases,text,AFR,Africa,Country,CAF,Central African Republic,Year,2024,TRUE,1832924,1 832 924 [900 000-3 402 000],EN,2025-12-18T23:00:00.000Z
MALARIA_EST_CASES,Estimated number of malaria cases,text,AFR,Africa,Country,MOZ,Mozambique,Year,2024,TRUE,10219719,10 219 719 [7 732 000-13 070 000],EN,2025-12-18T23:00:00.000Z
MALARIA_EST_CASES,Estimated number of malaria cases,text,AMR,Americas,Country,PAN,Panama,Year,2024,TRUE,10600,10 600,EN,2025-12-18T23:00:00.000Z
MALARIA_EST_CASES,Estimated number of malaria cases,text,AMR,Americas,Country,VEN,Venezuela (Bolivarian Republic of),Year,2024,TRUE,110613,110 613 [98 000-128 000],EN,2025-12-18T23:00:00.000Z
MALARIA_EST_CASES,Estimated number of malaria cases,text,AFR,Africa,Country,ETH,Ethiopia,Year,2024,TRUE,12436942,12 436 942 [6 876 000-18 640 000],EN,2025-12-18T23:00:00.000Z
MALARIA_EST_CASES,Estimated number of malaria cases,text,AMR,Americas,Country,DOM,Dominican Republic,Year,2024,TRUE,1203,1203,EN,2025-12-18T23:00:00.000Z
MALARIA_EST_CASES,Estimated number of malaria cases,text,AFR,Africa,Country,UGA,Uganda,Year,2024,TRUE,13215579,13 215 579 [7 711 000-21 340 000],EN,2025-12-18T23:00:00.000Z
MALARIA_EST_CASES,Estimated number of malaria cases,text,AFR,Africa,Country,ZWE,Zimbabwe,Year,2024,TRUE,148833,148 833 [89 000-214 000],EN,2025-12-18T23:00:00.000Z
MALARIA_EST_CASES,Estimated number of malaria cases,text,SEAR,South-East Asia,Country,BGD,Bangladesh,Year,2024,TRUE,16096,16 096 [14 000-19 000],EN,2025-12-18T23:00:00.000Z
MALARIA_EST_CASES,Estimated number of malaria cases,text,AMR,Americas,Country,BRA,Brazil,Year,2024,TRUE,161548,161 548 [145 000-175 000],EN,2025-12-18T23:00:00.000Z
MALARIA_EST_CASES,Estimated number of malaria cases,text,AFR,Africa,Country,NAM,Namibia,Year,2024,TRUE,17315,17 315 [14 000-21 000],EN,2025-12-18T23:00:00.000Z
MALARIA_EST_CASES,Estimated number of malaria cases,text,AMR,Americas,Country,COL,Colombia,Year,2024,TRUE,177870,177 870 [136 000-223 000],EN,2025-12-18T23:00:00.000Z
MALARIA_EST_CASES,Estimated number of malaria cases,text,WPR,Western Pacific,Country,SLB,Solomon Islands,Year,2024,TRUE,181892,181 892 [154 000-218 000],EN,2025-12-18T23:00:00.000Z
MALARIA_EST_CASES,Estimated number of malaria cases,text,AFR,Africa,Country,CPV,Cabo Verde,Year,2024,TRUE,19,19,EN,2025-12-18T23:00:00.000Z
MALARIA_EST_CASES,Estimated number of malaria cases,text,AFR,Africa,Country,SWZ,Eswatini,Year,2024,TRUE,193,193,EN,2025-12-18T23:00:00.000Z
MALARIA_EST_CASES,Estimated number of malaria cases,text,SEAR,South-East Asia,Country,IND,India,Year,2024,TRUE,2007280,2 007 280 [1 501 000-2 603 000],EN,2025-12-18T23:00:00.000Z
MALARIA_EST_CASES,Estimated number of malaria cases,text,AFR,Africa,Country,TGO,Togo,Year,2024,TRUE,2371693,2 371 693 [1 583 000-3 397 000],EN,2025-12-18T23:00:00.000Z
MALARIA_EST_CASES,Estimated number of malaria cases,text,AFR,Africa,Country,SLE,Sierra Leone,Year,2024,TRUE,2442803,2 442 803 [1 327 000-4 098 000],EN,2025-12-18T23:00:00.000Z
MALARIA_EST_CASES,Estimated number of malaria cases,text,EMR,Eastern Mediterranean,Country,IRN,Iran (Islamic Republic of),Year,2024,TRUE,2034,2034,EN,2025-12-18T23:00:00.000Z
MALARIA_EST_CASES,Estimated number of malaria cases,text,AFR,Africa,Country,GMB,Gambia,Year,2024,TRUE,208225,208 225 [162 000-259 000],EN,2025-12-18T23:00:00.000Z
MALARIA_EST_CASES,Estimated number of malaria cases,text,AMR,Americas,Country,BOL,Bolivia (Plurinational State of),Year,2024,TRUE,21560,21 560 [17 000-26 000],EN,2025-12-18T23:00:00.000Z
MALARIA_EST_CASES,Estimated number of malaria cases,text,AMR,Americas,Country,HND,Honduras,Year,2024,TRUE,2292,2292,EN,2025-12-18T23:00:00.000Z
MALARIA_EST_CASES,Estimated number of malaria cases,text,WPR,Western Pacific,Country,PHL,Philippines,Year,2024,TRUE,23742,23 742 [17 000-32 000],EN,2025-12-18T23:00:00.000Z
MALARIA_EST_CASES,Estimated number of malaria cases,text,WPR,Western Pacific,Country,VNM,Viet Nam,Year,2024,TRUE,239,239,EN,2025-12-18T23:00:00.000Z
MALARIA_EST_CASES,Estimated number of malaria cases,text,AMR,Americas,Country,CRI,Costa Rica,Year,2024,TRUE,240,240,EN,2025-12-18T23:00:00.000Z
MALARIA_EST_CASES,Estimated number of malaria cases,text,AFR,Africa,Country,GNB,Guinea-Bissau,Year,2024,TRUE,242430,242 430 [67 000-651 000],EN,2025-12-18T23:00:00.000Z
MALARIA_EST_CASES,Estimated number of malaria cases,text,AMR,Americas,Country,GUF,French Guiana,Year,2024,TRUE,246,246,EN,2025-12-18T23:00:00.000Z
MALARIA_EST_CASES,Estimated number of malaria cases,text,AMR,Americas,Country,MEX,Mexico,Year,2024,TRUE,266,266,EN,2025-12-18T23:00:00.000Z
MALARIA_EST_CASES,Estimated number of malaria cases,text,AMR,Americas,Country,GTM,Guatemala,Year,2024,TRUE,2925,2925,EN,2025-12-18T23:00:00.000Z
MALARIA_EST_CASES,Estimated number of malaria cases,text,AFR,Africa,Country,SSD,South Sudan,Year,2024,TRUE,3034559,3 034 559 [1 827 000-4 663 000],EN,2025-12-18T23:00:00.000Z
MALARIA_EST_CASES,Estimated number of malaria cases,text,EMR,Eastern Mediterranean,Country,PAK,Pakistan,Year,2024,TRUE,3154909,3 154 909 [2 498 000-4 243 000],EN,2025-12-18T23:00:00.000Z
MALARIA_EST_CASES,Estimated number of malaria cases,text,AMR,Americas,Country,GUY,Guyana,Year,2024,TRUE,32197,32 197 [27 000-37 000],EN,2025-12-18T23:00:00.000Z
MALARIA_EST_CASES,Estimated number of malaria cases,text,WPR,Western Pacific,Country,KHM,Cambodia,Year,2024,TRUE,322,322,EN,2025-12-18T23:00:00.000Z
MALARIA_EST_CASES,Estimated number of malaria cases,text,AFR,Africa,Country,BWA,Botswana,Year,2024,TRUE,335,335 [260-470],EN,2025-12-18T23:00:00.000Z
MALARIA_EST_CASES,Estimated number of malaria cases,text,AFR,Africa,Country,COD,Democratic Republic of the Congo,Year,2024,TRUE,35175261,35 175 261 [26 570 000-45 560 000],EN,2025-12-18T23:00:00.000Z
MALARIA_EST_CASES,Estimated number of malaria cases,text,AFR,Africa,Country,MRT,Mauritania,Year,2024,TRUE,359550,359 550 [170 000-622 000],EN,2025-12-18T23:00:00.000Z
MALARIA_EST_CASES,Estimated number of malaria cases,text,AFR,Africa,Country,ERI,Eritrea,Year,2024,TRUE,362132,362 132 [232 000-505 000],EN,2025-12-18T23:00:00.000Z
MALARIA_EST_CASES,Estimated number of malaria cases,text,SEAR,South-East Asia,Country,NPL,Nepal,Year,2024,TRUE,37,37,EN,2025-12-18T23:00:00.000Z
MALARIA_EST_CASES,Estimated number of malaria cases,text,AMR,Americas,Country,ECU,Ecuador,Year,2024,TRUE,380,380,EN,2025-12-18T23:00:00.000Z
MALARIA_EST_CASES,Estimated number of malaria cases,text,EMR,Eastern Mediterranean,Country,DJI,Djibouti,Year,2024,TRUE,39523,39 523,EN,2025-12-18T23:00:00.000Z
MALARIA_EST_CASES,Estimated number of malaria cases,text,AFR,Africa,Country,TCD,Chad,Year,2024,TRUE,4138603,4 138 603 [2 442 000-6 627 000],EN,2025-12-18T23:00:00.000Z
MALARIA_EST_CASES,Estimated number of malaria cases,text,AFR,Africa,Country,KEN,Kenya,Year,2024,TRUE,4185536,4 185 536 [2 105 000-7 394 000],EN,2025-12-18T23:00:00.000Z
MALARIA_EST_CASES,Estimated number of malaria cases,text,AFR,Africa,Country,GIN,Guinea,Year,2024,TRUE,4221103,4 221 103 [2 923 000-5 912 000],EN,2025-12-18T23:00:00.000Z
MALARIA_EST_CASES,Estimated number of malaria cases,text,AFR,Africa,Country,BDI,Burundi,Year,2024,TRUE,4423640,4 423 640 [2 641 000-6 987 000],EN,2025-12-18T23:00:00.000Z
MALARIA_EST_CASES,Estimated number of malaria cases,text,EMR,Eastern Mediterranean,Country,SDN,Sudan,Year,2024,TRUE,4956698,4 956 698 [2 844 000-8 055 000],EN,2025-12-18T23:00:00.000Z
MALARIA_EST_CASES,Estimated number of malaria cases,text,WPR,Western Pacific,Country,VUT,Vanuatu,Year,2024,TRUE,4014,4014 [2400-6300],EN,2025-12-18T23:00:00.000Z
MALARIA_EST_CASES,Estimated number of malaria cases,text,AMR,Americas,Country,PER,Peru,Year,2024,TRUE,43611,43 611 [36 000-52 000],EN,2025-12-18T23:00:00.000Z
MALARIA_EST_CASES,Estimated number of malaria cases,text,AFR,Africa,Country,GNQ,Equatorial Guinea,Year,2024,TRUE,430983,430 983 [282 000-632 000],EN,2025-12-18T23:00:00.000Z
MALARIA_EST_CASES,Estimated number of malaria cases,text,AFR,Africa,Country,GAB,Gabon,Year,2024,TRUE,474789,474 789 [259 000-795 000],EN,2025-12-18T23:00:00.000Z
MALARIA_EST_CASES,Estimated number of malaria cases,text,AFR,Africa,Country,BEN,Benin,Year,2024,TRUE,5123465,5 123 465 [3 296 000-7 629 000],EN,2025-12-18T23:00:00.000Z
MALARIA_EST_CASES,Estimated number of malaria cases,text,AFR,Africa,Country,ZMB,Zambia,Year,2024,TRUE,5380115,5 380 115 [4 333 000-6 652 000],EN,2025-12-18T23:00:00.000Z
MALARIA_EST_CASES,Estimated number of malaria cases,text,SEAR,South-East Asia,Country,PRK,Democratic People's Republic of Korea,Year,2024,TRUE,5233,5233,EN,2025-12-18T23:00:00.000Z
MALARIA_EST_CASES,Estimated number of malaria cases,text,WPR,Western Pacific,Country,LAO,Lao People's Democratic Republic,Year,2024,TRUE,538,538 [390-710],EN,2025-12-18T23:00:00.000Z
MALARIA_EST_CASES,Estimated number of malaria cases,text,AFR,Africa,Country,COM,Comoros,Year,2024,TRUE,54413,54 413,EN,2025-12-18T23:00:00.000Z
MALARIA_EST_CASES,Estimated number of malaria cases,text,EMR,Eastern Mediterranean,Country,AFG,Afghanistan,Year,2024,TRUE,584876,584 876 [450 000-745 000],EN,2025-12-18T23:00:00.000Z
MALARIA_EST_CASES,Estimated number of malaria cases,text,AFR,Africa,Country,MWI,Malawi,Year,2024,TRUE,6378088,6 378 088 [4 143 000-9 341 000],EN,2025-12-18T23:00:00.000Z
MALARIA_EST_CASES,Estimated number of malaria cases,text,AFR,Africa,Country,GHA,Ghana,Year,2024,TRUE,6739843,6 739 843 [4 669 000-9 434 000],EN,2025-12-18T23:00:00.000Z
MALARIA_EST_CASES,Estimated number of malaria cases,text,WPR,Western Pacific,Country,IDN,Indonesia,Year,2024,TRUE,631231,631 231 [588 000-685 000],EN,2025-12-18T23:00:00.000Z
MALARIA_EST_CASES,Estimated number of malaria cases,text,AMR,Americas,Country,NIC,Nicaragua,Year,2024,TRUE,6352,6352 [5300-7500],EN,2025-12-18T23:00:00.000Z
MALARIA_EST_CASES,Estimated number of malaria cases,text,WPR,Western Pacific,Country,KOR,Republic of Korea,Year,2024,TRUE,640,640,EN,2025-12-18T23:00:00.000Z
MALARIA_EST_CASES,Estimated number of malaria cases,text,AFR,Africa,Country,NGA,Nigeria,Year,2024,TRUE,68466353,68 466 353 [49 100 000-92 460 000],EN,2025-12-18T23:00:00.000Z
MALARIA_EST_CASES,Estimated number of malaria cases,text,AFR,Africa,Country,SEN,Senegal,Year,2024,TRUE,680515,680 515 [535 000-839 000],EN,2025-12-18T23:00:00.000Z
MALARIA_EST_CASES,Estimated number of malaria cases,text,AFR,Africa,Country,CMR,Cameroon,Year,2024,TRUE,7585555,7 585 555 [5 542 000-10 180 000],EN,2025-12-18T23:00:00.000Z
MALARIA_EST_CASES,Estimated number of malaria cases,text,SEAR,South-East Asia,Country,MMR,Myanmar,Year,2024,TRUE,701778,701 778 [422 000-2 943 000],EN,2025-12-18T23:00:00.000Z
MALARIA_EST_CASES,Estimated number of malaria cases,text,AFR,Africa,Country,STP,Sao Tome and Principe,Year,2024,TRUE,7087,7087,EN,2025-12-18T23:00:00.000Z
MALARIA_EST_CASES,Estimated number of malaria cases,text,AFR,Africa,Country,ZAF,South Africa,Year,2024,TRUE,735,735,EN,2025-12-18T23:00:00.000Z
MALARIA_EST_CASES,Estimated number of malaria cases,text,SEAR,South-East Asia,Country,THA,Thailand,Year,2024,TRUE,7878,7878,EN,2025-12-18T23:00:00.000Z
MALARIA_EST_CASES,Estimated number of malaria cases,text,AFR,Africa,Country,MDG,Madagascar,Year,2024,TRUE,8165311,8 165 311 [5 216 000-11 340 000],EN,2025-12-18T23:00:00.000Z
MALARIA_EST_CASES,Estimated number of malaria cases,text,AFR,Africa,Country,NER,Niger,Year,2024,TRUE,8248768,8 248 768 [4 791 000-13 500 000],EN,2025-12-18T23:00:00.000Z
MALARIA_EST_CASES,Estimated number of malaria cases,text,AFR,Africa,Country,BFA,Burkina Faso,Year,2024,TRUE,8324231,8 324 231 [5 507 000-12 060 000],EN,2025-12-18T23:00:00.000Z
MALARIA_EST_CASES,Estimated number of malaria cases,text,AFR,Africa,Country,MLI,Mali,Year,2024,TRUE,8474969,8 474 969 [5 972 000-12 050 000],EN,2025-12-18T23:00:00.000Z
MALARIA_EST_CASES,Estimated number of malaria cases,text,AFR,Africa,Country,CIV,Cote d'Ivoire,Year,2024,TRUE,8556747,8 556 747 [5 693 000-12 410 000],EN,2025-12-18T23:00:00.000Z
MALARIA_EST_CASES,Estimated number of malaria cases,text,AFR,Africa,Country,TZA,United Republic of Tanzania,Year,2024,TRUE,9373891,9 373 891 [6 655 000-12 930 000],EN,2025-12-18T23:00:00.000Z
MALARIA_EST_CASES,Estimated number of malaria cases,text,AFR,Africa,Country,AGO,Angola,Year,2024,TRUE,9808643,9 808 643 [6 072 000-14 860 000],EN,2025-12-18T23:00:00.000Z
MALARIA_EST_CASES,Estimated number of malaria cases,text,AMR,Americas,Country,HTI,Haiti,Year,2024,TRUE,91461,91 461 [56 000-143 000],EN,2025-12-18T23:00:00.000Z
MALARIA_EST_CASES,Estimated number of malaria cases,text,AFR,Africa,Country,LBR,Liberia,Year,2024,TRUE,967319,967 319 [581 000-1 504 000],EN,2025-12-18T23:00:00.000Z
MALARIA_EST_CASES,Estimated number of malaria cases,text,AFR,Africa,Country,DZA,Algeria,Year,2023,FALSE,0,0,EN,2025-12-18T23:00:00.000Z
MALARIA_EST_CASES,Estimated number of malaria cases,text,AMR,Americas,Country,ARG,Argentina,Year,2023,FALSE,0,0,EN,2025-12-18T23:00:00.000Z
MALARIA_EST_CASES,Estimated number of malaria cases,text,EUR,Europe,Country,ARM,Armenia,Year,2023,FALSE,0,0,EN,2025-12-18T23:00:00.000Z
MALARIA_EST_CASES,Estimated number of malaria cases,text,EUR,Europe,Country,AZE,Azerbaijan,Year,2023,FALSE,0,0,EN,2025-12-18T23:00:00.000Z
MALARIA_EST_CASES,Estimated number of malaria cases,text,AMR,Americas,Country,BLZ,Belize,Year,2023,FALSE,0,0,EN,2025-12-18T23:00:00.000Z
MALARIA_EST_CASES,Estimated number of malaria cases,text,SEAR,South-East Asia,Country,BTN,Bhutan,Year,2023,FALSE,0,0,EN,2025-12-18T23:00:00.000Z
MALARIA_EST_CASES,Estimated number of malaria cases,text,AFR,Africa,Country,CPV,Cabo Verde,Year,2023,FALSE,0,0,EN,2025-12-18T23:00:00.000Z
MALARIA_EST_CASES,Estimated number of malaria cases,text,WPR,Western Pacific,Country,CHN,China,Year,2023,FALSE,0,0,EN,2025-12-18T23:00:00.000Z
MALARIA_EST_CASES,Estimated number of malaria cases,text,EMR,Eastern Mediterranean,Country,EGY,Egypt,Year,2023,FALSE,0,0,EN,2025-12-18T23:00:00.000Z
MALARIA_EST_CASES,Estimated number of malaria cases,text,AMR,Americas,Country,SLV,El Salvador,Year,2023,FALSE,0,0,EN,2025-12-18T23:00:00.000Z
MALARIA_EST_CASES,Estimated number of malaria cases,text,EUR,Europe,Country,GEO,Georgia,Year,2023,FALSE,0,0,EN,2025-12-18T23:00:00.000Z
MALARIA_EST_CASES,Estimated number of malaria cases,text,EMR,Eastern Mediterranean,Country,IRQ,Iraq,Year,2023,FALSE,0,0,EN,2025-12-18T23:00:00.000Z
MALARIA_EST_CASES,Estimated number of malaria cases,text,EUR,Europe,Country,KAZ,Kazakhstan,Year,2023,FALSE,0,0,EN,2025-12-18T23:00:00.000Z
MALARIA_EST_CASES,Estimated number of malaria cases,text,EUR,Europe,Country,KGZ,Kyrgyzstan,Year,2023,FALSE,0,0,EN,2025-12-18T23:00:00.000Z
MALARIA_EST_CASES,Estimated number of malaria cases,text,WPR,Western Pacific,Country,MYS,Malaysia,Year,2023,FALSE,0,0,EN,2025-12-18T23:00:00.000Z
MALARIA_EST_CASES,Estimated number of malaria cases,text,EMR,Eastern Mediterranean,Country,MAR,Morocco,Year,2023,FALSE,0,0,EN,2025-12-18T23:00:00.000Z
MALARIA_EST_CASES,Estimated number of malaria cases,text,EMR,Eastern Mediterranean,Country,OMN,Oman,Year,2023,FALSE,0,0,EN,2025-12-18T23:00:00.000Z
MALARIA_EST_CASES,Estimated number of malaria cases,text,AMR,Americas,Country,PRY,Paraguay,Year,2023,FALSE,0,0,EN,2025-12-18T23:00:00.000Z
MALARIA_EST_CASES,Estimated number of malaria cases,text,EMR,Eastern Mediterranean,Country,SAU,Saudi Arabia,Year,2023,FALSE,0,0,EN,2025-12-18T23:00:00.000Z
MALARIA_EST_CASES,Estimated number of malaria cases,text,SEAR,South-East Asia,Country,LKA,Sri Lanka,Year,2023,FALSE,0,0,EN,2025-12-18T23:00:00.000Z
MALARIA_EST_CASES,Estimated number of malaria cases,text,AMR,Americas,Country,SUR,Suriname,Year,2023,FALSE,0,0,EN,2025-12-18T23:00:00.000Z
MALARIA_EST_CASES,Estimated number of malaria cases,text,EMR,Eastern Mediterranean,Country,SYR,Syrian Arab Republic,Year,2023,FALSE,0,0,EN,2025-12-18T23:00:00.000Z
MALARIA_EST_CASES,Estimated number of malaria cases,text,EUR,Europe,Country,TUR,Türkiye,Year,2023,FALSE,0,0,EN,2025-12-18T23:00:00.000Z
MALARIA_EST_CASES,Estimated number of malaria cases,text,EUR,Europe,Country,TJK,Tajikistan,Year,2023,FALSE,0,0,EN,2025-12-18T23:00:00.000Z
MALARIA_EST_CASES,Estimated number of malaria cases,text,SEAR,South-East Asia,Country,TLS,Timor-Leste,Year,2023,FALSE,0,0,EN,2025-12-18T23:00:00.000Z
MALARIA_EST_CASES,Estimated number of malaria cases,text,EUR,Europe,Country,TKM,Turkmenistan,Year,2023,FALSE,0,0,EN,2025-12-18T23:00:00.000Z
MALARIA_EST_CASES,Estimated number of malaria cases,text,EMR,Eastern Mediterranean,Country,ARE,United Arab Emirates,Year,2023,FALSE,0,0,EN,2025-12-18T23:00:00.000Z
MALARIA_EST_CASES,Estimated number of malaria cases,text,EUR,Europe,Country,UZB,Uzbekistan,Year,2023,FALSE,0,0,EN,2025-12-18T23:00:00.000Z
MALARIA_EST_CASES,Estimated number of malaria cases,text,AFR,Africa,Country,MYT,Mayotte,Year,2023,FALSE,0,0 [0-0],EN,2025-12-18T23:00:00.000Z
MALARIA_EST_CASES,Estimated number of malaria cases,text,AFR,Africa,Country,COG,Congo,Year,2023,FALSE,1356914,1 356 914 [792 000-2 195 000],EN,2025-12-18T23:00:00.000Z
MALARIA_EST_CASES,Estimated number of malaria cases,text,WPR,Western Pacific,Country,PNG,Papua New Guinea,Year,2023,FALSE,1529373,1 529 373 [1 055 000-2 031 000],EN,2025-12-18T23:00:00.000Z
MALARIA_EST_CASES,Estimated number of malaria cases,text,AFR,Africa,Country,CAF,Central African Republic,Year,2023,FALSE,1782652,1 782 652 [855 000-3 303 000],EN,2025-12-18T23:00:00.000Z
MALARIA_EST_CASES,Estimated number of malaria cases,text,SEAR,South-East Asia,Country,IND,India,Year,2023,FALSE,1806918,1 806 918 [1 363 000-2 274 000],EN,2025-12-18T23:00:00.000Z
MALARIA_EST_CASES,Estimated number of malaria cases,text,AFR,Africa,Country,MOZ,Mozambique,Year,2023,FALSE,10208354,10 208 354 [8 124 000-12 600 000],EN,2025-12-18T23:00:00.000Z
MALARIA_EST_CASES,Estimated number of malaria cases,text,WPR,Western Pacific,Country,LAO,Lao People's Democratic Republic,Year,2023,FALSE,1141,1141 [830-1500],EN,2025-12-18T23:00:00.000Z
MALARIA_EST_CASES,Estimated number of malaria cases,text,AFR,Africa,Country,UGA,Uganda,Year,2023,FALSE,13019258,13 019 258 [7 586 000-20 730 000],EN,2025-12-18T23:00:00.000Z
MALARIA_EST_CASES,Estimated number of malaria cases,text,AMR,Americas,Country,BOL,Bolivia (Plurinational State of),Year,2023,FALSE,13940,13 940 [11 000-17 000],EN,2025-12-18T23:00:00.000Z
MALARIA_EST_CASES,Estimated number of malaria cases,text,AMR,Americas,Country,VEN,Venezuela (Bolivarian Republic of),Year,2023,FALSE,134811,134 811 [120 000-155 000],EN,2025-12-18T23:00:00.000Z
MALARIA_EST_CASES,Estimated number of malaria cases,text,WPR,Western Pacific,Country,KHM,Cambodia,Year,2023,FALSE,1371,1371,EN,2025-12-18T23:00:00.000Z
MALARIA_EST_CASES,Estimated number of malaria cases,text,AMR,Americas,Country,COL,Colombia,Year,2023,FALSE,146665,146 665 [112 000-184 000],EN,2025-12-18T23:00:00.000Z
MALARIA_EST_CASES,Estimated number of malaria cases,text,SEAR,South-East Asia,Country,NPL,Nepal,Year,2023,FALSE,15,15,EN,2025-12-18T23:00:00.000Z
MALARIA_EST_CASES,Estimated number of malaria cases,text,WPR,Western Pacific,Country,PHL,Philippines,Year,2023,FALSE,15505,15 505 [11 000-21 000],EN,2025-12-18T23:00:00.000Z
MALARIA_EST_CASES,Estimated number of malaria cases,text,AMR,Americas,Country,BRA,Brazil,Year,2023,FALSE,163461,163 461 [146 000-177 000],EN,2025-12-18T23:00:00.000Z
MALARIA_EST_CASES,Estimated number of malaria cases,text,AMR,Americas,Country,GUF,French Guiana,Year,2023,FALSE,189,189,EN,2025-12-18T23:00:00.000Z
MALARIA_EST_CASES,Estimated number of malaria cases,text,AFR,Africa,Country,NAM,Namibia,Year,2023,FALSE,19376,19 376 [15 000-24 000],EN,2025-12-18T23:00:00.000Z
MALARIA_EST_CASES,Estimated number of malaria cases,text,WPR,Western Pacific,Country,SLB,Solomon Islands,Year,2023,FALSE,190734,190 734 [166 000-225 000],EN,2025-12-18T23:00:00.000Z
MALARIA_EST_CASES,Estimated number of malaria cases,text,AFR,Africa,Country,SLE,Sierra Leone,Year,2023,FALSE,2403478,2 403 478 [1 343 000-4 010 000],EN,2025-12-18T23:00:00.000Z
MALARIA_EST_CASES,Estimated number of malaria cases,text,AFR,Africa,Country,TGO,Togo,Year,2023,FALSE,2463762,2 463 762 [1 791 000-3 292 000],EN,2025-12-18T23:00:00.000Z
MALARIA_EST_CASES,Estimated number of malaria cases,text,SEAR,South-East Asia,Country,BGD,Bangladesh,Year,2023,FALSE,20376,20 376 [17 000-24 000],EN,2025-12-18T23:00:00.000Z
MALARIA_EST_CASES,Estimated number of malaria cases,text,AFR,Africa,Country,COM,Comoros,Year,2023,FALSE,21049,21 049,EN,2025-12-18T23:00:00.000Z
MALARIA_EST_CASES,Estimated number of malaria cases,text,AFR,Africa,Country,GNB,Guinea-Bissau,Year,2023,FALSE,210626,210 626 [60 000-561 000],EN,2025-12-18T23:00:00.000Z
MALARIA_EST_CASES,Estimated number of malaria cases,text,AFR,Africa,Country,MRT,Mauritania,Year,2023,FALSE,215283,215 283 [93 000-405 000],EN,2025-12-18T23:00:00.000Z
MALARIA_EST_CASES,Estimated number of malaria cases,text,AFR,Africa,Country,ERI,Eritrea,Year,2023,FALSE,219981,219 981 [141 000-306 000],EN,2025-12-18T23:00:00.000Z
MALARIA_EST_CASES,Estimated number of malaria cases,text,AMR,Americas,Country,HTI,Haiti,Year,2023,FALSE,23824,23 824 [16 000-32 000],EN,2025-12-18T23:00:00.000Z
MALARIA_EST_CASES,Estimated number of malaria cases,text,AFR,Africa,Country,STP,Sao Tome and Principe,Year,2023,FALSE,2348,2348,EN,2025-12-18T23:00:00.000Z
MALARIA_EST_CASES,Estimated number of malaria cases,text,AFR,Africa,Country,GMB,Gambia,Year,2023,FALSE,236079,236 079 [184 000-294 000],EN,2025-12-18T23:00:00.000Z
MALARIA_EST_CASES,Estimated number of malaria cases,text,EMR,Eastern Mediterranean,Country,IRN,Iran (Islamic Republic of),Year,2023,FALSE,2528,2528,EN,2025-12-18T23:00:00.000Z
MALARIA_EST_CASES,Estimated number of malaria cases,text,AMR,Americas,Country,DOM,Dominican Republic,Year,2023,FALSE,253,253,EN,2025-12-18T23:00:00.000Z
MALARIA_EST_CASES,Estimated number of malaria cases,text,AMR,Americas,Country,HND,Honduras,Year,2023,FALSE,2589,2589,EN,2025-12-18T23:00:00.000Z
MALARIA_EST_CASES,Estimated number of malaria cases,text,AMR,Americas,Country,PER,Peru,Year,2023,FALSE,29089,29 089 [24 000-35 000],EN,2025-12-18T23:00:00.000Z
MALARIA_EST_CASES,Estimated number of malaria cases,text,AFR,Africa,Country,SSD,South Sudan,Year,2023,FALSE,3042333,3 042 333 [1 920 000-4 537 000],EN,2025-12-18T23:00:00.000Z
MALARIA_EST_CASES,Estimated number of malaria cases,text,AFR,Africa,Country,TCD,Chad,Year,2023,FALSE,3919362,3 919 362 [2 332 000-6 177 000],EN,2025-12-18T23:00:00.000Z
MALARIA_EST_CASES,Estimated number of malaria cases,text,AMR,Americas,Country,GTM,Guatemala,Year,2023,FALSE,3046,3046,EN,2025-12-18T23:00:00.000Z
MALARIA_EST_CASES,Estimated number of malaria cases,text,SEAR,South-East Asia,Country,PRK,Democratic People's Republic of Korea,Year,2023,FALSE,3160,3160,EN,2025-12-18T23:00:00.000Z
MALARIA_EST_CASES,Estimated number of malaria cases,text,AFR,Africa,Country,COD,Democratic Republic of the Congo,Year,2023,FALSE,34412847,34 412 847 [26 070 000-44 480 000],EN,2025-12-18T23:00:00.000Z
MALARIA_EST_CASES,Estimated number of malaria cases,text,AMR,Americas,Country,GUY,Guyana,Year,2023,FALSE,35255,35 255 [30 000-41 000],EN,2025-12-18T23:00:00.000Z
MALARIA_EST_CASES,Estimated number of malaria cases,text,WPR,Western Pacific,Country,VNM,Viet Nam,Year,2023,FALSE,373,373,EN,2025-12-18T23:00:00.000Z
MALARIA_EST_CASES,Estimated number of malaria cases,text,EMR,Eastern Mediterranean,Country,DJI,Djibouti,Year,2023,FALSE,38944,38 944,EN,2025-12-18T23:00:00.000Z
MALARIA_EST_CASES,Estimated number of malaria cases,text,AFR,Africa,Country,KEN,Kenya,Year,2023,FALSE,4082575,4 082 575 [2 065 000-7 352 000],EN,2025-12-18T23:00:00.000Z
MALARIA_EST_CASES,Estimated number of malaria cases,text,AFR,Africa,Country,GIN,Guinea,Year,2023,FALSE,4112792,4 112 792 [2 882 000-5 647 000],EN,2025-12-18T23:00:00.000Z
MALARIA_EST_CASES,Estimated number of malaria cases,text,EMR,Eastern Mediterranean,Country,PAK,Pakistan,Year,2023,FALSE,4284621,4 284 621 [3 391 000-5 719 000],EN,2025-12-18T23:00:00.000Z
MALARIA_EST_CASES,Estimated number of malaria cases,text,AFR,Africa,Country,BDI,Burundi,Year,2023,FALSE,4425102,4 425 102 [2 836 000-6 678 000],EN,2025-12-18T23:00:00.000Z
MALARIA_EST_CASES,Estimated number of malaria cases,text,EMR,Eastern Mediterranean,Country,SDN,Sudan,Year,2023,FALSE,4882840,4 882 840 [2 872 000-7 807 000],EN,2025-12-18T23:00:00.000Z
MALARIA_EST_CASES,Estimated number of malaria cases,text,EMR,Eastern Mediterranean,Country,AFG,Afghanistan,Year,2023,FALSE,424307,424 307 [326 000-539 000],EN,2025-12-18T23:00:00.000Z
MALARIA_EST_CASES,Estimated number of malaria cases,text,AFR,Africa,Country,GNQ,Equatorial Guinea,Year,2023,FALSE,424586,424 586 [273 000-629 000],EN,2025-12-18T23:00:00.000Z
MALARIA_EST_CASES,Estimated number of malaria cases,text,AMR,Americas,Country,MEX,Mexico,Year,2023,FALSE,44,44,EN,2025-12-18T23:00:00.000Z
MALARIA_EST_CASES,Estimated number of malaria cases,text,AFR,Africa,Country,GAB,Gabon,Year,2023,FALSE,475347,475 347 [299 000-715 000],EN,2025-12-18T23:00:00.000Z
MALARIA_EST_CASES,Estimated number of malaria cases,text,AFR,Africa,Country,BEN,Benin,Year,2023,FALSE,5097786,5 097 786 [3 435 000-7 287 000],EN,2025-12-18T23:00:00.000Z
MALARIA_EST_CASES,Estimated number of malaria cases,text,AFR,Africa,Country,ZMB,Zambia,Year,2023,FALSE,5224073,5 224 073 [4 214 000-6 398 000],EN,2025-12-18T23:00:00.000Z
MALARIA_EST_CASES,Estimated number of malaria cases,text,WPR,Western Pacific,Country,IDN,Indonesia,Year,2023,FALSE,510209,510 209 [476 000-553 000],EN,2025-12-18T23:00:00.000Z
MALARIA_EST_CASES,Estimated number of malaria cases,text,AFR,Africa,Country,ZAF,South Africa,Year,2023,FALSE,5291,5291,EN,2025-12-18T23:00:00.000Z
MALARIA_EST_CASES,Estimated number of malaria cases,text,AMR,Americas,Country,CRI,Costa Rica,Year,2023,FALSE,543,543,EN,2025-12-18T23:00:00.000Z
MALARIA_EST_CASES,Estimated number of malaria cases,text,WPR,Western Pacific,Country,VUT,Vanuatu,Year,2023,FALSE,5748,5748 [3400-9100],EN,2025-12-18T23:00:00.000Z
MALARIA_EST_CASES,Estimated number of malaria cases,text,AFR,Africa,Country,SWZ,Eswatini,Year,2023,FALSE,597,597,EN,2025-12-18T23:00:00.000Z
MALARIA_EST_CASES,Estimated number of malaria cases,text,AFR,Africa,Country,MWI,Malawi,Year,2023,FALSE,6141690,6 141 690 [4 196 000-8 638 000],EN,2025-12-18T23:00:00.000Z
MALARIA_EST_CASES,Estimated number of malaria cases,text,AFR,Africa,Country,MDG,Madagascar,Year,2023,FALSE,6239945,6 239 945 [3 991 000-8 713 000],EN,2025-12-18T23:00:00.000Z
MALARIA_EST_CASES,Estimated number of malaria cases,text,AFR,Africa,Country,GHA,Ghana,Year,2023,FALSE,6585886,6 585 886 [4 871 000-8 693 000],EN,2025-12-18T23:00:00.000Z
MALARIA_EST_CASES,Estimated number of malaria cases,text,AMR,Americas,Country,ECU,Ecuador,Year,2023,FALSE,604,604,EN,2025-12-18T23:00:00.000Z
MALARIA_EST_CASES,Estimated number of malaria cases,text,AFR,Africa,Country,SEN,Senegal,Year,2023,FALSE,627067,627 067 [444 000-891 000],EN,2025-12-18T23:00:00.000Z
MALARIA_EST_CASES,Estimated number of malaria cases,text,AFR,Africa,Country,ZWE,Zimbabwe,Year,2023,FALSE,635589,635 589 [380 000-909 000],EN,2025-12-18T23:00:00.000Z
MALARIA_EST_CASES,Estimated number of malaria cases,text,WPR,Western Pacific,Country,KOR,Republic of Korea,Year,2023,FALSE,662,662,EN,2025-12-18T23:00:00.000Z
MALARIA_EST_CASES,Estimated number of malaria cases,text,AFR,Africa,Country,NGA,Nigeria,Year,2023,FALSE,68136453,68 136 453 [49 140 000-92 560 000],EN,2025-12-18T23:00:00.000Z
MALARIA_EST_CASES,Estimated number of malaria cases,text,AFR,Africa,Country,CMR,Cameroon,Year,2023,FALSE,7350770,7 350 770 [5 639 000-9 446 000],EN,2025-12-18T23:00:00.000Z
MALARIA_EST_CASES,Estimated number of malaria cases,text,AFR,Africa,Country,NER,Niger,Year,2023,FALSE,7982516,7 982 516 [4 603 000-12 960 000],EN,2025-12-18T23:00:00.000Z
MALARIA_EST_CASES,Estimated number of malaria cases,text,AFR,Africa,Country,RWA,Rwanda,Year,2023,FALSE,748570,748 570 [583 000-921 000],EN,2025-12-18T23:00:00.000Z
MALARIA_EST_CASES,Estimated number of malaria cases,text,AFR,Africa,Country,BWA,Botswana,Year,2023,FALSE,775,775 [590-1100],EN,2025-12-18T23:00:00.000Z
MALARIA_EST_CASES,Estimated number of malaria cases,text,AFR,Africa,Country,BFA,Burkina Faso,Year,2023,FALSE,8139355,8 139 355 [5 382 000-11 700 000],EN,2025-12-18T23:00:00.000Z
MALARIA_EST_CASES,Estimated number of malaria cases,text,AFR,Africa,Country,MLI,Mali,Year,2023,FALSE,8229337,8 229 337 [5 808 000-11 700 000],EN,2025-12-18T23:00:00.000Z
MALARIA_EST_CASES,Estimated number of malaria cases,text,AFR,Africa,Country,CIV,Cote d'Ivoire,Year,2023,FALSE,8391487,8 391 487 [5 790 000-11 770 000],EN,2025-12-18T23:00:00.000Z
MALARIA_EST_CASES,Estimated number of malaria cases,text,SEAR,South-East Asia,Country,MMR,Myanmar,Year,2023,FALSE,847232,847 232 [510 000-3 702 000],EN,2025-12-18T23:00:00.000Z
MALARIA_EST_CASES,Estimated number of malaria cases,text,AMR,Americas,Country,NIC,Nicaragua,Year,2023,FALSE,8505,8505 [7100-10 000],EN,2025-12-18T23:00:00.000Z
MALARIA_EST_CASES,Estimated number of malaria cases,text,AFR,Africa,Country,TZA,United Republic of Tanzania,Year,2023,FALSE,9223258,9 223 258 [6 723 000-12 410 000],EN,2025-12-18T23:00:00.000Z
MALARIA_EST_CASES,Estimated number of malaria cases,text,AFR,Africa,Country,AGO,Angola,Year,2023,FALSE,9388568,9 388 568 [5 790 000-14 530 000],EN,2025-12-18T23:00:00.000Z
MALARIA_EST_CASES,Estimated number of malaria cases,text,AFR,Africa,Country,ETH,Ethiopia,Year,2023,FALSE,9559569,9 559 569 [5 281 000-14 360 000],EN,2025-12-18T23:00:00.000Z
MALARIA_EST_CASES,Estimated number of malaria cases,text,SEAR,South-East Asia,Country,THA,Thailand,Year,2023,FALSE,9169,9169,EN,2025-12-18T23:00:00.000Z
MALARIA_EST_CASES,Estimated number of malaria cases,text,AMR,Americas,Country,PAN,Panama,Year,2023,FALSE,9485,9485,EN,2025-12-18T23:00:00.000Z
MALARIA_EST_CASES,Estimated number of malaria cases,text,AFR,Africa,Country,LBR,Liberia,Year,2023,FALSE,985017,985 017 [674 000-1 390 000],EN,2025-12-18T23:00:00.000Z
MALARIA_EST_CASES,Estimated number of malaria cases,text,EMR,Eastern Mediterranean,Country,YEM,Yemen,Year,2023,FALSE,985137,985 137 [611 000-1 520 000],EN,2025-12-18T23:00:00.000Z
MALARIA_EST_CASES,Estimated number of malaria cases,text,EMR,Eastern Mediterranean,Country,SOM,Somalia,Year,2023,FALSE,998249,998 249 [551 000-1 685 000],EN,2025-12-18T23:00:00.000Z
MALARIA_EST_CASES,Estimated number of malaria cases,text,AFR,Africa,Country,DZA,Algeria,Year,2022,FALSE,0,0,EN,2025-12-18T23:00:00.000Z
MALARIA_EST_CASES,Estimated number of malaria cases,text,AMR,Americas,Country,ARG,Argentina,Year,2022,FALSE,0,0,EN,2025-12-18T23:00:00.000Z
MALARIA_EST_CASES,Estimated number of malaria cases,text,EUR,Europe,Country,ARM,Armenia,Year,2022,FALSE,0,0,EN,2025-12-18T23:00:00.000Z
MALARIA_EST_CASES,Estimated number of malaria cases,text,EUR,Europe,Country,AZE,Azerbaijan,Year,2022,FALSE,0,0,EN,2025-12-18T23:00:00.000Z
MALARIA_EST_CASES,Estimated number of malaria cases,text,AMR,Americas,Country,BLZ,Belize,Year,2022,FALSE,0,0,EN,2025-12-18T23:00:00.000Z
MALARIA_EST_CASES,Estimated number of malaria cases,text,SEAR,South-East Asia,Country,BTN,Bhutan,Year,2022,FALSE,0,0,EN,2025-12-18T23:00:00.000Z
MALARIA_EST_CASES,Estimated number of malaria cases,text,AFR,Africa,Country,CPV,Cabo Verde,Year,2022,FALSE,0,0,EN,2025-12-18T23:00:00.000Z
MALARIA_EST_CASES,Estimated number of malaria cases,text,WPR,Western Pacific,Country,CHN,China,Year,2022,FALSE,0,0,EN,2025-12-18T23:00:00.000Z
MALARIA_EST_CASES,Estimated number of malaria cases,text,EMR,Eastern Mediterranean,Country,EGY,Egypt,Year,2022,FALSE,0,0,EN,2025-12-18T23:00:00.000Z
MALARIA_EST_CASES,Estimated number of malaria cases,text,AMR,Americas,Country,SLV,El Salvador,Year,2022,FALSE,0,0,EN,2025-12-18T23:00:00.000Z
MALARIA_EST_CASES,Estimated number of malaria cases,text,EUR,Europe,Country,GEO,Georgia,Year,2022,FALSE,0,0,EN,2025-12-18T23:00:00.000Z
MALARIA_EST_CASES,Estimated number of malaria cases,text,EMR,Eastern Mediterranean,Country,IRQ,Iraq,Year,2022,FALSE,0,0,EN,2025-12-18T23:00:00.000Z
MALARIA_EST_CASES,Estimated number of malaria cases,text,EUR,Europe,Country,KAZ,Kazakhstan,Year,2022,FALSE,0,0,EN,2025-12-18T23:00:00.000Z
MALARIA_EST_CASES,Estimated number of malaria cases,text,EUR,Europe,Country,KGZ,Kyrgyzstan,Year,2022,FALSE,0,0,EN,2025-12-18T23:00:00.000Z
MALARIA_EST_CASES,Estimated number of malaria cases,text,WPR,Western Pacific,Country,MYS,Malaysia,Year,2022,FALSE,0,0,EN,2025-12-18T23:00:00.000Z
MALARIA_EST_CASES,Estimated number of malaria cases,text,EMR,Eastern Mediterranean,Country,MAR,Morocco,Year,2022,FALSE,0,0,EN,2025-12-18T23:00:00.000Z
MALARIA_EST_CASES,Estimated number of malaria cases,text,EMR,Eastern Mediterranean,Country,OMN,Oman,Year,2022,FALSE,0,0,EN,2025-12-18T23:00:00.000Z
MALARIA_EST_CASES,Estimated number of malaria cases,text,AMR,Americas,Country,PRY,Paraguay,Year,2022,FALSE,0,0,EN,2025-12-18T23:00:00.000Z
MALARIA_EST_CASES,Estimated number of malaria cases,text,EMR,Eastern Mediterranean,Country,SAU,Saudi Arabia,Year,2022,FALSE,0,0,EN,2025-12-18T23:00:00.000Z
MALARIA_EST_CASES,Estimated number of malaria cases,text,SEAR,South-East Asia,Country,LKA,Sri Lanka,Year,2022,FALSE,0,0,EN,2025-12-18T23:00:00.000Z
MALARIA_EST_CASES,Estimated number of malaria cases,text,AMR,Americas,Country,SUR,Suriname,Year,2022,FALSE,0,0,EN,2025-12-18T23:00:00.000Z
MALARIA_EST_CASES,Estimated number of malaria cases,text,EMR,Eastern Mediterranean,Country,SYR,Syrian Arab Republic,Year,2022,FALSE,0,0,EN,2025-12-18T23:00:00.000Z
MALARIA_EST_CASES,Estimated number of malaria cases,text,EUR,Europe,Country,TUR,Türkiye,Year,2022,FALSE,0,0,EN,2025-12-18T23:00:00.000Z
MALARIA_EST_CASES,Estimated number of malaria cases,text,EUR,Europe,Country,TJK,Tajikistan,Year,2022,FALSE,0,0,EN,2025-12-18T23:00:00.000Z
MALARIA_EST_CASES,Estimated number of malaria cases,text,SEAR,South-East Asia,Country,TLS,Timor-Leste,Year,2022,FALSE,0,0,EN,2025-12-18T23:00:00.000Z
MALARIA_EST_CASES,Estimated number of malaria cases,text,EUR,Europe,Country,TKM,Turkmenistan,Year,2022,FALSE,0,0,EN,2025-12-18T23:00:00.000Z
MALARIA_EST_CASES,Estimated number of malaria cases,text,EMR,Eastern Mediterranean,Country,ARE,United Arab Emirates,Year,2022,FALSE,0,0,EN,2025-12-18T23:00:00.000Z
MALARIA_EST_CASES,Estimated number of malaria cases,text,EUR,Europe,Country,UZB,Uzbekistan,Year,2022,FALSE,0,0,EN,2025-12-18T23:00:00.000Z
MALARIA_EST_CASES,Estimated number of malaria cases,text,AFR,Africa,Country,MYT,Mayotte,Year,2022,FALSE,0,0 [0-0],EN,2025-12-18T23:00:00.000Z
MALARIA_EST_CASES,Estimated number of malaria cases,text,AFR,Africa,Country,RWA,Rwanda,Year,2022,FALSE,1168150,1 168 150 [908 000-1 441 000],EN,2025-12-18T23:00:00.000Z
MALARIA_EST_CASES,Estimated number of malaria cases,text,AFR,Africa,Country,COG,Congo,Year,2022,FALSE,1330862,1 330 862 [771 000-2 191 000],EN,2025-12-18T23:00:00.000Z
MALARIA_EST_CASES,Estimated number of malaria cases,text,WPR,Western Pacific,Country,PNG,Papua New Guinea,Year,2022,FALSE,1660032,1 660 032 [1 149 000-2 202 000],EN,2025-12-18T23:00:00.000Z
MALARIA_EST_CASES,Estimated number of malaria cases,text,AFR,Africa,Country,CAF,Central African Republic,Year,2022,FALSE,1807257,1 807 257 [865 000-3 374 000],EN,2025-12-18T23:00:00.000Z
MALARIA_EST_CASES,Estimated number of malaria cases,text,SEAR,South-East Asia,Country,IND,India,Year,2022,FALSE,1861830,1 861 830 [1 494 000-2 283 000],EN,2025-12-18T23:00:00.000Z
MALARIA_EST_CASES,Estimated number of malaria cases,text,AMR,Americas,Country,COL,Colombia,Year,2022,FALSE,101685,101 685 [77 000-127 000],EN,2025-12-18T23:00:00.000Z
MALARIA_EST_CASES,Estimated number of malaria cases,text,AFR,Africa,Country,UGA,Uganda,Year,2022,FALSE,12612787,12 612 787 [7 571 000-19 770 000],EN,2025-12-18T23:00:00.000Z
MALARIA_EST_CASES,Estimated number of malaria cases,text,AMR,Americas,Country,BOL,Bolivia (Plurinational State of),Year,2022,FALSE,13987,13 987 [11 000-17 000],EN,2025-12-18T23:00:00.000Z
MALARIA_EST_CASES,Estimated number of malaria cases,text,AMR,Americas,Country,ECU,Ecuador,Year,2022,FALSE,1348,1348,EN,2025-12-18T23:00:00.000Z
MALARIA_EST_CASES,Estimated number of malaria cases,text,AMR,Americas,Country,BRA,Brazil,Year,2022,FALSE,137150,137 150 [132 000-146 000],EN,2025-12-18T23:00:00.000Z
MALARIA_EST_CASES,Estimated number of malaria cases,text,AFR,Africa,Country,ERI,Eritrea,Year,2022,FALSE,139422,139 422 [90 000-194 000],EN,2025-12-18T23:00:00.000Z
MALARIA_EST_CASES,Estimated number of malaria cases,text,EMR,Eastern Mediterranean,Country,IRN,Iran (Islamic Republic of),Year,2022,FALSE,1439,1439,EN,2025-12-18T23:00:00.000Z
MALARIA_EST_CASES,Estimated number of malaria cases,text,AMR,Americas,Country,VEN,Venezuela (Bolivarian Republic of),Year,2022,FALSE,154089,154 089 [137 000-178 000],EN,2025-12-18T23:00:00.000Z
MALARIA_EST_CASES,Estimated number of malaria cases,text,AFR,Africa,Country,NAM,Namibia,Year,2022,FALSE,16923,16 923 [13 000-21 000],EN,2025-12-18T23:00:00.000Z
MALARIA_EST_CASES,Estimated number of malaria cases,text,AMR,Americas,Country,MEX,Mexico,Year,2022,FALSE,160,160,EN,2025-12-18T23:00:00.000Z
MALARIA_EST_CASES,Estimated number of malaria cases,text,WPR,Western Pacific,Country,SLB,Solomon Islands,Year,2022,FALSE,163117,163 117 [138 000-195 000],EN,2025-12-18T23:00:00.000Z
MALARIA_EST_CASES,Estimated number of malaria cases,text,AMR,Americas,Country,GTM,Guatemala,Year,2022,FALSE,1856,1856,EN,2025-12-18T23:00:00.000Z
MALARIA_EST_CASES,Estimated number of malaria cases,text,AFR,Africa,Country,SLE,Sierra Leone,Year,2022,FALSE,2468061,2 468 061 [1 423 000-3 987 000],EN,2025-12-18T23:00:00.000Z
MALARIA_EST_CASES,Estimated number of malaria cases,text,AFR,Africa,Country,TGO,Togo,Year,2022,FALSE,2532312,2 532 312 [1 833 000-3 376 000],EN,2025-12-18T23:00:00.000Z
MALARIA_EST_CASES,Estimated number of malaria cases,text,EMR,Eastern Mediterranean,Country,PAK,Pakistan,Year,2022,FALSE,2655514,2 655 514 [2 093 000-3 569 000],EN,2025-12-18T23:00:00.000Z
MALARIA_EST_CASES,Estimated number of malaria cases,text,AMR,Americas,Country,NIC,Nicaragua,Year,2022,FALSE,20400,20 400 [17 000-24 000],EN,2025-12-18T23:00:00.000Z
MALARIA_EST_CASES,Estimated number of malaria cases,text,AFR,Africa,Country,COM,Comoros,Year,2022,FALSE,20675,20 675,EN,2025-12-18T23:00:00.000Z
MALARIA_EST_CASES,Estimated number of malaria cases,text,AFR,Africa,Country,ZAF,South Africa,Year,2022,FALSE,2043,2043,EN,2025-12-18T23:00:00.000Z
MALARIA_EST_CASES,Estimated number of malaria cases,text,AFR,Africa,Country,GNB,Guinea-Bissau,Year,2022,FALSE,205524,205 524 [64 000-488 000],EN,2025-12-18T23:00:00.000Z
MALARIA_EST_CASES,Estimated number of malaria cases,text,AMR,Americas,Country,GUF,French Guiana,Year,2022,FALSE,21,21,EN,2025-12-18T23:00:00.000Z
MALARIA_EST_CASES,Estimated number of malaria cases,text,SEAR,South-East Asia,Country,PRK,Democratic People's Republic of Korea,Year,2022,FALSE,2136,2136,EN,2025-12-18T23:00:00.000Z
MALARIA_EST_CASES,Estimated number of malaria cases,text,AFR,Africa,Country,SWZ,Eswatini,Year,2022,FALSE,214,214,EN,2025-12-18T23:00:00.000Z
MALARIA_EST_CASES,Estimated number of malaria cases,text,SEAR,South-East Asia,Country,BGD,Bangladesh,Year,2022,FALSE,22451,22 451 [19 000-26 000],EN,2025-12-18T23:00:00.000Z
MALARIA_EST_CASES,Estimated number of malaria cases,text,AFR,Africa,Country,GMB,Gambia,Year,2022,FALSE,251831,251 831 [196 000-314 000],EN,2025-12-18T23:00:00.000Z
MALARIA_EST_CASES,Estimated number of malaria cases,text,AMR,Americas,Country,HTI,Haiti,Year,2022,FALSE,26231,26 231 [17 000-36 000],EN,2025-12-18T23:00:00.000Z
MALARIA_EST_CASES,Estimated number of malaria cases,text,AMR,Americas,Country,GUY,Guyana,Year,2022,FALSE,26478,26 478 [22 000-31 000],EN,2025-12-18T23:00:00.000Z
MALARIA_EST_CASES,Estimated number of malaria cases,text,WPR,Western Pacific,Country,VUT,Vanuatu,Year,2022,FALSE,2700,2700 [1700-4200],EN,2025-12-18T23:00:00.000Z
MALARIA_EST_CASES,Estimated number of malaria cases,text,AFR,Africa,Country,MRT,Mauritania,Year,2022,FALSE,280579,280 579 [124 000-526 000],EN,2025-12-18T23:00:00.000Z
MALARIA_EST_CASES,Estimated number of malaria cases,text,EMR,Eastern Mediterranean,Country,AFG,Afghanistan,Year,2022,FALSE,287835,287 835 [222 000-366 000],EN,2025-12-18T23:00:00.000Z
MALARIA_EST_CASES,Estimated number of malaria cases,text,AFR,Africa,Country,SSD,South Sudan,Year,2022,FALSE,3028440,3 028 440 [1 953 000-4 504 000],EN,2025-12-18T23:00:00.000Z
MALARIA_EST_CASES,Estimated number of malaria cases,text,EMR,Eastern Mediterranean,Country,SDN,Sudan,Year,2022,FALSE,3556777,3 556 777 [2 037 000-5 799 000],EN,2025-12-18T23:00:00.000Z
MALARIA_EST_CASES,Estimated number of malaria cases,text,AFR,Africa,Country,MDG,Madagascar,Year,2022,FALSE,3563507,3 563 507 [2 279 000-4 946 000],EN,2025-12-18T23:00:00.000Z
MALARIA_EST_CASES,Estimated number of malaria cases,text,AFR,Africa,Country,TCD,Chad,Year,2022,FALSE,3816638,3 816 638 [2 263 000-6 029 000],EN,2025-12-18T23:00:00.000Z
MALARIA_EST_CASES,Estimated number of malaria cases,text,AMR,Americas,Country,DOM,Dominican Republic,Year,2022,FALSE,320,320,EN,2025-12-18T23:00:00.000Z
MALARIA_EST_CASES,Estimated number of malaria cases,text,AFR,Africa,Country,COD,Democratic Republic of the Congo,Year,2022,FALSE,33580334,33 580 334 [25 340 000-43 240 000],EN,2025-12-18T23:00:00.000Z
MALARIA_EST_CASES,Estimated number of malaria cases,text,AMR,Americas,Country,PER,Peru,Year,2022,FALSE,35740,35 740 [29 000-42 000],EN,2025-12-18T23:00:00.000Z
MALARIA_EST_CASES,Estimated number of malaria cases,text,AMR,Americas,Country,HND,Honduras,Year,2022,FALSE,3534,3534,EN,2025-12-18T23:00:00.000Z
MALARIA_EST_CASES,Estimated number of malaria cases,text,SEAR,South-East Asia,Country,NPL,Nepal,Year,2022,FALSE,36,36,EN,2025-12-18T23:00:00.000Z
MALARIA_EST_CASES,Estimated number of malaria cases,text,AFR,Africa,Country,ZWE,Zimbabwe,Year,2022,FALSE,365695,365 695 [220 000-523 000],EN,2025-12-18T23:00:00.000Z
MALARIA_EST_CASES,Estimated number of malaria cases,text,WPR,Western Pacific,Country,LAO,Lao People's Democratic Republic,Year,2022,FALSE,3713,3713 [2700-4900],EN,2025-12-18T23:00:00.000Z
MALARIA_EST_CASES,Estimated number of malaria cases,text,WPR,Western Pacific,Country,KOR,Republic of Korea,Year,2022,FALSE,382,382,EN,2025-12-18T23:00:00.000Z
MALARIA_EST_CASES,Estimated number of malaria cases,text,AFR,Africa,Country,STP,Sao Tome and Principe,Year,2022,FALSE,3970,3970,EN,2025-12-18T23:00:00.000Z
MALARIA_EST_CASES,Estimated number of malaria cases,text,AFR,Africa,Country,GIN,Guinea,Year,2022,FALSE,4015495,4 015 495 [3 011 000-5 258 000],EN,2025-12-18T23:00:00.000Z
MALARIA_EST_CASES,Estimated number of malaria cases,text,AFR,Africa,Country,KEN,Kenya,Year,2022,FALSE,4453797,4 453 797 [2 410 000-7 599 000],EN,2025-12-18T23:00:00.000Z
MALARIA_EST_CASES,Estimated number of malaria cases,text,AFR,Africa,Country,BDI,Burundi,Year,2022,FALSE,4559934,4 559 934 [2 993 000-6 652 000],EN,2025-12-18T23:00:00.000Z
MALARIA_EST_CASES,Estimated number of malaria cases,text,AFR,Africa,Country,ZMB,Zambia,Year,2022,FALSE,4959659,4 959 659 [4 015 000-6 061 000],EN,2025-12-18T23:00:00.000Z
MALARIA_EST_CASES,Estimated number of malaria cases,text,EMR,Eastern Mediterranean,Country,DJI,Djibouti,Year,2022,FALSE,40648,40 648,EN,2025-12-18T23:00:00.000Z
MALARIA_EST_CASES,Estimated number of malaria cases,text,WPR,Western Pacific,Country,KHM,Cambodia,Year,2022,FALSE,4047,4047,EN,2025-12-18T23:00:00.000Z
MALARIA_EST_CASES,Estimated number of malaria cases,text,AMR,Americas,Country,CRI,Costa Rica,Year,2022,FALSE,406,406,EN,2025-12-18T23:00:00.000Z
MALARIA_EST_CASES,Estimated number of malaria cases,text,WPR,Western Pacific,Country,VNM,Viet Nam,Year,2022,FALSE,412,412,EN,2025-12-18T23:00:00.000Z
MALARIA_EST_CASES,Estimated number of malaria cases,text,AFR,Africa,Country,GNQ,Equatorial Guinea,Year,2022,FALSE,428458,428 458 [279 000-623 000],EN,2025-12-18T23:00:00.000Z
MALARIA_EST_CASES,Estimated number of malaria cases,text,AFR,Africa,Country,GAB,Gabon,Year,2022,FALSE,458643,458 643 [311 000-654 000],EN,2025-12-18T23:00:00.000Z
MALARIA_EST_CASES,Estimated number of malaria cases,text,AMR,Americas,Country,PAN,Panama,Year,2022,FALSE,4746,4746,EN,2025-12-18T23:00:00.000Z
MALARIA_EST_CASES,Estimated number of malaria cases,text,AFR,Africa,Country,ETH,Ethiopia,Year,2022,FALSE,5106067,5 106 067 [2 833 000-7 622 000],EN,2025-12-18T23:00:00.000Z
MALARIA_EST_CASES,Estimated number of malaria cases,text,AFR,Africa,Country,BEN,Benin,Year,2022,FALSE,5181843,5 181 843 [3 663 000-7 173 000],EN,2025-12-18T23:00:00.000Z
MALARIA_EST_CASES,Estimated number of malaria cases,text,AFR,Africa,Country,MWI,Malawi,Year,2022,FALSE,5872451,5 872 451 [4 121 000-8 127 000],EN,2025-12-18T23:00:00.000Z
MALARIA_EST_CASES,Estimated number of malaria cases,text,AFR,Africa,Country,BWA,Botswana,Year,2022,FALSE,549,549 [420-780],EN,2025-12-18T23:00:00.000Z
MALARIA_EST_CASES,Estimated number of malaria cases,text,WPR,Western Pacific,Country,IDN,Indonesia,Year,2022,FALSE,555037,555 037 [518 000-603 000],EN,2025-12-18T23:00:00.000Z
MALARIA_EST_CASES,Estimated number of malaria cases,text,SEAR,South-East Asia,Country,MMR,Myanmar,Year,2022,FALSE,585710,585 710 [352 000-2 509 000],EN,2025-12-18T23:00:00.000Z
MALARIA_EST_CASES,Estimated number of malaria cases,text,AFR,Africa,Country,GHA,Ghana,Year,2022,FALSE,6987387,6 987 387 [5 255 000-9 127 000],EN,2025-12-18T23:00:00.000Z
MALARIA_EST_CASES,Estimated number of malaria cases,text,SEAR,South-East Asia,Country,THA,Thailand,Year,2022,FALSE,6262,6262,EN,2025-12-18T23:00:00.000Z
MALARIA_EST_CASES,Estimated number of malaria cases,text,AFR,Africa,Country,NGA,Nigeria,Year,2022,FALSE,66721582,66 721 582 [48 080 000-89 900 000],EN,2025-12-18T23:00:00.000Z
MALARIA_EST_CASES,Estimated number of malaria cases,text,AFR,Africa,Country,SEN,Senegal,Year,2022,FALSE,672507,672 507 [531 000-826 000],EN,2025-12-18T23:00:00.000Z
MALARIA_EST_CASES,Estimated number of malaria cases,text,AFR,Africa,Country,CMR,Cameroon,Year,2022,FALSE,7323632,7 323 632 [5 654 000-9 311 000],EN,2025-12-18T23:00:00.000Z
MALARIA_EST_CASES,Estimated number of malaria cases,text,AFR,Africa,Country,NER,Niger,Year,2022,FALSE,7723787,7 723 787 [4 490 000-12 400 000],EN,2025-12-18T23:00:00.000Z
MALARIA_EST_CASES,Estimated number of malaria cases,text,AFR,Africa,Country,MLI,Mali,Year,2022,FALSE,7988199,7 988 199 [5 627 000-11 360 000],EN,2025-12-18T23:00:00.000Z
MALARIA_EST_CASES,Estimated number of malaria cases,text,AFR,Africa,Country,BFA,Burkina Faso,Year,2022,FALSE,8019213,8 019 213 [5 348 000-11 590 000],EN,2025-12-18T23:00:00.000Z
MALARIA_EST_CASES,Estimated number of malaria cases,text,AFR,Africa,Country,CIV,Cote d'Ivoire,Year,2022,FALSE,8536996,8 536 996 [6 226 000-11 420 000],EN,2025-12-18T23:00:00.000Z
MALARIA_EST_CASES,Estimated number of malaria cases,text,AFR,Africa,Country,TZA,United Republic of Tanzania,Year,2022,FALSE,8567395,8 567 395 [6 322 000-11 440 000],EN,2025-12-18T23:00:00.000Z
MALARIA_EST_CASES,Estimated number of malaria cases,text,WPR,Western Pacific,Country,PHL,Philippines,Year,2022,FALSE,8160,8160 [5700-11 000],EN,2025-12-18T23:00:00.000Z
MALARIA_EST_CASES,Estimated number of malaria cases,text,AFR,Africa,Country,AGO,Angola,Year,2022,FALSE,9268350,9 268 350 [5 751 000-14 010 000],EN,2025-12-18T23:00:00.000Z
MALARIA_EST_CASES,Estimated number of malaria cases,text,AFR,Africa,Country,MOZ,Mozambique,Year,2022,FALSE,9943874,9 943 874 [7 982 000-12 240 000],EN,2025-12-18T23:00:00.000Z
MALARIA_EST_CASES,Estimated number of malaria cases,text,EMR,Eastern Mediterranean,Country,YEM,Yemen,Year,2022,FALSE,960462,960 462 [599 000-1 491 000],EN,2025-12-18T23:00:00.000Z
MALARIA_EST_CASES,Estimated number of malaria cases,text,EMR,Eastern Mediterranean,Country,SOM,Somalia,Year,2022,FALSE,973282,973 282 [551 000-1 605 000],EN,2025-12-18T23:00:00.000Z
MALARIA_EST_CASES,Estimated number of malaria cases,text,AFR,Africa,Country,LBR,Liberia,Year,2022,FALSE,976816,976 816 [702 000-1 332 000],EN,2025-12-18T23:00:00.000Z
MALARIA_EST_CASES,Estimated number of malaria cases,text,AFR,Africa,Country,DZA,Algeria,Year,2021,FALSE,0,0,EN,2025-12-18T23:00:00.000Z
MALARIA_EST_CASES,Estimated number of malaria cases,text,AMR,Americas,Country,ARG,Argentina,Year,2021,FALSE,0,0,EN,2025-12-18T23:00:00.000Z
MALARIA_EST_CASES,Estimated number of malaria cases,text,EUR,Europe,Country,ARM,Armenia,Year,2021,FALSE,0,0,EN,2025-12-18T23:00:00.000Z
MALARIA_EST_CASES,Estimated number of malaria cases,text,EUR,Europe,Country,AZE,Azerbaijan,Year,2021,FALSE,0,0,EN,2025-12-18T23:00:00.000Z
MALARIA_EST_CASES,Estimated number of malaria cases,text,AMR,Americas,Country,BLZ,Belize,Year,2021,FALSE,0,0,EN,2025-12-18T23:00:00.000Z
MALARIA_EST_CASES,Estimated number of malaria cases,text,AFR,Africa,Country,CPV,Cabo Verde,Year,2021,FALSE,0,0,EN,2025-12-18T23:00:00.000Z
MALARIA_EST_CASES,Estimated number of malaria cases,text,WPR,Western Pacific,Country,CHN,China,Year,2021,FALSE,0,0,EN,2025-12-18T23:00:00.000Z
MALARIA_EST_CASES,Estimated number of malaria cases,text,EMR,Eastern Mediterranean,Country,EGY,Egypt,Year,2021,FALSE,0,0,EN,2025-12-18T23:00:00.000Z
MALARIA_EST_CASES,Estimated number of malaria cases,text,AMR,Americas,Country,SLV,El Salvador,Year,2021,FALSE,0,0,EN,2025-12-18T23:00:00.000Z
MALARIA_EST_CASES,Estimated number of malaria cases,text,EUR,Europe,Country,GEO,Georgia,Year,2021,FALSE,0,0,EN,2025-12-18T23:00:00.000Z
MALARIA_EST_CASES,Estimated number of malaria cases,text,EMR,Eastern Mediterranean,Country,IRN,Iran (Islamic Republic of),Year,2021,FALSE,0,0,EN,2025-12-18T23:00:00.000Z
MALARIA_EST_CASES,Estimated number of malaria cases,text,EMR,Eastern Mediterranean,Country,IRQ,Iraq,Year,2021,FALSE,0,0,EN,2025-12-18T23:00:00.000Z
MALARIA_EST_CASES,Estimated number of malaria cases,text,EUR,Europe,Country,KAZ,Kazakhstan,Year,2021,FALSE,0,0,EN,2025-12-18T23:00:00.000Z
MALARIA_EST_CASES,Estimated number of malaria cases,text,EUR,Europe,Country,KGZ,Kyrgyzstan,Year,2021,FALSE,0,0,EN,2025-12-18T23:00:00.000Z
MALARIA_EST_CASES,Estimated number of malaria cases,text,WPR,Western Pacific,Country,MYS,Malaysia,Year,2021,FALSE,0,0,EN,2025-12-18T23:00:00.000Z
MALARIA_EST_CASES,Estimated number of malaria cases,text,AFR,Africa,Country,MUS,Mauritius,Year,2021,TRUE,0,0,EN,2025-12-18T23:00:00.000Z
MALARIA_EST_CASES,Estimated number of malaria cases,text,EMR,Eastern Mediterranean,Country,MAR,Morocco,Year,2021,FALSE,0,0,EN,2025-12-18T23:00:00.000Z
MALARIA_EST_CASES,Estimated number of malaria cases,text,EMR,Eastern Mediterranean,Country,OMN,Oman,Year,2021,FALSE,0,0,EN,2025-12-18T23:00:00.000Z
MALARIA_EST_CASES,Estimated number of malaria cases,text,AMR,Americas,Country,PRY,Paraguay,Year,2021,FALSE,0,0,EN,2025-12-18T23:00:00.000Z
MALARIA_EST_CASES,Estimated number of malaria cases,text,EMR,Eastern Mediterranean,Country,SAU,Saudi Arabia,Year,2021,FALSE,0,0,EN,2025-12-18T23:00:00.000Z
MALARIA_EST_CASES,Estimated number of malaria cases,text,SEAR,South-East Asia,Country,LKA,Sri Lanka,Year,2021,FALSE,0,0,EN,2025-12-18T23:00:00.000Z
MALARIA_EST_CASES,Estimated number of malaria cases,text,EMR,Eastern Mediterranean,Country,SYR,Syrian Arab Republic,Year,2021,FALSE,0,0,EN,2025-12-18T23:00:00.000Z
MALARIA_EST_CASES,Estimated number of malaria cases,text,EUR,Europe,Country,TUR,Türkiye,Year,2021,FALSE,0,0,EN,2025-12-18T23:00:00.000Z
MALARIA_EST_CASES,Estimated number of malaria cases,text,EUR,Europe,Country,TJK,Tajikistan,Year,2021,FALSE,0,0,EN,2025-12-18T23:00:00.000Z
MALARIA_EST_CASES,Estimated number of malaria cases,text,SEAR,South-East Asia,Country,TLS,Timor-Leste,Year,2021,FALSE,0,0,EN,2025-12-18T23:00:00.000Z
MALARIA_EST_CASES,Estimated number of malaria cases,text,EUR,Europe,Country,TKM,Turkmenistan,Year,2021,FALSE,0,0,EN,2025-12-18T23:00:00.000Z
MALARIA_EST_CASES,Estimated number of malaria cases,text,EMR,Eastern Mediterranean,Country,ARE,United Arab Emirates,Year,2021,FALSE,0,0,EN,2025-12-18T23:00:00.000Z
MALARIA_EST_CASES,Estimated number of malaria cases,text,EUR,Europe,Country,UZB,Uzbekistan,Year,2021,FALSE,0,0,EN,2025-12-18T23:00:00.000Z
MALARIA_EST_CASES,Estimated number of malaria cases,text,AFR,Africa,Country,MYT,Mayotte,Year,2021,FALSE,0,0 [0-0],EN,2025-12-18T23:00:00.000Z
MALARIA_EST_CASES,Estimated number of malaria cases,text,EMR,Eastern Mediterranean,Country,YEM,Yemen,Year,2021,FALSE,1057919,1 057 919 [671 000-1 606 000],EN,2025-12-18T23:00:00.000Z
MALARIA_EST_CASES,Estimated number of malaria cases,text,AFR,Africa,Country,LBR,Liberia,Year,2021,FALSE,1136357,1 136 357 [799 000-1 594 000],EN,2025-12-18T23:00:00.000Z
MALARIA_EST_CASES,Estimated number of malaria cases,text,WPR,Western Pacific,Country,PNG,Papua New Guinea,Year,2021,FALSE,1237112,1 237 112 [856 000-1 646 000],EN,2025-12-18T23:00:00.000Z
MALARIA_EST_CASES,Estimated number of malaria cases,text,AFR,Africa,Country,COG,Congo,Year,2021,FALSE,1367104,1 367 104 [799 000-2 164 000],EN,2025-12-18T23:00:00.000Z
MALARIA_EST_CASES,Estimated number of malaria cases,text,AFR,Africa,Country,RWA,Rwanda,Year,2021,FALSE,1585741,1 585 741 [1 232 000-1 956 000],EN,2025-12-18T23:00:00.000Z
MALARIA_EST_CASES,Estimated number of malaria cases,text,AFR,Africa,Country,CAF,Central African Republic,Year,2021,FALSE,1862097,1 862 097 [891 000-3 533 000],EN,2025-12-18T23:00:00.000Z
MALARIA_EST_CASES,Estimated number of malaria cases,text,AFR,Africa,Country,COM,Comoros,Year,2021,FALSE,10537,10 537,EN,2025-12-18T23:00:00.000Z
MALARIA_EST_CASES,Estimated number of malaria cases,text,WPR,Western Pacific,Country,PHL,Philippines,Year,2021,FALSE,10606,10 606 [7500-14 000],EN,2025-12-18T23:00:00.000Z
MALARIA_EST_CASES,Estimated number of malaria cases,text,AMR,Americas,Country,COL,Colombia,Year,2021,FALSE,103472,103 472 [79 000-129 000],EN,2025-12-18T23:00:00.000Z
MALARIA_EST_CASES,Estimated number of malaria cases,text,AFR,Africa,Country,BWA,Botswana,Year,2021,FALSE,1072,1072 [820-1500],EN,2025-12-18T23:00:00.000Z
MALARIA_EST_CASES,Estimated number of malaria cases,text,AFR,Africa,Country,UGA,Uganda,Year,2021,FALSE,12332244,12 332 244 [8 404 000-17 460 000],EN,2025-12-18T23:00:00.000Z
MALARIA_EST_CASES,Estimated number of malaria cases,text,AFR,Africa,Country,MRT,Mauritania,Year,2021,FALSE,124274,124 274 [56 000-229 000],EN,2025-12-18T23:00:00.000Z
MALARIA_EST_CASES,Estimated number of malaria cases,text,AMR,Americas,Country,GTM,Guatemala,Year,2021,FALSE,1273,1273,EN,2025-12-18T23:00:00.000Z
MALARIA_EST_CASES,Estimated number of malaria cases,text,AMR,Americas,Country,BOL,Bolivia (Plurinational State of),Year,2021,FALSE,13476,13 476 [11 000-17 000],EN,2025-12-18T23:00:00.000Z
MALARIA_EST_CASES,Estimated number of malaria cases,text,AMR,Americas,Country,BRA,Brazil,Year,2021,FALSE,147804,147 804 [142 000-158 000],EN,2025-12-18T23:00:00.000Z
MALARIA_EST_CASES,Estimated number of malaria cases,text,AMR,Americas,Country,HND,Honduras,Year,2021,FALSE,1524,1524,EN,2025-12-18T23:00:00.000Z
MALARIA_EST_CASES,Estimated number of malaria cases,text,WPR,Western Pacific,Country,SLB,Solomon Islands,Year,2021,FALSE,154113,154 113 [127 000-188 000],EN,2025-12-18T23:00:00.000Z
MALARIA_EST_CASES,Estimated number of malaria cases,text,AFR,Africa,Country,GMB,Gambia,Year,2021,FALSE,160958,160 958 [125 000-201 000],EN,2025-12-18T23:00:00.000Z
MALARIA_EST_CASES,Estimated number of malaria cases,text,AMR,Americas,Country,CRI,Costa Rica,Year,2021,FALSE,189,189,EN,2025-12-18T23:00:00.000Z
MALARIA_EST_CASES,Estimated number of malaria cases,text,EMR,Eastern Mediterranean,Country,AFG,Afghanistan,Year,2021,FALSE,193232,193 232 [149 000-245 000],EN,2025-12-18T23:00:00.000Z
MALARIA_EST_CASES,Estimated number of malaria cases,text,AFR,Africa,Country,SLE,Sierra Leone,Year,2021,FALSE,2475463,2 475 463 [1 435 000-3 976 000],EN,2025-12-18T23:00:00.000Z
MALARIA_EST_CASES,Estimated number of malaria cases,text,AFR,Africa,Country,TGO,Togo,Year,2021,FALSE,2481567,2 481 567 [1 817 000-3 357 000],EN,2025-12-18T23:00:00.000Z
MALARIA_EST_CASES,Estimated number of malaria cases,text,AFR,Africa,Country,GNB,Guinea-Bissau,Year,2021,FALSE,203232,203 232 [75 000-452 000],EN,2025-12-18T23:00:00.000Z
MALARIA_EST_CASES,Estimated number of malaria cases,text,AMR,Americas,Country,VEN,Venezuela (Bolivarian Republic of),Year,2021,FALSE,204424,204 424 [182 000-236 000],EN,2025-12-18T23:00:00.000Z
MALARIA_EST_CASES,Estimated number of malaria cases,text,AFR,Africa,Country,NAM,Namibia,Year,2021,FALSE,21322,21 322 [17 000-26 000],EN,2025-12-18T23:00:00.000Z
MALARIA_EST_CASES,Estimated number of malaria cases,text,AMR,Americas,Country,ECU,Ecuador,Year,2021,FALSE,2175,2175,EN,2025-12-18T23:00:00.000Z
MALARIA_EST_CASES,Estimated number of malaria cases,text,AMR,Americas,Country,SUR,Suriname,Year,2021,FALSE,22,22,EN,2025-12-18T23:00:00.000Z
MALARIA_EST_CASES,Estimated number of malaria cases,text,AMR,Americas,Country,HTI,Haiti,Year,2021,FALSE,22546,22 546 [14 000-35 000],EN,2025-12-18T23:00:00.000Z
MALARIA_EST_CASES,Estimated number of malaria cases,text,AMR,Americas,Country,PER,Peru,Year,2021,FALSE,23250,23 250 [19 000-28 000],EN,2025-12-18T23:00:00.000Z
MALARIA_EST_CASES,Estimated number of malaria cases,text,SEAR,South-East Asia,Country,PRK,Democratic People's Republic of Korea,Year,2021,FALSE,2357,2357,EN,2025-12-18T23:00:00.000Z
MALARIA_EST_CASES,Estimated number of malaria cases,text,AMR,Americas,Country,MEX,Mexico,Year,2021,FALSE,242,242,EN,2025-12-18T23:00:00.000Z
MALARIA_EST_CASES,Estimated number of malaria cases,text,SEAR,South-East Asia,Country,THA,Thailand,Year,2021,FALSE,2426,2426,EN,2025-12-18T23:00:00.000Z
MALARIA_EST_CASES,Estimated number of malaria cases,text,AMR,Americas,Country,GUY,Guyana,Year,2021,FALSE,25713,25 713 [22 000-30 000],EN,2025-12-18T23:00:00.000Z
MALARIA_EST_CASES,Estimated number of malaria cases,text,AFR,Africa,Country,STP,Sao Tome and Principe,Year,2021,FALSE,2719,2719,EN,2025-12-18T23:00:00.000Z
MALARIA_EST_CASES,Estimated number of malaria cases,text,WPR,Western Pacific,Country,KOR,Republic of Korea,Year,2021,FALSE,274,274,EN,2025-12-18T23:00:00.000Z
MALARIA_EST_CASES,Estimated number of malaria cases,text,AMR,Americas,Country,DOM,Dominican Republic,Year,2021,FALSE,284,284,EN,2025-12-18T23:00:00.000Z
MALARIA_EST_CASES,Estimated number of malaria cases,text,AMR,Americas,Country,NIC,Nicaragua,Year,2021,FALSE,29457,29 457 [24 000-35 000],EN,2025-12-18T23:00:00.000Z
MALARIA_EST_CASES,Estimated number of malaria cases,text,SEAR,South-East Asia,Country,MMR,Myanmar,Year,2021,FALSE,292853,292 853 [177 000-1 238 000],EN,2025-12-18T23:00:00.000Z
MALARIA_EST_CASES,Estimated number of malaria cases,text,AFR,Africa,Country,ZAF,South Africa,Year,2021,FALSE,2972,2972,EN,2025-12-18T23:00:00.000Z
MALARIA_EST_CASES,Estimated number of malaria cases,text,AFR,Africa,Country,SSD,South Sudan,Year,2021,FALSE,3007878,3 007 878 [1 940 000-4 474 000],EN,2025-12-18T23:00:00.000Z
MALARIA_EST_CASES,Estimated number of malaria cases,text,SEAR,South-East Asia,Country,IND,India,Year,2021,FALSE,3297335,3 297 335 [1 884 000-4 784 000],EN,2025-12-18T23:00:00.000Z
MALARIA_EST_CASES,Estimated number of malaria cases,text,EMR,Eastern Mediterranean,Country,SDN,Sudan,Year,2021,FALSE,3382106,3 382 106 [1 956 000-5 462 000],EN,2025-12-18T23:00:00.000Z
MALARIA_EST_CASES,Estimated number of malaria cases,text,AFR,Africa,Country,TCD,Chad,Year,2021,FALSE,3643929,3 643 929 [2 210 000-5 610 000],EN,2025-12-18T23:00:00.000Z
MALARIA_EST_CASES,Estimated number of malaria cases,text,AFR,Africa,Country,ETH,Ethiopia,Year,2021,FALSE,3783896,3 783 896 [2 097 000-5 647 000],EN,2025-12-18T23:00:00.000Z
MALARIA_EST_CASES,Estimated number of malaria cases,text,SEAR,South-East Asia,Country,NPL,Nepal,Year,2021,FALSE,32,32,EN,2025-12-18T23:00:00.000Z
MALARIA_EST_CASES,Estimated number of malaria cases,text,AFR,Africa,Country,COD,Democratic Republic of the Congo,Year,2021,FALSE,33515984,33 515 984 [25 730 000-43 200 000],EN,2025-12-18T23:00:00.000Z
MALARIA_EST_CASES,Estimated number of malaria cases,text,AFR,Africa,Country,ZWE,Zimbabwe,Year,2021,FALSE,342543,342 543 [203 000-491 000],EN,2025-12-18T23:00:00.000Z
MALARIA_EST_CASES,Estimated number of malaria cases,text,WPR,Western Pacific,Country,VNM,Viet Nam,Year,2021,FALSE,377,377,EN,2025-12-18T23:00:00.000Z
MALARIA_EST_CASES,Estimated number of malaria cases,text,AFR,Africa,Country,GIN,Guinea,Year,2021,FALSE,4036996,4 036 996 [3 121 000-5 159 000],EN,2025-12-18T23:00:00.000Z
MALARIA_EST_CASES,Estimated number of malaria cases,text,AFR,Africa,Country,BDI,Burundi,Year,2021,FALSE,4537471,4 537 471 [3 206 000-6 270 000],EN,2025-12-18T23:00:00.000Z
MALARIA_EST_CASES,Estimated number of malaria cases,text,AFR,Africa,Country,KEN,Kenya,Year,2021,FALSE,4719850,4 719 850 [3 105 000-6 911 000],EN,2025-12-18T23:00:00.000Z
MALARIA_EST_CASES,Estimated number of malaria cases,text,AFR,Africa,Country,ZMB,Zambia,Year,2021,FALSE,4724078,4 724 078 [3 819 000-5 794 000],EN,2025-12-18T23:00:00.000Z
MALARIA_EST_CASES,Estimated number of malaria cases,text,AFR,Africa,Country,MDG,Madagascar,Year,2021,FALSE,4938471,4 938 471 [3 156 000-6 852 000],EN,2025-12-18T23:00:00.000Z
MALARIA_EST_CASES,Estimated number of malaria cases,text,AMR,Americas,Country,PAN,Panama,Year,2021,FALSE,4165,4165,EN,2025-12-18T23:00:00.000Z
MALARIA_EST_CASES,Estimated number of malaria cases,text,AFR,Africa,Country,GNQ,Equatorial Guinea,Year,2021,FALSE,421362,421 362 [278 000-606 000],EN,2025-12-18T23:00:00.000Z
MALARIA_EST_CASES,Estimated number of malaria cases,text,WPR,Western Pacific,Country,IDN,Indonesia,Year,2021,FALSE,430908,430 908 [400 000-467 000],EN,2025-12-18T23:00:00.000Z
MALARIA_EST_CASES,Estimated number of malaria cases,text,WPR,Western Pacific,Country,KHM,Cambodia,Year,2021,FALSE,4382,4382,EN,2025-12-18T23:00:00.000Z
MALARIA_EST_CASES,Estimated number of malaria cases,text,AFR,Africa,Country,GAB,Gabon,Year,2021,FALSE,449657,449 657 [325 000-602 000],EN,2025-12-18T23:00:00.000Z
MALARIA_EST_CASES,Estimated number of malaria cases,text,AFR,Africa,Country,BEN,Benin,Year,2021,FALSE,5072961,5 072 961 [3 719 000-6 736 000],EN,2025-12-18T23:00:00.000Z
MALARIA_EST_CASES,Estimated number of malaria cases,text,AFR,Africa,Country,MWI,Malawi,Year,2021,FALSE,5623024,5 623 024 [3 886 000-7 924 000],EN,2025-12-18T23:00:00.000Z
MALARIA_EST_CASES,Estimated number of malaria cases,text,AFR,Africa,Country,SWZ,Eswatini,Year,2021,FALSE,505,505,EN,2025-12-18T23:00:00.000Z
MALARIA_EST_CASES,Estimated number of malaria cases,text,EMR,Eastern Mediterranean,Country,PAK,Pakistan,Year,2021,FALSE,505836,505 836 [401 000-678 000],EN,2025-12-18T23:00:00.000Z
MALARIA_EST_CASES,Estimated number of malaria cases,text,EMR,Eastern Mediterranean,Country,DJI,Djibouti,Year,2021,FALSE,58916,58 916,EN,2025-12-18T23:00:00.000Z
MALARIA_EST_CASES,Estimated number of malaria cases,text,AFR,Africa,Country,GHA,Ghana,Year,2021,FALSE,6909085,6 909 085 [5 232 000-8 993 000],EN,2025-12-18T23:00:00.000Z
MALARIA_EST_CASES,Estimated number of malaria cases,text,WPR,Western Pacific,Country,LAO,Lao People's Democratic Republic,Year,2021,FALSE,6403,6403 [4600-8500],EN,2025-12-18T23:00:00.000Z
MALARIA_EST_CASES,Estimated number of malaria cases,text,AFR,Africa,Country,NGA,Nigeria,Year,2021,FALSE,65399501,65 399 501 [47 520 000-89 000 000],EN,2025-12-18T23:00:00.000Z
MALARIA_EST_CASES,Estimated number of malaria cases,text,AFR,Africa,Country,CMR,Cameroon,Year,2021,FALSE,7284817,7 284 817 [5 581 000-9 316 000],EN,2025-12-18T23:00:00.000Z
MALARIA_EST_CASES,Estimated number of malaria cases,text,AFR,Africa,Country,NER,Niger,Year,2021,FALSE,7452978,7 452 978 [4 283 000-12 050 000],EN,2025-12-18T23:00:00.000Z
MALARIA_EST_CASES,Estimated number of malaria cases,text,AFR,Africa,Country,MLI,Mali,Year,2021,FALSE,7744735,7 744 735 [5 463 000-11 010 000],EN,2025-12-18T23:00:00.000Z
MALARIA_EST_CASES,Estimated number of malaria cases,text,AFR,Africa,Country,SEN,Senegal,Year,2021,FALSE,720754,720 754 [569 000-880 000],EN,2025-12-18T23:00:00.000Z
MALARIA_EST_CASES,Estimated number of malaria cases,text,WPR,Western Pacific,Country,VUT,Vanuatu,Year,2021,FALSE,738,738 [470-1100],EN,2025-12-18T23:00:00.000Z
MALARIA_EST_CASES,Estimated number of malaria cases,text,AMR,Americas,Country,GUF,French Guiana,Year,2021,FALSE,74,74,EN,2025-12-18T23:00:00.000Z
MALARIA_EST_CASES,Estimated number of malaria cases,text,AFR,Africa,Country,BFA,Burkina Faso,Year,2021,FALSE,8326915,8 326 915 [5 527 000-12 050 000],EN,2025-12-18T23:00:00.000Z
MALARIA_EST_CASES,Estimated number of malaria cases,text,AFR,Africa,Country,TZA,United Republic of Tanzania,Year,2021,FALSE,8377141,8 377 141 [6 113 000-11 210 000],EN,2025-12-18T23:00:00.000Z
MALARIA_EST_CASES,Estimated number of malaria cases,text,AFR,Africa,Country,CIV,Cote d'Ivoire,Year,2021,FALSE,8407016,8 407 016 [6 458 000-10 850 000],EN,2025-12-18T23:00:00.000Z
MALARIA_EST_CASES,Estimated number of malaria cases,text,AFR,Africa,Country,AGO,Angola,Year,2021,FALSE,8930365,8 930 365 [5 854 000-12 960 000],EN,2025-12-18T23:00:00.000Z
MALARIA_EST_CASES,Estimated number of malaria cases,text,SEAR,South-East Asia,Country,BGD,Bangladesh,Year,2021,FALSE,8974,8974 [7600-10 000],EN,2025-12-18T23:00:00.000Z
MALARIA_EST_CASES,Estimated number of malaria cases,text,SEAR,South-East Asia,Country,BTN,Bhutan,Year,2021,FALSE,9,9,EN,2025-12-18T23:00:00.000Z
MALARIA_EST_CASES,Estimated number of malaria cases,text,AFR,Africa,Country,MOZ,Mozambique,Year,2021,FALSE,9907099,9 907 099 [7 892 000-12 370 000],EN,2025-12-18T23:00:00.000Z
MALARIA_EST_CASES,Estimated number of malaria cases,text,AFR,Africa,Country,ERI,Eritrea,Year,2021,FALSE,92938,92 938 [60 000-129 000],EN,2025-12-18T23:00:00.000Z
MALARIA_EST_CASES,Estimated number of malaria cases,text,EMR,Eastern Mediterranean,Country,SOM,Somalia,Year,2021,FALSE,955984,955 984 [601 000-1 437 000],EN,2025-12-18T23:00:00.000Z
MALARIA_EST_CASES,Estimated number of malaria cases,text,AFR,Africa,Country,DZA,Algeria,Year,2020,FALSE,0,0,EN,2025-12-18T23:00:00.000Z
MALARIA_EST_CASES,Estimated number of malaria cases,text,AMR,Americas,Country,ARG,Argentina,Year,2020,FALSE,0,0,EN,2025-12-18T23:00:00.000Z
MALARIA_EST_CASES,Estimated number of malaria cases,text,EUR,Europe,Country,ARM,Armenia,Year,2020,FALSE,0,0,EN,2025-12-18T23:00:00.000Z
MALARIA_EST_CASES,Estimated number of malaria cases,text,EUR,Europe,Country,AZE,Azerbaijan,Year,2020,FALSE,0,0,EN,2025-12-18T23:00:00.000Z
MALARIA_EST_CASES,Estimated number of malaria cases,text,AMR,Americas,Country,BLZ,Belize,Year,2020,FALSE,0,0,EN,2025-12-18T23:00:00.000Z
MALARIA_EST_CASES,Estimated number of malaria cases,text,AFR,Africa,Country,CPV,Cabo Verde,Year,2020,FALSE,0,0,EN,2025-12-18T23:00:00.000Z
MALARIA_EST_CASES,Estimated number of malaria cases,text,WPR,Western Pacific,Country,CHN,China,Year,2020,FALSE,0,0,EN,2025-12-18T23:00:00.000Z
MALARIA_EST_CASES,Estimated number of malaria cases,text,EMR,Eastern Mediterranean,Country,EGY,Egypt,Year,2020,FALSE,0,0,EN,2025-12-18T23:00:00.000Z
MALARIA_EST_CASES,Estimated number of malaria cases,text,AMR,Americas,Country,SLV,El Salvador,Year,2020,FALSE,0,0,EN,2025-12-18T23:00:00.000Z
MALARIA_EST_CASES,Estimated number of malaria cases,text,EUR,Europe,Country,GEO,Georgia,Year,2020,FALSE,0,0,EN,2025-12-18T23:00:00.000Z
MALARIA_EST_CASES,Estimated number of malaria cases,text,EMR,Eastern Mediterranean,Country,IRN,Iran (Islamic Republic of),Year,2020,FALSE,0,0,EN,2025-12-18T23:00:00.000Z
MALARIA_EST_CASES,Estimated number of malaria cases,text,EMR,Eastern Mediterranean,Country,IRQ,Iraq,Year,2020,FALSE,0,0,EN,2025-12-18T23:00:00.000Z
MALARIA_EST_CASES,Estimated number of malaria cases,text,EUR,Europe,Country,KAZ,Kazakhstan,Year,2020,FALSE,0,0,EN,2025-12-18T23:00:00.000Z
MALARIA_EST_CASES,Estimated number of malaria cases,text,EUR,Europe,Country,KGZ,Kyrgyzstan,Year,2020,FALSE,0,0,EN,2025-12-18T23:00:00.000Z
MALARIA_EST_CASES,Estimated number of malaria cases,text,WPR,Western Pacific,Country,MYS,Malaysia,Year,2020,FALSE,0,0,EN,2025-12-18T23:00:00.000Z
MALARIA_EST_CASES,Estimated number of malaria cases,text,EMR,Eastern Mediterranean,Country,MAR,Morocco,Year,2020,FALSE,0,0,EN,2025-12-18T23:00:00.000Z
MALARIA_EST_CASES,Estimated number of malaria cases,text,EMR,Eastern Mediterranean,Country,OMN,Oman,Year,2020,FALSE,0,0,EN,2025-12-18T23:00:00.000Z
MALARIA_EST_CASES,Estimated number of malaria cases,text,AMR,Americas,Country,PRY,Paraguay,Year,2020,FALSE,0,0,EN,2025-12-18T23:00:00.000Z
MALARIA_EST_CASES,Estimated number of malaria cases,text,SEAR,South-East Asia,Country,LKA,Sri Lanka,Year,2020,FALSE,0,0,EN,2025-12-18T23:00:00.000Z
MALARIA_EST_CASES,Estimated number of malaria cases,text,EMR,Eastern Mediterranean,Country,SYR,Syrian Arab Republic,Year,2020,FALSE,0,0,EN,2025-12-18T23:00:00.000Z
MALARIA_EST_CASES,Estimated number of malaria cases,text,EUR,Europe,Country,TUR,Türkiye,Year,2020,FALSE,0,0,EN,2025-12-18T23:00:00.000Z
MALARIA_EST_CASES,Estimated number of malaria cases,text,EUR,Europe,Country,TJK,Tajikistan,Year,2020,FALSE,0,0,EN,2025-12-18T23:00:00.000Z
MALARIA_EST_CASES,Estimated number of malaria cases,text,EUR,Europe,Country,TKM,Turkmenistan,Year,2020,FALSE,0,0,EN,2025-12-18T23:00:00.000Z
MALARIA_EST_CASES,Estimated number of malaria cases,text,EMR,Eastern Mediterranean,Country,ARE,United Arab Emirates,Year,2020,FALSE,0,0,EN,2025-12-18T23:00:00.000Z
MALARIA_EST_CASES,Estimated number of malaria cases,text,EUR,Europe,Country,UZB,Uzbekistan,Year,2020,FALSE,0,0,EN,2025-12-18T23:00:00.000Z
MALARIA_EST_CASES,Estimated number of malaria cases,text,AFR,Africa,Country,ZWE,Zimbabwe,Year,2020,FALSE,1152901,1 152 901 [692 000-1 662 000],EN,2025-12-18T23:00:00.000Z
MALARIA_EST_CASES,Estimated number of malaria cases,text,AFR,Africa,Country,COG,Congo,Year,2020,FALSE,1385505,1 385 505 [829 000-2 187 000],EN,2025-12-18T23:00:00.000Z
MALARIA_EST_CASES,Estimated number of malaria cases,text,AFR,Africa,Country,LBR,Liberia,Year,2020,FALSE,1426019,1 426 019 [930 000-2 089 000],EN,2025-12-18T23:00:00.000Z
MALARIA_EST_CASES,Estimated number of malaria cases,text,WPR,Western Pacific,Country,PNG,Papua New Guinea,Year,2020,FALSE,1470120,1 470 120 [1 011 000-1 975 000],EN,2025-12-18T23:00:00.000Z
MALARIA_EST_CASES,Estimated number of malaria cases,text,AFR,Africa,Country,CAF,Central African Republic,Year,2020,FALSE,1890435,1 890 435 [929 000-3 492 000],EN,2025-12-18T23:00:00.000Z
MALARIA_EST_CASES,Estimated number of malaria cases,text,WPR,Western Pacific,Country,KHM,Cambodia,Year,2020,FALSE,11157,11 157 [10 000-12 000],EN,2025-12-18T23:00:00.000Z
MALARIA_EST_CASES,Estimated number of malaria cases,text,AFR,Africa,Country,UGA,Uganda,Year,2020,FALSE,11366057,11 366 057 [8 768 000-14 510 000],EN,2025-12-18T23:00:00.000Z
MALARIA_EST_CASES,Estimated number of malaria cases,text,AMR,Americas,Country,HND,Honduras,Year,2020,FALSE,1125,1125 [860-1400],EN,2025-12-18T23:00:00.000Z
MALARIA_EST_CASES,Estimated number of malaria cases,text,AMR,Americas,Country,COL,Colombia,Year,2020,FALSE,113807,113 807 [86 000-143 000],EN,2025-12-18T23:00:00.000Z
MALARIA_EST_CASES,Estimated number of malaria cases,text,WPR,Western Pacific,Country,VUT,Vanuatu,Year,2020,FALSE,1130,1130 [740-1700],EN,2025-12-18T23:00:00.000Z
MALARIA_EST_CASES,Estimated number of malaria cases,text,WPR,Western Pacific,Country,SLB,Solomon Islands,Year,2020,FALSE,114019,114 019 [99 000-135 000],EN,2025-12-18T23:00:00.000Z
MALARIA_EST_CASES,Estimated number of malaria cases,text,AMR,Americas,Country,GTM,Guatemala,Year,2020,FALSE,1240,1240 [1100-1400],EN,2025-12-18T23:00:00.000Z
MALARIA_EST_CASES,Estimated number of malaria cases,text,AMR,Americas,Country,SUR,Suriname,Year,2020,FALSE,147,147,EN,2025-12-18T23:00:00.000Z
MALARIA_EST_CASES,Estimated number of malaria cases,text,WPR,Western Pacific,Country,PHL,Philippines,Year,2020,FALSE,15088,15 088 [11 000-20 000],EN,2025-12-18T23:00:00.000Z
MALARIA_EST_CASES,Estimated number of malaria cases,text,AFR,Africa,Country,ERI,Eritrea,Year,2020,FALSE,158889,158 889 [103 000-221 000],EN,2025-12-18T23:00:00.000Z
MALARIA_EST_CASES,Estimated number of malaria cases,text,AMR,Americas,Country,BOL,Bolivia (Plurinational State of),Year,2020,FALSE,16506,16 506 [13 000-20 000],EN,2025-12-18T23:00:00.000Z
MALARIA_EST_CASES,Estimated number of malaria cases,text,AMR,Americas,Country,GUF,French Guiana,Year,2020,FALSE,164,164 [150-190],EN,2025-12-18T23:00:00.000Z
MALARIA_EST_CASES,Estimated number of malaria cases,text,WPR,Western Pacific,Country,VNM,Viet Nam,Year,2020,FALSE,1657,1657 [1500-1800],EN,2025-12-18T23:00:00.000Z
MALARIA_EST_CASES,Estimated number of malaria cases,text,AMR,Americas,Country,BRA,Brazil,Year,2020,FALSE,167113,167 113 [150 000-181 000],EN,2025-12-18T23:00:00.000Z
MALARIA_EST_CASES,Estimated number of malaria cases,text,AFR,Africa,Country,BWA,Botswana,Year,2020,FALSE,1778,1778 [1200-2700],EN,2025-12-18T23:00:00.000Z
MALARIA_EST_CASES,Estimated number of malaria cases,text,SEAR,South-East Asia,Country,PRK,Democratic People's Republic of Korea,Year,2020,FALSE,1819,1819,EN,2025-12-18T23:00:00.000Z
MALARIA_EST_CASES,Estimated number of malaria cases,text,AFR,Africa,Country,GNB,Guinea-Bissau,Year,2020,FALSE,191604,191 604 [69 000-420 000],EN,2025-12-18T23:00:00.000Z
MALARIA_EST_CASES,Estimated number of malaria cases,text,AFR,Africa,Country,STP,Sao Tome and Principe,Year,2020,FALSE,1933,1933,EN,2025-12-18T23:00:00.000Z
MALARIA_EST_CASES,Estimated number of malaria cases,text,AMR,Americas,Country,ECU,Ecuador,Year,2020,FALSE,1934,1934,EN,2025-12-18T23:00:00.000Z
MALARIA_EST_CASES,Estimated number of malaria cases,text,AFR,Africa,Country,MYT,Mayotte,Year,2020,FALSE,2,2 [2-2],EN,2025-12-18T23:00:00.000Z
MALARIA_EST_CASES,Estimated number of malaria cases,text,AFR,Africa,Country,TGO,Togo,Year,2020,FALSE,2461528,2 461 528 [1 771 000-3 348 000],EN,2025-12-18T23:00:00.000Z
MALARIA_EST_CASES,Estimated number of malaria cases,text,AFR,Africa,Country,SLE,Sierra Leone,Year,2020,FALSE,2477507,2 477 507 [1 410 000-4 037 000],EN,2025-12-18T23:00:00.000Z
MALARIA_EST_CASES,Estimated number of malaria cases,text,AFR,Africa,Country,RWA,Rwanda,Year,2020,FALSE,2784545,2 784 545 [2 164 000-3 430 000],EN,2025-12-18T23:00:00.000Z
MALARIA_EST_CASES,Estimated number of malaria cases,text,AFR,Africa,Country,NAM,Namibia,Year,2020,FALSE,20197,20 197 [16 000-25 000],EN,2025-12-18T23:00:00.000Z
MALARIA_EST_CASES,Estimated number of malaria cases,text,AMR,Americas,Country,PAN,Panama,Year,2020,FALSE,2051,2051 [2000-2200],EN,2025-12-18T23:00:00.000Z
MALARIA_EST_CASES,Estimated number of malaria cases,text,AFR,Africa,Country,GMB,Gambia,Year,2020,FALSE,210897,210 897 [147 000-304 000],EN,2025-12-18T23:00:00.000Z
MALARIA_EST_CASES,Estimated number of malaria cases,text,SEAR,South-East Asia,Country,BTN,Bhutan,Year,2020,FALSE,22,22,EN,2025-12-18T23:00:00.000Z
MALARIA_EST_CASES,Estimated number of malaria cases,text,AMR,Americas,Country,GUY,Guyana,Year,2020,FALSE,22093,22 093 [19 000-26 000],EN,2025-12-18T23:00:00.000Z
MALARIA_EST_CASES,Estimated number of malaria cases,text,AMR,Americas,Country,VEN,Venezuela (Bolivarian Republic of),Year,2020,FALSE,223067,223 067 [199 000-256 000],EN,2025-12-18T23:00:00.000Z
MALARIA_EST_CASES,Estimated number of malaria cases,text,AFR,Africa,Country,SWZ,Eswatini,Year,2020,FALSE,233,233,EN,2025-12-18T23:00:00.000Z
MALARIA_EST_CASES,Estimated number of malaria cases,text,EMR,Eastern Mediterranean,Country,AFG,Afghanistan,Year,2020,FALSE,253150,253 150 [195 000-321 000],EN,2025-12-18T23:00:00.000Z
MALARIA_EST_CASES,Estimated number of malaria cases,text,AMR,Americas,Country,PER,Peru,Year,2020,FALSE,29745,29 745 [22 000-42 000],EN,2025-12-18T23:00:00.000Z
MALARIA_EST_CASES,Estimated number of malaria cases,text,AFR,Africa,Country,MRT,Mauritania,Year,2020,FALSE,294897,294 897 [98 000-606 000],EN,2025-12-18T23:00:00.000Z
MALARIA_EST_CASES,Estimated number of malaria cases,text,SEAR,South-East Asia,Country,TLS,Timor-Leste,Year,2020,FALSE,3,3,EN,2025-12-18T23:00:00.000Z
MALARIA_EST_CASES,Estimated number of malaria cases,text,AFR,Africa,Country,SSD,South Sudan,Year,2020,FALSE,3012729,3 012 729 [1 963 000-4 503 000],EN,2025-12-18T23:00:00.000Z
MALARIA_EST_CASES,Estimated number of malaria cases,text,EMR,Eastern Mediterranean,Country,SDN,Sudan,Year,2020,FALSE,3076729,3 076 729 [1 717 000-5 065 000],EN,2025-12-18T23:00:00.000Z
MALARIA_EST_CASES,Estimated number of malaria cases,text,SEAR,South-East Asia,Country,IND,India,Year,2020,FALSE,3318911,3 318 911 [2 061 000-4 625 000],EN,2025-12-18T23:00:00.000Z
MALARIA_EST_CASES,Estimated number of malaria cases,text,AFR,Africa,Country,TCD,Chad,Year,2020,FALSE,3556154,3 556 154 [2 160 000-5 523 000],EN,2025-12-18T23:00:00.000Z
MALARIA_EST_CASES,Estimated number of malaria cases,text,SEAR,South-East Asia,Country,THA,Thailand,Year,2020,FALSE,3123,3123,EN,2025-12-18T23:00:00.000Z
MALARIA_EST_CASES,Estimated number of malaria cases,text,AMR,Americas,Country,NIC,Nicaragua,Year,2020,FALSE,32469,32 469 [27 000-39 000],EN,2025-12-18T23:00:00.000Z
MALARIA_EST_CASES,Estimated number of malaria cases,text,AFR,Africa,Country,COD,Democratic Republic of the Congo,Year,2020,FALSE,32532899,32 532 899 [24 840 000-41 830 000],EN,2025-12-18T23:00:00.000Z
MALARIA_EST_CASES,Estimated number of malaria cases,text,AMR,Americas,Country,MEX,Mexico,Year,2020,FALSE,356,356,EN,2025-12-18T23:00:00.000Z
MALARIA_EST_CASES,Estimated number of malaria cases,text,WPR,Western Pacific,Country,KOR,Republic of Korea,Year,2020,FALSE,356,356,EN,2025-12-18T23:00:00.000Z
MALARIA_EST_CASES,Estimated number of malaria cases,text,AMR,Americas,Country,HTI,Haiti,Year,2020,FALSE,38093,38 093 [25 000-51 000],EN,2025-12-18T23:00:00.000Z
MALARIA_EST_CASES,Estimated number of malaria cases,text,AFR,Africa,Country,MDG,Madagascar,Year,2020,FALSE,4016745,4 016 745 [2 668 000-5 489 000],EN,2025-12-18T23:00:00.000Z
MALARIA_EST_CASES,Estimated number of malaria cases,text,AFR,Africa,Country,GIN,Guinea,Year,2020,FALSE,4077448,4 077 448 [2 921 000-5 553 000],EN,2025-12-18T23:00:00.000Z
MALARIA_EST_CASES,Estimated number of malaria cases,text,AFR,Africa,Country,ETH,Ethiopia,Year,2020,FALSE,4227742,4 227 742 [2 359 000-6 346 000],EN,2025-12-18T23:00:00.000Z
MALARIA_EST_CASES,Estimated number of malaria cases,text,AFR,Africa,Country,BDI,Burundi,Year,2020,FALSE,4354589,4 354 589 [3 275 000-5 649 000],EN,2025-12-18T23:00:00.000Z
MALARIA_EST_CASES,Estimated number of malaria cases,text,AFR,Africa,Country,KEN,Kenya,Year,2020,FALSE,4438409,4 438 409 [3 331 000-5 776 000],EN,2025-12-18T23:00:00.000Z
MALARIA_EST_CASES,Estimated number of malaria cases,text,AFR,Africa,Country,ZMB,Zambia,Year,2020,FALSE,4464614,4 464 614 [3 543 000-5 550 000],EN,2025-12-18T23:00:00.000Z
MALARIA_EST_CASES,Estimated number of malaria cases,text,AFR,Africa,Country,BEN,Benin,Year,2020,FALSE,4927525,4 927 525 [3 675 000-6 420 000],EN,2025-12-18T23:00:00.000Z
MALARIA_EST_CASES,Estimated number of malaria cases,text,AFR,Africa,Country,GNQ,Equatorial Guinea,Year,2020,FALSE,419332,419 332 [283 000-600 000],EN,2025-12-18T23:00:00.000Z
MALARIA_EST_CASES,Estimated number of malaria cases,text,AFR,Africa,Country,ZAF,South Africa,Year,2020,FALSE,4463,4463,EN,2025-12-18T23:00:00.000Z
MALARIA_EST_CASES,Estimated number of malaria cases,text,AFR,Africa,Country,GAB,Gabon,Year,2020,FALSE,449585,449 585 [336 000-589 000],EN,2025-12-18T23:00:00.000Z
MALARIA_EST_CASES,Estimated number of malaria cases,text,AFR,Africa,Country,COM,Comoros,Year,2020,FALSE,4546,4546,EN,2025-12-18T23:00:00.000Z
MALARIA_EST_CASES,Estimated number of malaria cases,text,AFR,Africa,Country,MWI,Malawi,Year,2020,FALSE,5528376,5 528 376 [3 619 000-8 007 000],EN,2025-12-18T23:00:00.000Z
MALARIA_EST_CASES,Estimated number of malaria cases,text,WPR,Western Pacific,Country,IDN,Indonesia,Year,2020,FALSE,530261,530 261 [487 000-580 000],EN,2025-12-18T23:00:00.000Z
MALARIA_EST_CASES,Estimated number of malaria cases,text,EMR,Eastern Mediterranean,Country,PAK,Pakistan,Year,2020,FALSE,542938,542 938 [430 000-725 000],EN,2025-12-18T23:00:00.000Z
MALARIA_EST_CASES,Estimated number of malaria cases,text,WPR,Western Pacific,Country,LAO,Lao People's Democratic Republic,Year,2020,FALSE,5674,5674 [4100-7500],EN,2025-12-18T23:00:00.000Z
MALARIA_EST_CASES,Estimated number of malaria cases,text,AFR,Africa,Country,SEN,Senegal,Year,2020,FALSE,597453,597 453 [472 000-729 000],EN,2025-12-18T23:00:00.000Z
MALARIA_EST_CASES,Estimated number of malaria cases,text,AFR,Africa,Country,CMR,Cameroon,Year,2020,FALSE,6940869,6 940 869 [5 191 000-9 065 000],EN,2025-12-18T23:00:00.000Z
MALARIA_EST_CASES,Estimated number of malaria cases,text,AFR,Africa,Country,NGA,Nigeria,Year,2020,FALSE,65133759,65 133 759 [46 800 000-88 650 000],EN,2025-12-18T23:00:00.000Z
MALARIA_EST_CASES,Estimated number of malaria cases,text,AFR,Africa,Country,GHA,Ghana,Year,2020,FALSE,7003408,7 003 408 [5 361 000-9 019 000],EN,2025-12-18T23:00:00.000Z
MALARIA_EST_CASES,Estimated number of malaria cases,text,AFR,Africa,Country,TZA,United Republic of Tanzania,Year,2020,FALSE,7520952,7 520 952 [5 444 000-10 070 000],EN,2025-12-18T23:00:00.000Z
MALARIA_EST_CASES,Estimated number of malaria cases,text,AFR,Africa,Country,MLI,Mali,Year,2020,FALSE,7586538,7 586 538 [5 354 000-10 780 000],EN,2025-12-18T23:00:00.000Z
MALARIA_EST_CASES,Estimated number of malaria cases,text,AFR,Africa,Country,NER,Niger,Year,2020,FALSE,7845383,7 845 383 [4 583 000-12 750 000],EN,2025-12-18T23:00:00.000Z
MALARIA_EST_CASES,Estimated number of malaria cases,text,EMR,Eastern Mediterranean,Country,DJI,Djibouti,Year,2020,FALSE,73535,73 535,EN,2025-12-18T23:00:00.000Z
MALARIA_EST_CASES,Estimated number of malaria cases,text,SEAR,South-East Asia,Country,BGD,Bangladesh,Year,2020,FALSE,7545,7545 [6400-8700],EN,2025-12-18T23:00:00.000Z
MALARIA_EST_CASES,Estimated number of malaria cases,text,AFR,Africa,Country,BFA,Burkina Faso,Year,2020,FALSE,8122685,8 122 685 [5 375 000-11 720 000],EN,2025-12-18T23:00:00.000Z
MALARIA_EST_CASES,Estimated number of malaria cases,text,AFR,Africa,Country,AGO,Angola,Year,2020,FALSE,8179791,8 179 791 [5 141 000-12 210 000],EN,2025-12-18T23:00:00.000Z
MALARIA_EST_CASES,Estimated number of malaria cases,text,AFR,Africa,Country,CIV,Cote d'Ivoire,Year,2020,FALSE,8549253,8 549 253 [6 414 000-11 130 000],EN,2025-12-18T23:00:00.000Z
MALARIA_EST_CASES,Estimated number of malaria cases,text,SEAR,South-East Asia,Country,MMR,Myanmar,Year,2020,FALSE,82134,82 134 [67 000-99 000],EN,2025-12-18T23:00:00.000Z
MALARIA_EST_CASES,Estimated number of malaria cases,text,EMR,Eastern Mediterranean,Country,SAU,Saudi Arabia,Year,2020,FALSE,83,83,EN,2025-12-18T23:00:00.000Z
MALARIA_EST_CASES,Estimated number of malaria cases,text,EMR,Eastern Mediterranean,Country,YEM,Yemen,Year,2020,FALSE,848385,848 385 [547 000-1 286 000],EN,2025-12-18T23:00:00.000Z
MALARIA_EST_CASES,Estimated number of malaria cases,text,AFR,Africa,Country,MOZ,Mozambique,Year,2020,FALSE,9870873,9 870 873 [7 755 000-12 400 000],EN,2025-12-18T23:00:00.000Z
MALARIA_EST_CASES,Estimated number of malaria cases,text,AMR,Americas,Country,CRI,Costa Rica,Year,2020,FALSE,90,90,EN,2025-12-18T23:00:00.000Z
MALARIA_EST_CASES,Estimated number of malaria cases,text,SEAR,South-East Asia,Country,NPL,Nepal,Year,2020,FALSE,91,91 [77-110],EN,2025-12-18T23:00:00.000Z
MALARIA_EST_CASES,Estimated number of malaria cases,text,EMR,Eastern Mediterranean,Country,SOM,Somalia,Year,2020,FALSE,940793,940 793 [636 000-1 331 000],EN,2025-12-18T23:00:00.000Z
MALARIA_EST_CASES,Estimated number of malaria cases,text,AMR,Americas,Country,DOM,Dominican Republic,Year,2020,FALSE,977,977 [860-1100],EN,2025-12-18T23:00:00.000Z
MALARIA_EST_CASES,Estimated number of malaria cases,text,AFR,Africa,Country,DZA,Algeria,Year,2019,FALSE,0,0,EN,2025-12-18T23:00:00.000Z
MALARIA_EST_CASES,Estimated number of malaria cases,text,AMR,Americas,Country,ARG,Argentina,Year,2019,FALSE,0,0,EN,2025-12-18T23:00:00.000Z
MALARIA_EST_CASES,Estimated number of malaria cases,text,EUR,Europe,Country,ARM,Armenia,Year,2019,FALSE,0,0,EN,2025-12-18T23:00:00.000Z
MALARIA_EST_CASES,Estimated number of malaria cases,text,EUR,Europe,Country,AZE,Azerbaijan,Year,2019,FALSE,0,0,EN,2025-12-18T23:00:00.000Z
MALARIA_EST_CASES,Estimated number of malaria cases,text,AMR,Americas,Country,BLZ,Belize,Year,2019,FALSE,0,0,EN,2025-12-18T23:00:00.000Z
MALARIA_EST_CASES,Estimated number of malaria cases,text,AFR,Africa,Country,CPV,Cabo Verde,Year,2019,FALSE,0,0,EN,2025-12-18T23:00:00.000Z
MALARIA_EST_CASES,Estimated number of malaria cases,text,WPR,Western Pacific,Country,CHN,China,Year,2019,FALSE,0,0,EN,2025-12-18T23:00:00.000Z
MALARIA_EST_CASES,Estimated number of malaria cases,text,EMR,Eastern Mediterranean,Country,EGY,Egypt,Year,2019,FALSE,0,0,EN,2025-12-18T23:00:00.000Z
MALARIA_EST_CASES,Estimated number of malaria cases,text,AMR,Americas,Country,SLV,El Salvador,Year,2019,FALSE,0,0,EN,2025-12-18T23:00:00.000Z
MALARIA_EST_CASES,Estimated number of malaria cases,text,EUR,Europe,Country,GEO,Georgia,Year,2019,FALSE,0,0,EN,2025-12-18T23:00:00.000Z
MALARIA_EST_CASES,Estimated number of malaria cases,text,EMR,Eastern Mediterranean,Country,IRN,Iran (Islamic Republic of),Year,2019,FALSE,0,0,EN,2025-12-18T23:00:00.000Z
MALARIA_EST_CASES,Estimated number of malaria cases,text,EMR,Eastern Mediterranean,Country,IRQ,Iraq,Year,2019,FALSE,0,0,EN,2025-12-18T23:00:00.000Z
MALARIA_EST_CASES,Estimated number of malaria cases,text,EUR,Europe,Country,KAZ,Kazakhstan,Year,2019,FALSE,0,0,EN,2025-12-18T23:00:00.000Z
MALARIA_EST_CASES,Estimated number of malaria cases,text,EUR,Europe,Country,KGZ,Kyrgyzstan,Year,2019,FALSE,0,0,EN,2025-12-18T23:00:00.000Z
MALARIA_EST_CASES,Estimated number of malaria cases,text,WPR,Western Pacific,Country,MYS,Malaysia,Year,2019,FALSE,0,0,EN,2025-12-18T23:00:00.000Z
MALARIA_EST_CASES,Estimated number of malaria cases,text,EMR,Eastern Mediterranean,Country,MAR,Morocco,Year,2019,FALSE,0,0,EN,2025-12-18T23:00:00.000Z
MALARIA_EST_CASES,Estimated number of malaria cases,text,EMR,Eastern Mediterranean,Country,OMN,Oman,Year,2019,FALSE,0,0,EN,2025-12-18T23:00:00.000Z
MALARIA_EST_CASES,Estimated number of malaria cases,text,AMR,Americas,Country,PRY,Paraguay,Year,2019,FALSE,0,0,EN,2025-12-18T23:00:00.000Z
MALARIA_EST_CASES,Estimated number of malaria cases,text,SEAR,South-East Asia,Country,LKA,Sri Lanka,Year,2019,FALSE,0,0,EN,2025-12-18T23:00:00.000Z
MALARIA_EST_CASES,Estimated number of malaria cases,text,EMR,Eastern Mediterranean,Country,SYR,Syrian Arab Republic,Year,2019,FALSE,0,0,EN,2025-12-18T23:00:00.000Z
MALARIA_EST_CASES,Estimated number of malaria cases,text,EUR,Europe,Country,TUR,Türkiye,Year,2019,FALSE,0,0,EN,2025-12-18T23:00:00.000Z
MALARIA_EST_CASES,Estimated number of malaria cases,text,EUR,Europe,Country,TJK,Tajikistan,Year,2019,FALSE,0,0,EN,2025-12-18T23:00:00.000Z
MALARIA_EST_CASES,Estimated number of malaria cases,text,SEAR,South-East Asia,Country,TLS,Timor-Leste,Year,2019,FALSE,0,0,EN,2025-12-18T23:00:00.000Z
MALARIA_EST_CASES,Estimated number of malaria cases,text,EUR,Europe,Country,TKM,Turkmenistan,Year,2019,FALSE,0,0,EN,2025-12-18T23:00:00.000Z
MALARIA_EST_CASES,Estimated number of malaria cases,text,EMR,Eastern Mediterranean,Country,ARE,United Arab Emirates,Year,2019,FALSE,0,0,EN,2025-12-18T23:00:00.000Z
MALARIA_EST_CASES,Estimated number of malaria cases,text,EUR,Europe,Country,UZB,Uzbekistan,Year,2019,FALSE,0,0,EN,2025-12-18T23:00:00.000Z
MALARIA_EST_CASES,Estimated number of malaria cases,text,WPR,Western Pacific,Country,PNG,Papua New Guinea,Year,2019,FALSE,1346175,1 346 175 [914 000-1 835 000],EN,2025-12-18T23:00:00.000Z
MALARIA_EST_CASES,Estimated number of malaria cases,text,AFR,Africa,Country,COG,Congo,Year,2019,FALSE,1381360,1 381 360 [838 000-2 153 000],EN,2025-12-18T23:00:00.000Z
MALARIA_EST_CASES,Estimated number of malaria cases,text,AFR,Africa,Country,LBR,Liberia,Year,2019,FALSE,1517147,1 517 147 [990 000-2 207 000],EN,2025-12-18T23:00:00.000Z
MALARIA_EST_CASES,Estimated number of malaria cases,text,AFR,Africa,Country,CAF,Central African Republic,Year,2019,FALSE,1895269,1 895 269 [954 000-3 410 000],EN,2025-12-18T23:00:00.000Z
MALARIA_EST_CASES,Estimated number of malaria cases,text,WPR,Western Pacific,Country,LAO,Lao People's Democratic Republic,Year,2019,FALSE,10541,10 541 [7600-14 000],EN,2025-12-18T23:00:00.000Z
MALARIA_EST_CASES,Estimated number of malaria cases,text,AFR,Africa,Country,UGA,Uganda,Year,2019,FALSE,10785343,10 785 343 [8 479 000-13 510 000],EN,2025-12-18T23:00:00.000Z
MALARIA_EST_CASES,Estimated number of malaria cases,text,AMR,Americas,Country,SUR,Suriname,Year,2019,FALSE,104,104,EN,2025-12-18T23:00:00.000Z
MALARIA_EST_CASES,Estimated number of malaria cases,text,AFR,Africa,Country,GMB,Gambia,Year,2019,FALSE,109975,109 975 [86 000-137 000],EN,2025-12-18T23:00:00.000Z
MALARIA_EST_CASES,Estimated number of malaria cases,text,AMR,Americas,Country,BOL,Bolivia (Plurinational State of),Year,2019,FALSE,12654,12 654 [9900-16 000],EN,2025-12-18T23:00:00.000Z
MALARIA_EST_CASES,Estimated number of malaria cases,text,AMR,Americas,Country,COL,Colombia,Year,2019,FALSE,123297,123 297 [92 000-158 000],EN,2025-12-18T23:00:00.000Z
MALARIA_EST_CASES,Estimated number of malaria cases,text,WPR,Western Pacific,Country,VUT,Vanuatu,Year,2019,FALSE,1262,1262 [840-1900],EN,2025-12-18T23:00:00.000Z
MALARIA_EST_CASES,Estimated number of malaria cases,text,WPR,Western Pacific,Country,PHL,Philippines,Year,2019,FALSE,13536,13 536 [9600-18 000],EN,2025-12-18T23:00:00.000Z
MALARIA_EST_CASES,Estimated number of malaria cases,text,WPR,Western Pacific,Country,SLB,Solomon Islands,Year,2019,FALSE,141113,141 113 [109 000-191 000],EN,2025-12-18T23:00:00.000Z
MALARIA_EST_CASES,Estimated number of malaria cases,text,AMR,Americas,Country,DOM,Dominican Republic,Year,2019,FALSE,1528,1528 [1300-1700],EN,2025-12-18T23:00:00.000Z
MALARIA_EST_CASES,Estimated number of malaria cases,text,AMR,Americas,Country,NIC,Nicaragua,Year,2019,FALSE,16717,16 717 [14 000-20 000],EN,2025-12-18T23:00:00.000Z
MALARIA_EST_CASES,Estimated number of malaria cases,text,AFR,Africa,Country,COM,Comoros,Year,2019,FALSE,17599,17 599,EN,2025-12-18T23:00:00.000Z
MALARIA_EST_CASES,Estimated number of malaria cases,text,AMR,Americas,Country,HTI,Haiti,Year,2019,FALSE,17703,17 703 [12 000-24 000],EN,2025-12-18T23:00:00.000Z
MALARIA_EST_CASES,Estimated number of malaria cases,text,AFR,Africa,Country,GNB,Guinea-Bissau,Year,2019,FALSE,171396,171 396 [61 000-392 000],EN,2025-12-18T23:00:00.000Z
MALARIA_EST_CASES,Estimated number of malaria cases,text,SEAR,South-East Asia,Country,NPL,Nepal,Year,2019,FALSE,176,176 [150-210],EN,2025-12-18T23:00:00.000Z
MALARIA_EST_CASES,Estimated number of malaria cases,text,AMR,Americas,Country,BRA,Brazil,Year,2019,FALSE,178650,178 650 [160 000-193 000],EN,2025-12-18T23:00:00.000Z
MALARIA_EST_CASES,Estimated number of malaria cases,text,AMR,Americas,Country,ECU,Ecuador,Year,2019,FALSE,1803,1803,EN,2025-12-18T23:00:00.000Z
MALARIA_EST_CASES,Estimated number of malaria cases,text,AMR,Americas,Country,PAN,Panama,Year,2019,FALSE,1850,1850 [1800-2000],EN,2025-12-18T23:00:00.000Z
MALARIA_EST_CASES,Estimated number of malaria cases,text,SEAR,South-East Asia,Country,PRK,Democratic People's Republic of Korea,Year,2019,FALSE,1869,1869,EN,2025-12-18T23:00:00.000Z
MALARIA_EST_CASES,Estimated number of malaria cases,text,SEAR,South-East Asia,Country,BTN,Bhutan,Year,2019,FALSE,2,2,EN,2025-12-18T23:00:00.000Z
MALARIA_EST_CASES,Estimated number of malaria cases,text,AFR,Africa,Country,MDG,Madagascar,Year,2019,FALSE,2024097,2 024 097 [1 383 000-2 718 000],EN,2025-12-18T23:00:00.000Z
MALARIA_EST_CASES,Estimated number of malaria cases,text,AFR,Africa,Country,TGO,Togo,Year,2019,FALSE,2454104,2 454 104 [1 799 000-3 272 000],EN,2025-12-18T23:00:00.000Z
MALARIA_EST_CASES,Estimated number of malaria cases,text,AFR,Africa,Country,SLE,Sierra Leone,Year,2019,FALSE,2488781,2 488 781 [1 507 000-3 899 000],EN,2025-12-18T23:00:00.000Z
MALARIA_EST_CASES,Estimated number of malaria cases,text,AFR,Africa,Country,ETH,Ethiopia,Year,2019,FALSE,2645193,2 645 193 [1 468 000-3 938 000],EN,2025-12-18T23:00:00.000Z
MALARIA_EST_CASES,Estimated number of malaria cases,text,EMR,Eastern Mediterranean,Country,SDN,Sudan,Year,2019,FALSE,2877034,2 877 034 [1 714 000-4 650 000],EN,2025-12-18T23:00:00.000Z
MALARIA_EST_CASES,Estimated number of malaria cases,text,AFR,Africa,Country,SSD,South Sudan,Year,2019,FALSE,2980388,2 980 388 [1 973 000-4 343 000],EN,2025-12-18T23:00:00.000Z
MALARIA_EST_CASES,Estimated number of malaria cases,text,AFR,Africa,Country,ERI,Eritrea,Year,2019,FALSE,200382,200 382 [128 000-279 000],EN,2025-12-18T23:00:00.000Z
MALARIA_EST_CASES,Estimated number of malaria cases,text,SEAR,South-East Asia,Country,BGD,Bangladesh,Year,2019,FALSE,21202,21 202 [18 000-25 000],EN,2025-12-18T23:00:00.000Z
MALARIA_EST_CASES,Estimated number of malaria cases,text,AMR,Americas,Country,GTM,Guatemala,Year,2019,FALSE,2425,2425 [2200-2800],EN,2025-12-18T23:00:00.000Z
MALARIA_EST_CASES,Estimated number of malaria cases,text,AFR,Africa,Country,STP,Sao Tome and Principe,Year,2019,FALSE,2447,2447,EN,2025-12-18T23:00:00.000Z
MALARIA_EST_CASES,Estimated number of malaria cases,text,AMR,Americas,Country,GUF,French Guiana,Year,2019,FALSE,248,248 [220-280],EN,2025-12-18T23:00:00.000Z
MALARIA_EST_CASES,Estimated number of malaria cases,text,AFR,Africa,Country,SWZ,Eswatini,Year,2019,FALSE,252,252,EN,2025-12-18T23:00:00.000Z
MALARIA_EST_CASES,Estimated number of malaria cases,text,AFR,Africa,Country,BWA,Botswana,Year,2019,FALSE,259,259 [200-360],EN,2025-12-18T23:00:00.000Z
MALARIA_EST_CASES,Estimated number of malaria cases,text,AMR,Americas,Country,GUY,Guyana,Year,2019,FALSE,26050,26 050 [22 000-30 000],EN,2025-12-18T23:00:00.000Z
MALARIA_EST_CASES,Estimated number of malaria cases,text,AFR,Africa,Country,MRT,Mauritania,Year,2019,FALSE,269007,269 007 [95 000-546 000],EN,2025-12-18T23:00:00.000Z
MALARIA_EST_CASES,Estimated number of malaria cases,text,AFR,Africa,Country,TCD,Chad,Year,2019,FALSE,3584673,3 584 673 [2 257 000-5 405 000],EN,2025-12-18T23:00:00.000Z
MALARIA_EST_CASES,Estimated number of malaria cases,text,AFR,Africa,Country,KEN,Kenya,Year,2019,FALSE,3669775,3 669 775 [2 707 000-4 822 000],EN,2025-12-18T23:00:00.000Z
MALARIA_EST_CASES,Estimated number of malaria cases,text,SEAR,South-East Asia,Country,IND,India,Year,2019,FALSE,3691018,3 691 018 [2 378 000-5 059 000],EN,2025-12-18T23:00:00.000Z
MALARIA_EST_CASES,Estimated number of malaria cases,text,AFR,Africa,Country,COD,Democratic Republic of the Congo,Year,2019,FALSE,31580724,31 580 724 [24 500 000-40 160 000],EN,2025-12-18T23:00:00.000Z
MALARIA_EST_CASES,Estimated number of malaria cases,text,WPR,Western Pacific,Country,KHM,Cambodia,Year,2019,FALSE,36061,36 061 [33 000-39 000],EN,2025-12-18T23:00:00.000Z
MALARIA_EST_CASES,Estimated number of malaria cases,text,EMR,Eastern Mediterranean,Country,SAU,Saudi Arabia,Year,2019,FALSE,38,38,EN,2025-12-18T23:00:00.000Z
MALARIA_EST_CASES,Estimated number of malaria cases,text,WPR,Western Pacific,Country,VNM,Viet Nam,Year,2019,FALSE,3856,3856 [3600-4300],EN,2025-12-18T23:00:00.000Z
MALARIA_EST_CASES,Estimated number of malaria cases,text,AFR,Africa,Country,MYT,Mayotte,Year,2019,FALSE,4,4 [4-4],EN,2025-12-18T23:00:00.000Z
MALARIA_EST_CASES,Estimated number of malaria cases,text,AFR,Africa,Country,ZMB,Zambia,Year,2019,FALSE,4144367,4 144 367 [3 249 000-5 181 000],EN,2025-12-18T23:00:00.000Z
MALARIA_EST_CASES,Estimated number of malaria cases,text,AFR,Africa,Country,GIN,Guinea,Year,2019,FALSE,4186659,4 186 659 [2 905 000-5 877 000],EN,2025-12-18T23:00:00.000Z
MALARIA_EST_CASES,Estimated number of malaria cases,text,AFR,Africa,Country,BDI,Burundi,Year,2019,FALSE,4231527,4 231 527 [3 289 000-5 397 000],EN,2025-12-18T23:00:00.000Z
MALARIA_EST_CASES,Estimated number of malaria cases,text,AFR,Africa,Country,RWA,Rwanda,Year,2019,FALSE,4923219,4 923 219 [3 827 000-6 069 000],EN,2025-12-18T23:00:00.000Z
MALARIA_EST_CASES,Estimated number of malaria cases,text,SEAR,South-East Asia,Country,THA,Thailand,Year,2019,FALSE,4063,4063,EN,2025-12-18T23:00:00.000Z
MALARIA_EST_CASES,Estimated number of malaria cases,text,AFR,Africa,Country,GNQ,Equatorial Guinea,Year,2019,FALSE,413201,413 201 [280 000-596 000],EN,2025-12-18T23:00:00.000Z
MALARIA_EST_CASES,Estimated number of malaria cases,text,EMR,Eastern Mediterranean,Country,AFG,Afghanistan,Year,2019,FALSE,413480,413 480 [319 000-525 000],EN,2025-12-18T23:00:00.000Z
MALARIA_EST_CASES,Estimated number of malaria cases,text,AFR,Africa,Country,GAB,Gabon,Year,2019,FALSE,432488,432 488 [322 000-570 000],EN,2025-12-18T23:00:00.000Z
MALARIA_EST_CASES,Estimated number of malaria cases,text,AMR,Americas,Country,PER,Peru,Year,2019,FALSE,45729,45 729 [33 000-64 000],EN,2025-12-18T23:00:00.000Z
MALARIA_EST_CASES,Estimated number of malaria cases,text,AMR,Americas,Country,HND,Honduras,Year,2019,FALSE,455,455 [350-570],EN,2025-12-18T23:00:00.000Z
MALARIA_EST_CASES,Estimated number of malaria cases,text,AMR,Americas,Country,VEN,Venezuela (Bolivarian Republic of),Year,2019,FALSE,466830,466 830 [415 000-539 000],EN,2025-12-18T23:00:00.000Z
MALARIA_EST_CASES,Estimated number of malaria cases,text,AFR,Africa,Country,ZAF,South Africa,Year,2019,FALSE,4821,4821,EN,2025-12-18T23:00:00.000Z
MALARIA_EST_CASES,Estimated number of malaria cases,text,WPR,Western Pacific,Country,KOR,Republic of Korea,Year,2019,FALSE,485,485,EN,2025-12-18T23:00:00.000Z
MALARIA_EST_CASES,Estimated number of malaria cases,text,EMR,Eastern Mediterranean,Country,DJI,Djibouti,Year,2019,FALSE,49402,49 402,EN,2025-12-18T23:00:00.000Z
MALARIA_EST_CASES,Estimated number of malaria cases,text,AFR,Africa,Country,BEN,Benin,Year,2019,FALSE,5089580,5 089 580 [3 915 000-6 507 000],EN,2025-12-18T23:00:00.000Z
MALARIA_EST_CASES,Estimated number of malaria cases,text,AFR,Africa,Country,MWI,Malawi,Year,2019,FALSE,5332690,5 332 690 [3 520 000-7 695 000],EN,2025-12-18T23:00:00.000Z
MALARIA_EST_CASES,Estimated number of malaria cases,text,WPR,Western Pacific,Country,IDN,Indonesia,Year,2019,FALSE,533736,533 736 [490 000-583 000],EN,2025-12-18T23:00:00.000Z
MALARIA_EST_CASES,Estimated number of malaria cases,text,AFR,Africa,Country,NAM,Namibia,Year,2019,FALSE,5705,5705 [4000-8100],EN,2025-12-18T23:00:00.000Z
MALARIA_EST_CASES,Estimated number of malaria cases,text,AFR,Africa,Country,CMR,Cameroon,Year,2019,FALSE,6209127,6 209 127 [4 690 000-8 088 000],EN,2025-12-18T23:00:00.000Z
MALARIA_EST_CASES,Estimated number of malaria cases,text,AFR,Africa,Country,GHA,Ghana,Year,2019,FALSE,6729077,6 729 077 [5 140 000-8 690 000],EN,2025-12-18T23:00:00.000Z
MALARIA_EST_CASES,Estimated number of malaria cases,text,AFR,Africa,Country,MLI,Mali,Year,2019,FALSE,6863255,6 863 255 [4 844 000-9 742 000],EN,2025-12-18T23:00:00.000Z
MALARIA_EST_CASES,Estimated number of malaria cases,text,AFR,Africa,Country,TZA,United Republic of Tanzania,Year,2019,FALSE,6869755,6 869 755 [4 993 000-9 224 000],EN,2025-12-18T23:00:00.000Z
MALARIA_EST_CASES,Estimated number of malaria cases,text,AFR,Africa,Country,NGA,Nigeria,Year,2019,FALSE,61379283,61 379 283 [47 440 000-78 810 000],EN,2025-12-18T23:00:00.000Z
MALARIA_EST_CASES,Estimated number of malaria cases,text,AMR,Americas,Country,MEX,Mexico,Year,2019,FALSE,619,619,EN,2025-12-18T23:00:00.000Z
MALARIA_EST_CASES,Estimated number of malaria cases,text,EMR,Eastern Mediterranean,Country,PAK,Pakistan,Year,2019,FALSE,640475,640 475 [507 000-854 000],EN,2025-12-18T23:00:00.000Z
MALARIA_EST_CASES,Estimated number of malaria cases,text,AFR,Africa,Country,SEN,Senegal,Year,2019,FALSE,672221,672 221 [455 000-908 000],EN,2025-12-18T23:00:00.000Z
MALARIA_EST_CASES,Estimated number of malaria cases,text,AFR,Africa,Country,BFA,Burkina Faso,Year,2019,FALSE,7472680,7 472 680 [5 064 000-10 750 000],EN,2025-12-18T23:00:00.000Z
MALARIA_EST_CASES,Estimated number of malaria cases,text,AFR,Africa,Country,NER,Niger,Year,2019,FALSE,7631511,7 631 511 [4 731 000-11 760 000],EN,2025-12-18T23:00:00.000Z
MALARIA_EST_CASES,Estimated number of malaria cases,text,AFR,Africa,Country,AGO,Angola,Year,2019,FALSE,7870619,7 870 619 [5 185 000-11 400 000],EN,2025-12-18T23:00:00.000Z
MALARIA_EST_CASES,Estimated number of malaria cases,text,SEAR,South-East Asia,Country,MMR,Myanmar,Year,2019,FALSE,78326,78 326 [64 000-95 000],EN,2025-12-18T23:00:00.000Z
MALARIA_EST_CASES,Estimated number of malaria cases,text,AFR,Africa,Country,ZWE,Zimbabwe,Year,2019,FALSE,782740,782 740 [470 000-1 124 000],EN,2025-12-18T23:00:00.000Z
MALARIA_EST_CASES,Estimated number of malaria cases,text,AFR,Africa,Country,CIV,Cote d'Ivoire,Year,2019,FALSE,8253903,8 253 903 [5 950 000-11 140 000],EN,2025-12-18T23:00:00.000Z
MALARIA_EST_CASES,Estimated number of malaria cases,text,EMR,Eastern Mediterranean,Country,YEM,Yemen,Year,2019,FALSE,873605,873 605 [572 000-1 313 000],EN,2025-12-18T23:00:00.000Z
MALARIA_EST_CASES,Estimated number of malaria cases,text,AFR,Africa,Country,MOZ,Mozambique,Year,2019,FALSE,9681576,9 681 576 [7 643 000-12 080 000],EN,2025-12-18T23:00:00.000Z
MALARIA_EST_CASES,Estimated number of malaria cases,text,EMR,Eastern Mediterranean,Country,SOM,Somalia,Year,2019,FALSE,908129,908 129 [607 000-1 302 000],EN,2025-12-18T23:00:00.000Z
MALARIA_EST_CASES,Estimated number of malaria cases,text,AMR,Americas,Country,CRI,Costa Rica,Year,2019,FALSE,95,95,EN,2025-12-18T23:00:00.000Z
MALARIA_EST_CASES,Estimated number of malaria cases,text,AFR,Africa,Country,DZA,Algeria,Year,2018,FALSE,0,0,EN,2025-12-18T23:00:00.000Z
MALARIA_EST_CASES,Estimated number of malaria cases,text,AMR,Americas,Country,ARG,Argentina,Year,2018,FALSE,0,0,EN,2025-12-18T23:00:00.000Z
MALARIA_EST_CASES,Estimated number of malaria cases,text,EUR,Europe,Country,ARM,Armenia,Year,2018,FALSE,0,0,EN,2025-12-18T23:00:00.000Z
MALARIA_EST_CASES,Estimated number of malaria cases,text,EUR,Europe,Country,AZE,Azerbaijan,Year,2018,FALSE,0,0,EN,2025-12-18T23:00:00.000Z
MALARIA_EST_CASES,Estimated number of malaria cases,text,WPR,Western Pacific,Country,CHN,China,Year,2018,FALSE,0,0,EN,2025-12-18T23:00:00.000Z
MALARIA_EST_CASES,Estimated number of malaria cases,text,EMR,Eastern Mediterranean,Country,EGY,Egypt,Year,2018,FALSE,0,0,EN,2025-12-18T23:00:00.000Z
MALARIA_EST_CASES,Estimated number of malaria cases,text,AMR,Americas,Country,SLV,El Salvador,Year,2018,FALSE,0,0,EN,2025-12-18T23:00:00.000Z
MALARIA_EST_CASES,Estimated number of malaria cases,text,EUR,Europe,Country,GEO,Georgia,Year,2018,FALSE,0,0,EN,2025-12-18T23:00:00.000Z
MALARIA_EST_CASES,Estimated number of malaria cases,text,EMR,Eastern Mediterranean,Country,IRN,Iran (Islamic Republic of),Year,2018,FALSE,0,0,EN,2025-12-18T23:00:00.000Z
MALARIA_EST_CASES,Estimated number of malaria cases,text,EMR,Eastern Mediterranean,Country,IRQ,Iraq,Year,2018,FALSE,0,0,EN,2025-12-18T23:00:00.000Z
MALARIA_EST_CASES,Estimated number of malaria cases,text,EUR,Europe,Country,KAZ,Kazakhstan,Year,2018,FALSE,0,0,EN,2025-12-18T23:00:00.000Z
MALARIA_EST_CASES,Estimated number of malaria cases,text,EUR,Europe,Country,KGZ,Kyrgyzstan,Year,2018,FALSE,0,0,EN,2025-12-18T23:00:00.000Z
MALARIA_EST_CASES,Estimated number of malaria cases,text,WPR,Western Pacific,Country,MYS,Malaysia,Year,2018,FALSE,0,0,EN,2025-12-18T23:00:00.000Z
MALARIA_EST_CASES,Estimated number of malaria cases,text,EMR,Eastern Mediterranean,Country,MAR,Morocco,Year,2018,FALSE,0,0,EN,2025-12-18T23:00:00.000Z
MALARIA_EST_CASES,Estimated number of malaria cases,text,EMR,Eastern Mediterranean,Country,OMN,Oman,Year,2018,FALSE,0,0,EN,2025-12-18T23:00:00.000Z
MALARIA_EST_CASES,Estimated number of malaria cases,text,AMR,Americas,Country,PRY,Paraguay,Year,2018,FALSE,0,0,EN,2025-12-18T23:00:00.000Z
MALARIA_EST_CASES,Estimated number of malaria cases,text,SEAR,South-East Asia,Country,LKA,Sri Lanka,Year,2018,FALSE,0,0,EN,2025-12-18T23:00:00.000Z
MALARIA_EST_CASES,Estimated number of malaria cases,text,EMR,Eastern Mediterranean,Country,SYR,Syrian Arab Republic,Year,2018,FALSE,0,0,EN,2025-12-18T23:00:00.000Z
MALARIA_EST_CASES,Estimated number of malaria cases,text,EUR,Europe,Country,TUR,Türkiye,Year,2018,FALSE,0,0,EN,2025-12-18T23:00:00.000Z
MALARIA_EST_CASES,Estimated number of malaria cases,text,EUR,Europe,Country,TJK,Tajikistan,Year,2018,FALSE,0,0,EN,2025-12-18T23:00:00.000Z
MALARIA_EST_CASES,Estimated number of malaria cases,text,SEAR,South-East Asia,Country,TLS,Timor-Leste,Year,2018,FALSE,0,0,EN,2025-12-18T23:00:00.000Z
MALARIA_EST_CASES,Estimated number of malaria cases,text,EUR,Europe,Country,TKM,Turkmenistan,Year,2018,FALSE,0,0,EN,2025-12-18T23:00:00.000Z
MALARIA_EST_CASES,Estimated number of malaria cases,text,EMR,Eastern Mediterranean,Country,ARE,United Arab Emirates,Year,2018,FALSE,0,0,EN,2025-12-18T23:00:00.000Z
MALARIA_EST_CASES,Estimated number of malaria cases,text,EUR,Europe,Country,UZB,Uzbekistan,Year,2018,FALSE,0,0,EN,2025-12-18T23:00:00.000Z
MALARIA_EST_CASES,Estimated number of malaria cases,text,AFR,Africa,Country,SEN,Senegal,Year,2018,FALSE,1047659,1 047 659 [729 000-1 402 000],EN,2025-12-18T23:00:00.000Z
MALARIA_EST_CASES,Estimated number of malaria cases,text,WPR,Western Pacific,Country,PNG,Papua New Guinea,Year,2018,FALSE,1301773,1 301 773 [850 000-1 845 000],EN,2025-12-18T23:00:00.000Z
MALARIA_EST_CASES,Estimated number of malaria cases,text,AFR,Africa,Country,COG,Congo,Year,2018,FALSE,1369527,1 369 527 [852 000-2 088 000],EN,2025-12-18T23:00:00.000Z
MALARIA_EST_CASES,Estimated number of malaria cases,text,AFR,Africa,Country,LBR,Liberia,Year,2018,FALSE,1639596,1 639 596 [1 202 000-2 206 000],EN,2025-12-18T23:00:00.000Z
MALARIA_EST_CASES,Estimated number of malaria cases,text,AFR,Africa,Country,CAF,Central African Republic,Year,2018,FALSE,1879556,1 879 556 [980 000-3 350 000],EN,2025-12-18T23:00:00.000Z
MALARIA_EST_CASES,Estimated number of malaria cases,text,AFR,Africa,Country,MDG,Madagascar,Year,2018,FALSE,1975799,1 975 799 [1 397 000-2 630 000],EN,2025-12-18T23:00:00.000Z
MALARIA_EST_CASES,Estimated number of malaria cases,text,WPR,Western Pacific,Country,PHL,Philippines,Year,2018,FALSE,10900,10 900 [7700-15 000],EN,2025-12-18T23:00:00.000Z
MALARIA_EST_CASES,Estimated number of malaria cases,text,SEAR,South-East Asia,Country,MMR,Myanmar,Year,2018,FALSE,108681,108 681 [88 000-131 000],EN,2025-12-18T23:00:00.000Z
MALARIA_EST_CASES,Estimated number of malaria cases,text,AFR,Africa,Country,UGA,Uganda,Year,2018,FALSE,11190095,11 190 095 [8 653 000-14 180 000],EN,2025-12-18T23:00:00.000Z
MALARIA_EST_CASES,Estimated number of malaria cases,text,SEAR,South-East Asia,Country,BGD,Bangladesh,Year,2018,FALSE,12397,12 397 [11 000-14 000],EN,2025-12-18T23:00:00.000Z
MALARIA_EST_CASES,Estimated number of malaria cases,text,WPR,Western Pacific,Country,VUT,Vanuatu,Year,2018,FALSE,1367,1367 [930-2000],EN,2025-12-18T23:00:00.000Z
MALARIA_EST_CASES,Estimated number of malaria cases,text,AFR,Africa,Country,GNB,Guinea-Bissau,Year,2018,FALSE,137782,137 782 [49 000-311 000],EN,2025-12-18T23:00:00.000Z
MALARIA_EST_CASES,Estimated number of malaria cases,text,AFR,Africa,Country,COM,Comoros,Year,2018,FALSE,15186,15 186,EN,2025-12-18T23:00:00.000Z
MALARIA_EST_CASES,Estimated number of malaria cases,text,WPR,Western Pacific,Country,LAO,Lao People's Democratic Republic,Year,2018,FALSE,15654,15 654 [11 000-21 000],EN,2025-12-18T23:00:00.000Z
MALARIA_EST_CASES,Estimated number of malaria cases,text,AMR,Americas,Country,HTI,Haiti,Year,2018,FALSE,16000,16 000 [11 000-22 000],EN,2025-12-18T23:00:00.000Z
MALARIA_EST_CASES,Estimated number of malaria cases,text,AMR,Americas,Country,ECU,Ecuador,Year,2018,FALSE,1653,1653,EN,2025-12-18T23:00:00.000Z
MALARIA_EST_CASES,Estimated number of malaria cases,text,AFR,Africa,Country,GMB,Gambia,Year,2018,FALSE,196160,196 160 [143 000-253 000],EN,2025-12-18T23:00:00.000Z
MALARIA_EST_CASES,Estimated number of malaria cases,text,AFR,Africa,Country,CPV,Cabo Verde,Year,2018,FALSE,2,2,EN,2025-12-18T23:00:00.000Z
MALARIA_EST_CASES,Estimated number of malaria cases,text,AFR,Africa,Country,SLE,Sierra Leone,Year,2018,FALSE,2573166,2 573 166 [1 786 000-3 627 000],EN,2025-12-18T23:00:00.000Z
MALARIA_EST_CASES,Estimated number of malaria cases,text,EMR,Eastern Mediterranean,Country,SDN,Sudan,Year,2018,FALSE,2625245,2 625 245 [1 819 000-3 726 000],EN,2025-12-18T23:00:00.000Z
MALARIA_EST_CASES,Estimated number of malaria cases,text,AFR,Africa,Country,TGO,Togo,Year,2018,FALSE,2663084,2 663 084 [2 076 000-3 354 000],EN,2025-12-18T23:00:00.000Z
MALARIA_EST_CASES,Estimated number of malaria cases,text,AFR,Africa,Country,ETH,Ethiopia,Year,2018,FALSE,2793314,2 793 314 [1 540 000-4 199 000],EN,2025-12-18T23:00:00.000Z
MALARIA_EST_CASES,Estimated number of malaria cases,text,AFR,Africa,Country,SSD,South Sudan,Year,2018,FALSE,2797006,2 797 006 [1 877 000-4 004 000],EN,2025-12-18T23:00:00.000Z
MALARIA_EST_CASES,Estimated number of malaria cases,text,AMR,Americas,Country,NIC,Nicaragua,Year,2018,FALSE,20158,20 158 [17 000-24 000],EN,2025-12-18T23:00:00.000Z
MALARIA_EST_CASES,Estimated number of malaria cases,text,AMR,Americas,Country,BRA,Brazil,Year,2018,FALSE,218813,218 813 [195 000-237 000],EN,2025-12-18T23:00:00.000Z
MALARIA_EST_CASES,Estimated number of malaria cases,text,EMR,Eastern Mediterranean,Country,DJI,Djibouti,Year,2018,FALSE,24845,24 845,EN,2025-12-18T23:00:00.000Z
MALARIA_EST_CASES,Estimated number of malaria cases,text,SEAR,South-East Asia,Country,NPL,Nepal,Year,2018,FALSE,2736,2736 [2000-4000],EN,2025-12-18T23:00:00.000Z
MALARIA_EST_CASES,Estimated number of malaria cases,text,AFR,Africa,Country,STP,Sao Tome and Principe,Year,2018,FALSE,2937,2937,EN,2025-12-18T23:00:00.000Z
MALARIA_EST_CASES,Estimated number of malaria cases,text,AMR,Americas,Country,BLZ,Belize,Year,2018,FALSE,3,3,EN,2025-12-18T23:00:00.000Z
MALARIA_EST_CASES,Estimated number of malaria cases,text,AFR,Africa,Country,MYT,Mayotte,Year,2018,FALSE,3,3 [3-3],EN,2025-12-18T23:00:00.000Z
MALARIA_EST_CASES,Estimated number of malaria cases,text,AFR,Africa,Country,TCD,Chad,Year,2018,FALSE,3595187,3 595 187 [2 302 000-5 351 000],EN,2025-12-18T23:00:00.000Z
MALARIA_EST_CASES,Estimated number of malaria cases,text,AFR,Africa,Country,KEN,Kenya,Year,2018,FALSE,3722839,3 722 839 [2 679 000-4 975 000],EN,2025-12-18T23:00:00.000Z
MALARIA_EST_CASES,Estimated number of malaria cases,text,AFR,Africa,Country,ZMB,Zambia,Year,2018,FALSE,3990124,3 990 124 [3 155 000-4 953 000],EN,2025-12-18T23:00:00.000Z
MALARIA_EST_CASES,Estimated number of malaria cases,text,AMR,Americas,Country,SUR,Suriname,Year,2018,FALSE,30,30,EN,2025-12-18T23:00:00.000Z
MALARIA_EST_CASES,Estimated number of malaria cases,text,AFR,Africa,Country,COD,Democratic Republic of the Congo,Year,2018,FALSE,30384274,30 384 274 [23 470 000-38 460 000],EN,2025-12-18T23:00:00.000Z
MALARIA_EST_CASES,Estimated number of malaria cases,text,AMR,Americas,Country,GUY,Guyana,Year,2018,FALSE,30769,30 769 [23 000-42 000],EN,2025-12-18T23:00:00.000Z
MALARIA_EST_CASES,Estimated number of malaria cases,text,AFR,Africa,Country,MRT,Mauritania,Year,2018,FALSE,345632,345 632 [136 000-682 000],EN,2025-12-18T23:00:00.000Z
MALARIA_EST_CASES,Estimated number of malaria cases,text,AMR,Americas,Country,GTM,Guatemala,Year,2018,FALSE,3538,3538 [3100-4100],EN,2025-12-18T23:00:00.000Z
MALARIA_EST_CASES,Estimated number of malaria cases,text,SEAR,South-East Asia,Country,PRK,Democratic People's Republic of Korea,Year,2018,FALSE,3698,3698,EN,2025-12-18T23:00:00.000Z
MALARIA_EST_CASES,Estimated number of malaria cases,text,WPR,Western Pacific,Country,VNM,Viet Nam,Year,2018,FALSE,3777,3777 [3500-4200],EN,2025-12-18T23:00:00.000Z
MALARIA_EST_CASES,Estimated number of malaria cases,text,AFR,Africa,Country,BDI,Burundi,Year,2018,FALSE,4160542,4 160 542 [3 326 000-5 126 000],EN,2025-12-18T23:00:00.000Z
MALARIA_EST_CASES,Estimated number of malaria cases,text,SEAR,South-East Asia,Country,IND,India,Year,2018,FALSE,4411764,4 411 764 [3 113 000-5 804 000],EN,2025-12-18T23:00:00.000Z
MALARIA_EST_CASES,Estimated number of malaria cases,text,AFR,Africa,Country,GIN,Guinea,Year,2018,FALSE,4450281,4 450 281 [3 208 000-6 027 000],EN,2025-12-18T23:00:00.000Z
MALARIA_EST_CASES,Estimated number of malaria cases,text,AFR,Africa,Country,GAB,Gabon,Year,2018,FALSE,413097,413 097 [289 000-575 000],EN,2025-12-18T23:00:00.000Z
MALARIA_EST_CASES,Estimated number of malaria cases,text,AFR,Africa,Country,GNQ,Equatorial Guinea,Year,2018,FALSE,433324,433 324 [289 000-620 000],EN,2025-12-18T23:00:00.000Z
MALARIA_EST_CASES,Estimated number of malaria cases,text,AMR,Americas,Country,VEN,Venezuela (Bolivarian Republic of),Year,2018,FALSE,474766,474 766 [423 000-548 000],EN,2025-12-18T23:00:00.000Z
MALARIA_EST_CASES,Estimated number of malaria cases,text,AFR,Africa,Country,MWI,Malawi,Year,2018,FALSE,5020241,5 020 241 [3 631 000-6 729 000],EN,2025-12-18T23:00:00.000Z
MALARIA_EST_CASES,Estimated number of malaria cases,text,AFR,Africa,Country,BEN,Benin,Year,2018,FALSE,5048803,5 048 803 [4 009 000-6 281 000],EN,2025-12-18T23:00:00.000Z
MALARIA_EST_CASES,Estimated number of malaria cases,text,AFR,Africa,Country,RWA,Rwanda,Year,2018,FALSE,5963859,5 963 859 [4 506 000-7 500 000],EN,2025-12-18T23:00:00.000Z
MALARIA_EST_CASES,Estimated number of malaria cases,text,AFR,Africa,Country,NAM,Namibia,Year,2018,FALSE,50217,50 217 [40 000-62 000],EN,2025-12-18T23:00:00.000Z
MALARIA_EST_CASES,Estimated number of malaria cases,text,WPR,Western Pacific,Country,KOR,Republic of Korea,Year,2018,FALSE,501,501,EN,2025-12-18T23:00:00.000Z
MALARIA_EST_CASES,Estimated number of malaria cases,text,SEAR,South-East Asia,Country,THA,Thailand,Year,2018,FALSE,5110,5110,EN,2025-12-18T23:00:00.000Z
MALARIA_EST_CASES,Estimated number of malaria cases,text,AMR,Americas,Country,DOM,Dominican Republic,Year,2018,FALSE,516,516 [450-590],EN,2025-12-18T23:00:00.000Z
MALARIA_EST_CASES,Estimated number of malaria cases,text,AMR,Americas,Country,PER,Peru,Year,2018,FALSE,58455,58 455 [48 000-69 000],EN,2025-12-18T23:00:00.000Z
MALARIA_EST_CASES,Estimated number of malaria cases,text,AFR,Africa,Country,NGA,Nigeria,Year,2018,FALSE,59652248,59 652 248 [46 930 000-75 230 000],EN,2025-12-18T23:00:00.000Z
MALARIA_EST_CASES,Estimated number of malaria cases,text,SEAR,South-East Asia,Country,BTN,Bhutan,Year,2018,FALSE,6,6,EN,2025-12-18T23:00:00.000Z
MALARIA_EST_CASES,Estimated number of malaria cases,text,AFR,Africa,Country,CMR,Cameroon,Year,2018,FALSE,6176286,6 176 286 [4 711 000-7 937 000],EN,2025-12-18T23:00:00.000Z
MALARIA_EST_CASES,Estimated number of malaria cases,text,AFR,Africa,Country,TZA,United Republic of Tanzania,Year,2018,FALSE,6403212,6 403 212 [4 735 000-8 503 000],EN,2025-12-18T23:00:00.000Z
MALARIA_EST_CASES,Estimated number of malaria cases,text,AFR,Africa,Country,GHA,Ghana,Year,2018,FALSE,6518545,6 518 545 [4 974 000-8 384 000],EN,2025-12-18T23:00:00.000Z
MALARIA_EST_CASES,Estimated number of malaria cases,text,EMR,Eastern Mediterranean,Country,SAU,Saudi Arabia,Year,2018,FALSE,61,61,EN,2025-12-18T23:00:00.000Z
MALARIA_EST_CASES,Estimated number of malaria cases,text,EMR,Eastern Mediterranean,Country,AFG,Afghanistan,Year,2018,FALSE,633500,633 500 [485 000-810 000],EN,2025-12-18T23:00:00.000Z
MALARIA_EST_CASES,Estimated number of malaria cases,text,AFR,Africa,Country,ZWE,Zimbabwe,Year,2018,FALSE,634718,634 718 [393 000-897 000],EN,2025-12-18T23:00:00.000Z
MALARIA_EST_CASES,Estimated number of malaria cases,text,AMR,Americas,Country,GUF,French Guiana,Year,2018,FALSE,640,640 [570-740],EN,2025-12-18T23:00:00.000Z
MALARIA_EST_CASES,Estimated number of malaria cases,text,WPR,Western Pacific,Country,IDN,Indonesia,Year,2018,FALSE,662497,662 497 [605 000-730 000],EN,2025-12-18T23:00:00.000Z
MALARIA_EST_CASES,Estimated number of malaria cases,text,AFR,Africa,Country,SWZ,Eswatini,Year,2018,FALSE,686,686,EN,2025-12-18T23:00:00.000Z
MALARIA_EST_CASES,Estimated number of malaria cases,text,AFR,Africa,Country,AGO,Angola,Year,2018,FALSE,7274804,7 274 804 [5 332 000-9 794 000],EN,2025-12-18T23:00:00.000Z
MALARIA_EST_CASES,Estimated number of malaria cases,text,AFR,Africa,Country,BFA,Burkina Faso,Year,2018,FALSE,7280725,7 280 725 [4 892 000-10 380 000],EN,2025-12-18T23:00:00.000Z
MALARIA_EST_CASES,Estimated number of malaria cases,text,AFR,Africa,Country,CIV,Cote d'Ivoire,Year,2018,FALSE,7695880,7 695 880 [5 216 000-11 010 000],EN,2025-12-18T23:00:00.000Z
MALARIA_EST_CASES,Estimated number of malaria cases,text,AFR,Africa,Country,MLI,Mali,Year,2018,FALSE,7710138,7 710 138 [5 441 000-10 950 000],EN,2025-12-18T23:00:00.000Z
MALARIA_EST_CASES,Estimated number of malaria cases,text,AFR,Africa,Country,NER,Niger,Year,2018,FALSE,7760340,7 760 340 [4 896 000-11 740 000],EN,2025-12-18T23:00:00.000Z
MALARIA_EST_CASES,Estimated number of malaria cases,text,AMR,Americas,Country,CRI,Costa Rica,Year,2018,FALSE,70,70,EN,2025-12-18T23:00:00.000Z
MALARIA_EST_CASES,Estimated number of malaria cases,text,WPR,Western Pacific,Country,KHM,Cambodia,Year,2018,FALSE,70095,70 095 [65 000-77 000],EN,2025-12-18T23:00:00.000Z
MALARIA_EST_CASES,Estimated number of malaria cases,text,EMR,Eastern Mediterranean,Country,PAK,Pakistan,Year,2018,FALSE,705529,705 529 [547 000-978 000],EN,2025-12-18T23:00:00.000Z
MALARIA_EST_CASES,Estimated number of malaria cases,text,AMR,Americas,Country,BOL,Bolivia (Plurinational State of),Year,2018,FALSE,7239,7239 [5700-8900],EN,2025-12-18T23:00:00.000Z
MALARIA_EST_CASES,Estimated number of malaria cases,text,AMR,Americas,Country,PAN,Panama,Year,2018,FALSE,789,789 [710-850],EN,2025-12-18T23:00:00.000Z
MALARIA_EST_CASES,Estimated number of malaria cases,text,AFR,Africa,Country,BWA,Botswana,Year,2018,FALSE,809,809 [620-1100],EN,2025-12-18T23:00:00.000Z
MALARIA_EST_CASES,Estimated number of malaria cases,text,AMR,Americas,Country,MEX,Mexico,Year,2018,FALSE,813,813,EN,2025-12-18T23:00:00.000Z
MALARIA_EST_CASES,Estimated number of malaria cases,text,EMR,Eastern Mediterranean,Country,SOM,Somalia,Year,2018,FALSE,867813,867 813 [538 000-1 321 000],EN,2025-12-18T23:00:00.000Z
MALARIA_EST_CASES,Estimated number of malaria cases,text,WPR,Western Pacific,Country,SLB,Solomon Islands,Year,2018,FALSE,88372,88 372 [74 000-106 000],EN,2025-12-18T23:00:00.000Z
MALARIA_EST_CASES,Estimated number of malaria cases,text,AFR,Africa,Country,MOZ,Mozambique,Year,2018,FALSE,9613835,9 613 835 [7 624 000-11 870 000],EN,2025-12-18T23:00:00.000Z
MALARIA_EST_CASES,Estimated number of malaria cases,text,EMR,Eastern Mediterranean,Country,YEM,Yemen,Year,2018,FALSE,907055,907 055 [596 000-1 360 000],EN,2025-12-18T23:00:00.000Z
MALARIA_EST_CASES,Estimated number of malaria cases,text,AMR,Americas,Country,COL,Colombia,Year,2018,FALSE,93827,93 827 [70 000-120 000],EN,2025-12-18T23:00:00.000Z
MALARIA_EST_CASES,Estimated number of malaria cases,text,AMR,Americas,Country,HND,Honduras,Year,2018,FALSE,949,949 [710-1200],EN,2025-12-18T23:00:00.000Z
MALARIA_EST_CASES,Estimated number of malaria cases,text,AFR,Africa,Country,ZAF,South Africa,Year,2018,FALSE,9562,9562,EN,2025-12-18T23:00:00.000Z
MALARIA_EST_CASES,Estimated number of malaria cases,text,AFR,Africa,Country,ERI,Eritrea,Year,2018,FALSE,99716,99 716 [64 000-139 000],EN,2025-12-18T23:00:00.000Z
MALARIA_EST_CASES,Estimated number of malaria cases,text,AFR,Africa,Country,DZA,Algeria,Year,2017,FALSE,0,0,EN,2025-12-18T23:00:00.000Z
MALARIA_EST_CASES,Estimated number of malaria cases,text,AMR,Americas,Country,ARG,Argentina,Year,2017,FALSE,0,0,EN,2025-12-18T23:00:00.000Z
MALARIA_EST_CASES,Estimated number of malaria cases,text,EUR,Europe,Country,ARM,Armenia,Year,2017,FALSE,0,0,EN,2025-12-18T23:00:00.000Z
MALARIA_EST_CASES,Estimated number of malaria cases,text,EUR,Europe,Country,AZE,Azerbaijan,Year,2017,FALSE,0,0,EN,2025-12-18T23:00:00.000Z
MALARIA_EST_CASES,Estimated number of malaria cases,text,WPR,Western Pacific,Country,CHN,China,Year,2017,FALSE,0,0,EN,2025-12-18T23:00:00.000Z
MALARIA_EST_CASES,Estimated number of malaria cases,text,EMR,Eastern Mediterranean,Country,EGY,Egypt,Year,2017,FALSE,0,0,EN,2025-12-18T23:00:00.000Z
MALARIA_EST_CASES,Estimated number of malaria cases,text,AMR,Americas,Country,SLV,El Salvador,Year,2017,FALSE,0,0,EN,2025-12-18T23:00:00.000Z
MALARIA_EST_CASES,Estimated number of malaria cases,text,EUR,Europe,Country,GEO,Georgia,Year,2017,FALSE,0,0,EN,2025-12-18T23:00:00.000Z
MALARIA_EST_CASES,Estimated number of malaria cases,text,EMR,Eastern Mediterranean,Country,IRQ,Iraq,Year,2017,FALSE,0,0,EN,2025-12-18T23:00:00.000Z
MALARIA_EST_CASES,Estimated number of malaria cases,text,EUR,Europe,Country,KAZ,Kazakhstan,Year,2017,FALSE,0,0,EN,2025-12-18T23:00:00.000Z
MALARIA_EST_CASES,Estimated number of malaria cases,text,EUR,Europe,Country,KGZ,Kyrgyzstan,Year,2017,FALSE,0,0,EN,2025-12-18T23:00:00.000Z
MALARIA_EST_CASES,Estimated number of malaria cases,text,EMR,Eastern Mediterranean,Country,MAR,Morocco,Year,2017,FALSE,0,0,EN,2025-12-18T23:00:00.000Z
MALARIA_EST_CASES,Estimated number of malaria cases,text,EMR,Eastern Mediterranean,Country,OMN,Oman,Year,2017,FALSE,0,0,EN,2025-12-18T23:00:00.000Z
MALARIA_EST_CASES,Estimated number of malaria cases,text,AMR,Americas,Country,PRY,Paraguay,Year,2017,FALSE,0,0,EN,2025-12-18T23:00:00.000Z
MALARIA_EST_CASES,Estimated number of malaria cases,text,SEAR,South-East Asia,Country,LKA,Sri Lanka,Year,2017,FALSE,0,0,EN,2025-12-18T23:00:00.000Z
MALARIA_EST_CASES,Estimated number of malaria cases,text,EMR,Eastern Mediterranean,Country,SYR,Syrian Arab Republic,Year,2017,FALSE,0,0,EN,2025-12-18T23:00:00.000Z
MALARIA_EST_CASES,Estimated number of malaria cases,text,EUR,Europe,Country,TUR,Türkiye,Year,2017,FALSE,0,0,EN,2025-12-18T23:00:00.000Z
MALARIA_EST_CASES,Estimated number of malaria cases,text,EUR,Europe,Country,TJK,Tajikistan,Year,2017,FALSE,0,0,EN,2025-12-18T23:00:00.000Z
MALARIA_EST_CASES,Estimated number of malaria cases,text,EUR,Europe,Country,TKM,Turkmenistan,Year,2017,FALSE,0,0,EN,2025-12-18T23:00:00.000Z
MALARIA_EST_CASES,Estimated number of malaria cases,text,EMR,Eastern Mediterranean,Country,ARE,United Arab Emirates,Year,2017,FALSE,0,0,EN,2025-12-18T23:00:00.000Z
MALARIA_EST_CASES,Estimated number of malaria cases,text,EUR,Europe,Country,UZB,Uzbekistan,Year,2017,FALSE,0,0,EN,2025-12-18T23:00:00.000Z
MALARIA_EST_CASES,Estimated number of malaria cases,text,WPR,Western Pacific,Country,PNG,Papua New Guinea,Year,2017,FALSE,1230223,1 230 223 [798 000-1 758 000],EN,2025-12-18T23:00:00.000Z
MALARIA_EST_CASES,Estimated number of malaria cases,text,AFR,Africa,Country,COG,Congo,Year,2017,FALSE,1262280,1 262 280 [798 000-1 941 000],EN,2025-12-18T23:00:00.000Z
MALARIA_EST_CASES,Estimated number of malaria cases,text,AFR,Africa,Country,ZWE,Zimbabwe,Year,2017,FALSE,1337886,1 337 886 [835 000-1 934 000],EN,2025-12-18T23:00:00.000Z
MALARIA_EST_CASES,Estimated number of malaria cases,text,AFR,Africa,Country,LBR,Liberia,Year,2017,FALSE,1726631,1 726 631 [1 369 000-2 135 000],EN,2025-12-18T23:00:00.000Z
MALARIA_EST_CASES,Estimated number of malaria cases,text,AFR,Africa,Country,CAF,Central African Republic,Year,2017,FALSE,1857203,1 857 203 [994 000-3 155 000],EN,2025-12-18T23:00:00.000Z
MALARIA_EST_CASES,Estimated number of malaria cases,text,WPR,Western Pacific,Country,SLB,Solomon Islands,Year,2017,FALSE,106437,106 437 [82 000-145 000],EN,2025-12-18T23:00:00.000Z
MALARIA_EST_CASES,Estimated number of malaria cases,text,SEAR,South-East Asia,Country,BTN,Bhutan,Year,2017,FALSE,11,11,EN,2025-12-18T23:00:00.000Z
MALARIA_EST_CASES,Estimated number of malaria cases,text,AFR,Africa,Country,UGA,Uganda,Year,2017,FALSE,11109517,11 109 517 [8 429 000-14 280 000],EN,2025-12-18T23:00:00.000Z
MALARIA_EST_CASES,Estimated number of malaria cases,text,AFR,Africa,Country,ERI,Eritrea,Year,2017,FALSE,115928,115 928 [74 000-161 000],EN,2025-12-18T23:00:00.000Z
MALARIA_EST_CASES,Estimated number of malaria cases,text,AMR,Americas,Country,CRI,Costa Rica,Year,2017,FALSE,12,12,EN,2025-12-18T23:00:00.000Z
MALARIA_EST_CASES,Estimated number of malaria cases,text,SEAR,South-East Asia,Country,MMR,Myanmar,Year,2017,FALSE,120755,120 755 [98 000-145 000],EN,2025-12-18T23:00:00.000Z
MALARIA_EST_CASES,Estimated number of malaria cases,text,AMR,Americas,Country,ECU,Ecuador,Year,2017,FALSE,1275,1275,EN,2025-12-18T23:00:00.000Z
MALARIA_EST_CASES,Estimated number of malaria cases,text,AMR,Americas,Country,NIC,Nicaragua,Year,2017,FALSE,13866,13 866 [12 000-16 000],EN,2025-12-18T23:00:00.000Z
MALARIA_EST_CASES,Estimated number of malaria cases,text,AFR,Africa,Country,GNB,Guinea-Bissau,Year,2017,FALSE,131797,131 797 [45 000-311 000],EN,2025-12-18T23:00:00.000Z
MALARIA_EST_CASES,Estimated number of malaria cases,text,AMR,Americas,Country,SUR,Suriname,Year,2017,FALSE,137,137,EN,2025-12-18T23:00:00.000Z
MALARIA_EST_CASES,Estimated number of malaria cases,text,WPR,Western Pacific,Country,LAO,Lao People's Democratic Republic,Year,2017,FALSE,14609,14 609 [11 000-19 000],EN,2025-12-18T23:00:00.000Z
MALARIA_EST_CASES,Estimated number of malaria cases,text,EMR,Eastern Mediterranean,Country,DJI,Djibouti,Year,2017,FALSE,14810,14 810,EN,2025-12-18T23:00:00.000Z
MALARIA_EST_CASES,Estimated number of malaria cases,text,AFR,Africa,Country,GMB,Gambia,Year,2017,FALSE,148057,148 057 [111 000-189 000],EN,2025-12-18T23:00:00.000Z
MALARIA_EST_CASES,Estimated number of malaria cases,text,SEAR,South-East Asia,Country,TLS,Timor-Leste,Year,2017,FALSE,16,16,EN,2025-12-18T23:00:00.000Z
MALARIA_EST_CASES,Estimated number of malaria cases,text,WPR,Western Pacific,Country,PHL,Philippines,Year,2017,FALSE,16586,16 586 [12 000-22 000],EN,2025-12-18T23:00:00.000Z
MALARIA_EST_CASES,Estimated number of malaria cases,text,AMR,Americas,Country,HND,Honduras,Year,2017,FALSE,1747,1747 [1300-2200],EN,2025-12-18T23:00:00.000Z
MALARIA_EST_CASES,Estimated number of malaria cases,text,EMR,Eastern Mediterranean,Country,SAU,Saudi Arabia,Year,2017,FALSE,177,177,EN,2025-12-18T23:00:00.000Z
MALARIA_EST_CASES,Estimated number of malaria cases,text,AFR,Africa,Country,MDG,Madagascar,Year,2017,FALSE,2068659,2 068 659 [1 495 000-2 709 000],EN,2025-12-18T23:00:00.000Z
MALARIA_EST_CASES,Estimated number of malaria cases,text,EMR,Eastern Mediterranean,Country,SDN,Sudan,Year,2017,FALSE,2408332,2 408 332 [1 843 000-3 086 000],EN,2025-12-18T23:00:00.000Z
MALARIA_EST_CASES,Estimated number of malaria cases,text,AFR,Africa,Country,SLE,Sierra Leone,Year,2017,FALSE,2586803,2 586 803 [2 001 000-3 299 000],EN,2025-12-18T23:00:00.000Z
MALARIA_EST_CASES,Estimated number of malaria cases,text,AFR,Africa,Country,TGO,Togo,Year,2017,FALSE,2829242,2 829 242 [2 278 000-3 474 000],EN,2025-12-18T23:00:00.000Z
MALARIA_EST_CASES,Estimated number of malaria cases,text,AFR,Africa,Country,SSD,South Sudan,Year,2017,FALSE,2844866,2 844 866 [1 974 000-3 961 000],EN,2025-12-18T23:00:00.000Z
MALARIA_EST_CASES,Estimated number of malaria cases,text,WPR,Western Pacific,Country,KHM,Cambodia,Year,2017,FALSE,202696,202 696 [175 000-237 000],EN,2025-12-18T23:00:00.000Z
MALARIA_EST_CASES,Estimated number of malaria cases,text,AMR,Americas,Country,BRA,Brazil,Year,2017,FALSE,220913,220 913 [198 000-239 000],EN,2025-12-18T23:00:00.000Z
MALARIA_EST_CASES,Estimated number of malaria cases,text,AFR,Africa,Country,STP,Sao Tome and Principe,Year,2017,FALSE,2239,2239,EN,2025-12-18T23:00:00.000Z
MALARIA_EST_CASES,Estimated number of malaria cases,text,AFR,Africa,Country,ZAF,South Africa,Year,2017,FALSE,23381,23 381,EN,2025-12-18T23:00:00.000Z
MALARIA_EST_CASES,Estimated number of malaria cases,text,AMR,Americas,Country,GUY,Guyana,Year,2017,FALSE,25167,25 167 [19 000-34 000],EN,2025-12-18T23:00:00.000Z
MALARIA_EST_CASES,Estimated number of malaria cases,text,WPR,Western Pacific,Country,VUT,Vanuatu,Year,2017,FALSE,2585,2585 [1800-3700],EN,2025-12-18T23:00:00.000Z
MALARIA_EST_CASES,Estimated number of malaria cases,text,SEAR,South-East Asia,Country,NPL,Nepal,Year,2017,FALSE,2690,2690 [2200-3400],EN,2025-12-18T23:00:00.000Z
MALARIA_EST_CASES,Estimated number of malaria cases,text,AFR,Africa,Country,COD,Democratic Republic of the Congo,Year,2017,FALSE,28221065,28 221 065 [21 650 000-35 910 000],EN,2025-12-18T23:00:00.000Z
MALARIA_EST_CASES,Estimated number of malaria cases,text,AFR,Africa,Country,BWA,Botswana,Year,2017,FALSE,2938,2938 [2300-4000],EN,2025-12-18T23:00:00.000Z
MALARIA_EST_CASES,Estimated number of malaria cases,text,AFR,Africa,Country,TCD,Chad,Year,2017,FALSE,3354335,3 354 335 [2 090 000-5 201 000],EN,2025-12-18T23:00:00.000Z
MALARIA_EST_CASES,Estimated number of malaria cases,text,AFR,Africa,Country,KEN,Kenya,Year,2017,FALSE,3780809,3 780 809 [2 717 000-5 143 000],EN,2025-12-18T23:00:00.000Z
MALARIA_EST_CASES,Estimated number of malaria cases,text,AFR,Africa,Country,ZMB,Zambia,Year,2017,FALSE,3838911,3 838 911 [3 017 000-4 755 000],EN,2025-12-18T23:00:00.000Z
MALARIA_EST_CASES,Estimated number of malaria cases,text,AFR,Africa,Country,BDI,Burundi,Year,2017,FALSE,3984660,3 984 660 [3 244 000-4 846 000],EN,2025-12-18T23:00:00.000Z
MALARIA_EST_CASES,Estimated number of malaria cases,text,AFR,Africa,Country,MRT,Mauritania,Year,2017,FALSE,306475,306 475 [106 000-629 000],EN,2025-12-18T23:00:00.000Z
MALARIA_EST_CASES,Estimated number of malaria cases,text,AMR,Americas,Country,HTI,Haiti,Year,2017,FALSE,33122,33 122 [22 000-45 000],EN,2025-12-18T23:00:00.000Z
MALARIA_EST_CASES,Estimated number of malaria cases,text,SEAR,South-East Asia,Country,BGD,Bangladesh,Year,2017,FALSE,33331,33 331 [30 000-37 000],EN,2025-12-18T23:00:00.000Z
MALARIA_EST_CASES,Estimated number of malaria cases,text,AFR,Africa,Country,COM,Comoros,Year,2017,FALSE,3896,3896,EN,2025-12-18T23:00:00.000Z
MALARIA_EST_CASES,Estimated number of malaria cases,text,AFR,Africa,Country,GAB,Gabon,Year,2017,FALSE,398291,398 291 [247 000-614 000],EN,2025-12-18T23:00:00.000Z
MALARIA_EST_CASES,Estimated number of malaria cases,text,AFR,Africa,Country,GIN,Guinea,Year,2017,FALSE,4439978,4 439 978 [3 211 000-5 970 000],EN,2025-12-18T23:00:00.000Z
MALARIA_EST_CASES,Estimated number of malaria cases,text,AFR,Africa,Country,MWI,Malawi,Year,2017,FALSE,4770449,4 770 449 [3 657 000-6 143 000],EN,2025-12-18T23:00:00.000Z
MALARIA_EST_CASES,Estimated number of malaria cases,text,AMR,Americas,Country,DOM,Dominican Republic,Year,2017,FALSE,410,410 [360-470],EN,2025-12-18T23:00:00.000Z
MALARIA_EST_CASES,Estimated number of malaria cases,text,AFR,Africa,Country,CPV,Cabo Verde,Year,2017,FALSE,423,423,EN,2025-12-18T23:00:00.000Z
MALARIA_EST_CASES,Estimated number of malaria cases,text,WPR,Western Pacific,Country,KOR,Republic of Korea,Year,2017,FALSE,436,436,EN,2025-12-18T23:00:00.000Z
MALARIA_EST_CASES,Estimated number of malaria cases,text,AFR,Africa,Country,SWZ,Eswatini,Year,2017,FALSE,440,440,EN,2025-12-18T23:00:00.000Z
MALARIA_EST_CASES,Estimated number of malaria cases,text,AFR,Africa,Country,GNQ,Equatorial Guinea,Year,2017,FALSE,455020,455 020 [298 000-666 000],EN,2025-12-18T23:00:00.000Z
MALARIA_EST_CASES,Estimated number of malaria cases,text,SEAR,South-East Asia,Country,PRK,Democratic People's Republic of Korea,Year,2017,FALSE,4603,4603,EN,2025-12-18T23:00:00.000Z
MALARIA_EST_CASES,Estimated number of malaria cases,text,AMR,Americas,Country,VEN,Venezuela (Bolivarian Republic of),Year,2017,FALSE,482323,482 323 [429 000-557 000],EN,2025-12-18T23:00:00.000Z
MALARIA_EST_CASES,Estimated number of malaria cases,text,AMR,Americas,Country,GTM,Guatemala,Year,2017,FALSE,4829,4829 [4300-5600],EN,2025-12-18T23:00:00.000Z
MALARIA_EST_CASES,Estimated number of malaria cases,text,AFR,Africa,Country,BEN,Benin,Year,2017,FALSE,5005399,5 005 399 [4 052 000-6 144 000],EN,2025-12-18T23:00:00.000Z
MALARIA_EST_CASES,Estimated number of malaria cases,text,AFR,Africa,Country,ETH,Ethiopia,Year,2017,FALSE,5273115,5 273 115 [2 487 000-9 124 000],EN,2025-12-18T23:00:00.000Z
MALARIA_EST_CASES,Estimated number of malaria cases,text,SEAR,South-East Asia,Country,IND,India,Year,2017,FALSE,5860560,5 860 560 [4 602 000-7 218 000],EN,2025-12-18T23:00:00.000Z
MALARIA_EST_CASES,Estimated number of malaria cases,text,WPR,Western Pacific,Country,VNM,Viet Nam,Year,2017,FALSE,5485,5485 [5100-6100],EN,2025-12-18T23:00:00.000Z
MALARIA_EST_CASES,Estimated number of malaria cases,text,EMR,Eastern Mediterranean,Country,IRN,Iran (Islamic Republic of),Year,2017,FALSE,57,57,EN,2025-12-18T23:00:00.000Z
MALARIA_EST_CASES,Estimated number of malaria cases,text,AFR,Africa,Country,NGA,Nigeria,Year,2017,FALSE,57869533,57 869 533 [45 870 000-72 050 000],EN,2025-12-18T23:00:00.000Z
MALARIA_EST_CASES,Estimated number of malaria cases,text,AFR,Africa,Country,CMR,Cameroon,Year,2017,FALSE,6248935,6 248 935 [4 696 000-8 125 000],EN,2025-12-18T23:00:00.000Z
MALARIA_EST_CASES,Estimated number of malaria cases,text,AFR,Africa,Country,AGO,Angola,Year,2017,FALSE,6510001,6 510 001 [5 064 000-8 221 000],EN,2025-12-18T23:00:00.000Z
MALARIA_EST_CASES,Estimated number of malaria cases,text,AFR,Africa,Country,GHA,Ghana,Year,2017,FALSE,6787448,6 787 448 [5 197 000-8 709 000],EN,2025-12-18T23:00:00.000Z
MALARIA_EST_CASES,Estimated number of malaria cases,text,AFR,Africa,Country,TZA,United Republic of Tanzania,Year,2017,FALSE,6855536,6 855 536 [5 070 000-9 024 000],EN,2025-12-18T23:00:00.000Z
MALARIA_EST_CASES,Estimated number of malaria cases,text,AMR,Americas,Country,BOL,Bolivia (Plurinational State of),Year,2017,FALSE,6195,6195 [4800-7600],EN,2025-12-18T23:00:00.000Z
MALARIA_EST_CASES,Estimated number of malaria cases,text,AMR,Americas,Country,GUF,French Guiana,Year,2017,FALSE,685,685 [610-790],EN,2025-12-18T23:00:00.000Z
MALARIA_EST_CASES,Estimated number of malaria cases,text,AMR,Americas,Country,BLZ,Belize,Year,2017,FALSE,7,7,EN,2025-12-18T23:00:00.000Z
MALARIA_EST_CASES,Estimated number of malaria cases,text,AFR,Africa,Country,BFA,Burkina Faso,Year,2017,FALSE,7093584,7 093 584 [4 906 000-10 000 000],EN,2025-12-18T23:00:00.000Z
MALARIA_EST_CASES,Estimated number of malaria cases,text,AFR,Africa,Country,CIV,Cote d'Ivoire,Year,2017,FALSE,7178935,7 178 935 [4 577 000-10 770 000],EN,2025-12-18T23:00:00.000Z
MALARIA_EST_CASES,Estimated number of malaria cases,text,AFR,Africa,Country,MLI,Mali,Year,2017,FALSE,7469199,7 469 199 [5 279 000-10 620 000],EN,2025-12-18T23:00:00.000Z
MALARIA_EST_CASES,Estimated number of malaria cases,text,AFR,Africa,Country,NER,Niger,Year,2017,FALSE,7883346,7 883 346 [5 016 000-11 850 000],EN,2025-12-18T23:00:00.000Z
MALARIA_EST_CASES,Estimated number of malaria cases,text,AMR,Americas,Country,PER,Peru,Year,2017,FALSE,72752,72 752 [60 000-87 000],EN,2025-12-18T23:00:00.000Z
MALARIA_EST_CASES,Estimated number of malaria cases,text,AMR,Americas,Country,MEX,Mexico,Year,2017,FALSE,736,736,EN,2025-12-18T23:00:00.000Z
MALARIA_EST_CASES,Estimated number of malaria cases,text,SEAR,South-East Asia,Country,THA,Thailand,Year,2017,FALSE,7415,7415,EN,2025-12-18T23:00:00.000Z
MALARIA_EST_CASES,Estimated number of malaria cases,text,WPR,Western Pacific,Country,IDN,Indonesia,Year,2017,FALSE,744237,744 237 [681 000-817 000],EN,2025-12-18T23:00:00.000Z
MALARIA_EST_CASES,Estimated number of malaria cases,text,EMR,Eastern Mediterranean,Country,YEM,Yemen,Year,2017,FALSE,771431,771 431 [519 000-1 142 000],EN,2025-12-18T23:00:00.000Z
MALARIA_EST_CASES,Estimated number of malaria cases,text,EMR,Eastern Mediterranean,Country,AFG,Afghanistan,Year,2017,FALSE,798871,798 871 [608 000-1 022 000],EN,2025-12-18T23:00:00.000Z
MALARIA_EST_CASES,Estimated number of malaria cases,text,AFR,Africa,Country,RWA,Rwanda,Year,2017,FALSE,8681013,8 681 013 [6 348 000-11 160 000],EN,2025-12-18T23:00:00.000Z
MALARIA_EST_CASES,Estimated number of malaria cases,text,AMR,Americas,Country,COL,Colombia,Year,2017,FALSE,80963,80 963 [60 000-104 000],EN,2025-12-18T23:00:00.000Z
MALARIA_EST_CASES,Estimated number of malaria cases,text,AMR,Americas,Country,PAN,Panama,Year,2017,FALSE,801,801 [760-860],EN,2025-12-18T23:00:00.000Z
MALARIA_EST_CASES,Estimated number of malaria cases,text,AFR,Africa,Country,SEN,Senegal,Year,2017,FALSE,805691,805 691 [560 000-1 068 000],EN,2025-12-18T23:00:00.000Z
MALARIA_EST_CASES,Estimated number of malaria cases,text,EMR,Eastern Mediterranean,Country,SOM,Somalia,Year,2017,FALSE,819074,819 074 [461 000-1 322 000],EN,2025-12-18T23:00:00.000Z
MALARIA_EST_CASES,Estimated number of malaria cases,text,EMR,Eastern Mediterranean,Country,PAK,Pakistan,Year,2017,FALSE,819944,819 944 [590 000-1 261 000],EN,2025-12-18T23:00:00.000Z
MALARIA_EST_CASES,Estimated number of malaria cases,text,WPR,Western Pacific,Country,MYS,Malaysia,Year,2017,FALSE,85,85,EN,2025-12-18T23:00:00.000Z
MALARIA_EST_CASES,Estimated number of malaria cases,text,AFR,Africa,Country,NAM,Namibia,Year,2017,FALSE,89155,89 155 [71 000-109 000],EN,2025-12-18T23:00:00.000Z
MALARIA_EST_CASES,Estimated number of malaria cases,text,AFR,Africa,Country,MYT,Mayotte,Year,2017,FALSE,9,9 [9-9],EN,2025-12-18T23:00:00.000Z
MALARIA_EST_CASES,Estimated number of malaria cases,text,AFR,Africa,Country,MOZ,Mozambique,Year,2017,FALSE,9400298,9 400 298 [7 504 000-11 590 000],EN,2025-12-18T23:00:00.000Z
MALARIA_EST_CASES,Estimated number of malaria cases,text,AFR,Africa,Country,DZA,Algeria,Year,2016,FALSE,0,0,EN,2025-12-18T23:00:00.000Z
MALARIA_EST_CASES,Estimated number of malaria cases,text,AMR,Americas,Country,ARG,Argentina,Year,2016,FALSE,0,0,EN,2025-12-18T23:00:00.000Z
MALARIA_EST_CASES,Estimated number of malaria cases,text,EUR,Europe,Country,ARM,Armenia,Year,2016,FALSE,0,0,EN,2025-12-18T23:00:00.000Z
MALARIA_EST_CASES,Estimated number of malaria cases,text,EUR,Europe,Country,AZE,Azerbaijan,Year,2016,FALSE,0,0,EN,2025-12-18T23:00:00.000Z
MALARIA_EST_CASES,Estimated number of malaria cases,text,EMR,Eastern Mediterranean,Country,EGY,Egypt,Year,2016,FALSE,0,0,EN,2025-12-18T23:00:00.000Z
MALARIA_EST_CASES,Estimated number of malaria cases,text,EUR,Europe,Country,GEO,Georgia,Year,2016,FALSE,0,0,EN,2025-12-18T23:00:00.000Z
MALARIA_EST_CASES,Estimated number of malaria cases,text,EUR,Europe,Country,KAZ,Kazakhstan,Year,2016,FALSE,0,0,EN,2025-12-18T23:00:00.000Z
MALARIA_EST_CASES,Estimated number of malaria cases,text,EUR,Europe,Country,KGZ,Kyrgyzstan,Year,2016,FALSE,0,0,EN,2025-12-18T23:00:00.000Z
MALARIA_EST_CASES,Estimated number of malaria cases,text,EMR,Eastern Mediterranean,Country,MAR,Morocco,Year,2016,FALSE,0,0,EN,2025-12-18T23:00:00.000Z
MALARIA_EST_CASES,Estimated number of malaria cases,text,EMR,Eastern Mediterranean,Country,OMN,Oman,Year,2016,FALSE,0,0,EN,2025-12-18T23:00:00.000Z
MALARIA_EST_CASES,Estimated number of malaria cases,text,AMR,Americas,Country,PRY,Paraguay,Year,2016,FALSE,0,0,EN,2025-12-18T23:00:00.000Z
MALARIA_EST_CASES,Estimated number of malaria cases,text,SEAR,South-East Asia,Country,LKA,Sri Lanka,Year,2016,FALSE,0,0,EN,2025-12-18T23:00:00.000Z
MALARIA_EST_CASES,Estimated number of malaria cases,text,EMR,Eastern Mediterranean,Country,SYR,Syrian Arab Republic,Year,2016,FALSE,0,0,EN,2025-12-18T23:00:00.000Z
MALARIA_EST_CASES,Estimated number of malaria cases,text,EUR,Europe,Country,TUR,Türkiye,Year,2016,FALSE,0,0,EN,2025-12-18T23:00:00.000Z
MALARIA_EST_CASES,Estimated number of malaria cases,text,EUR,Europe,Country,TJK,Tajikistan,Year,2016,FALSE,0,0,EN,2025-12-18T23:00:00.000Z
MALARIA_EST_CASES,Estimated number of malaria cases,text,EUR,Europe,Country,TKM,Turkmenistan,Year,2016,FALSE,0,0,EN,2025-12-18T23:00:00.000Z
MALARIA_EST_CASES,Estimated number of malaria cases,text,EMR,Eastern Mediterranean,Country,ARE,United Arab Emirates,Year,2016,FALSE,0,0,EN,2025-12-18T23:00:00.000Z
MALARIA_EST_CASES,Estimated number of malaria cases,text,EUR,Europe,Country,UZB,Uzbekistan,Year,2016,FALSE,0,0,EN,2025-12-18T23:00:00.000Z
MALARIA_EST_CASES,Estimated number of malaria cases,text,WPR,Western Pacific,Country,CHN,China,Year,2016,FALSE,1,1,EN,2025-12-18T23:00:00.000Z
MALARIA_EST_CASES,Estimated number of malaria cases,text,EMR,Eastern Mediterranean,Country,PAK,Pakistan,Year,2016,FALSE,1017237,1 017 237 [661 000-1 717 000],EN,2025-12-18T23:00:00.000Z
MALARIA_EST_CASES,Estimated number of malaria cases,text,WPR,Western Pacific,Country,IDN,Indonesia,Year,2016,FALSE,1087349,1 087 349 [981 000-1 211 000],EN,2025-12-18T23:00:00.000Z
MALARIA_EST_CASES,Estimated number of malaria cases,text,AFR,Africa,Country,COG,Congo,Year,2016,FALSE,1126747,1 126 747 [694 000-1 734 000],EN,2025-12-18T23:00:00.000Z
MALARIA_EST_CASES,Estimated number of malaria cases,text,WPR,Western Pacific,Country,PNG,Papua New Guinea,Year,2016,FALSE,1208966,1 208 966 [811 000-1 660 000],EN,2025-12-18T23:00:00.000Z
MALARIA_EST_CASES,Estimated number of malaria cases,text,AFR,Africa,Country,MDG,Madagascar,Year,2016,FALSE,1654009,1 654 009 [1 161 000-2 249 000],EN,2025-12-18T23:00:00.000Z
MALARIA_EST_CASES,Estimated number of malaria cases,text,AFR,Africa,Country,LBR,Liberia,Year,2016,FALSE,1658288,1 658 288 [1 353 000-2 007 000],EN,2025-12-18T23:00:00.000Z
MALARIA_EST_CASES,Estimated number of malaria cases,text,AFR,Africa,Country,CAF,Central African Republic,Year,2016,FALSE,1866491,1 866 491 [1 045 000-3 094 000],EN,2025-12-18T23:00:00.000Z
MALARIA_EST_CASES,Estimated number of malaria cases,text,AFR,Africa,Country,UGA,Uganda,Year,2016,FALSE,10903429,10 903 429 [8 189 000-14 190 000],EN,2025-12-18T23:00:00.000Z
MALARIA_EST_CASES,Estimated number of malaria cases,text,SEAR,South-East Asia,Country,TLS,Timor-Leste,Year,2016,FALSE,112,112 [94-130],EN,2025-12-18T23:00:00.000Z
MALARIA_EST_CASES,Estimated number of malaria cases,text,AMR,Americas,Country,COL,Colombia,Year,2016,FALSE,115550,115 550 [88 000-144 000],EN,2025-12-18T23:00:00.000Z
MALARIA_EST_CASES,Estimated number of malaria cases,text,AMR,Americas,Country,ECU,Ecuador,Year,2016,FALSE,1191,1191,EN,2025-12-18T23:00:00.000Z
MALARIA_EST_CASES,Estimated number of malaria cases,text,AMR,Americas,Country,SLV,El Salvador,Year,2016,FALSE,12,12,EN,2025-12-18T23:00:00.000Z
MALARIA_EST_CASES,Estimated number of malaria cases,text,SEAR,South-East Asia,Country,THA,Thailand,Year,2016,FALSE,12076,12 076,EN,2025-12-18T23:00:00.000Z
MALARIA_EST_CASES,Estimated number of malaria cases,text,WPR,Western Pacific,Country,KHM,Cambodia,Year,2016,FALSE,124137,124 137 [107 000-146 000],EN,2025-12-18T23:00:00.000Z
MALARIA_EST_CASES,Estimated number of malaria cases,text,EMR,Eastern Mediterranean,Country,DJI,Djibouti,Year,2016,FALSE,13822,13 822,EN,2025-12-18T23:00:00.000Z
MALARIA_EST_CASES,Estimated number of malaria cases,text,AMR,Americas,Country,BRA,Brazil,Year,2016,FALSE,132022,132 022 [127 000-141 000],EN,2025-12-18T23:00:00.000Z
MALARIA_EST_CASES,Estimated number of malaria cases,text,AFR,Africa,Country,GNB,Guinea-Bissau,Year,2016,FALSE,135861,135 861 [45 000-312 000],EN,2025-12-18T23:00:00.000Z
MALARIA_EST_CASES,Estimated number of malaria cases,text,AFR,Africa,Country,COM,Comoros,Year,2016,FALSE,1467,1467,EN,2025-12-18T23:00:00.000Z
MALARIA_EST_CASES,Estimated number of malaria cases,text,SEAR,South-East Asia,Country,BTN,Bhutan,Year,2016,FALSE,15,15,EN,2025-12-18T23:00:00.000Z
MALARIA_EST_CASES,Estimated number of malaria cases,text,SEAR,South-East Asia,Country,MMR,Myanmar,Year,2016,FALSE,162032,162 032 [131 000-195 000],EN,2025-12-18T23:00:00.000Z
MALARIA_EST_CASES,Estimated number of malaria cases,text,WPR,Western Pacific,Country,PHL,Philippines,Year,2016,FALSE,17308,17 308 [12 000-23 000],EN,2025-12-18T23:00:00.000Z
MALARIA_EST_CASES,Estimated number of malaria cases,text,AFR,Africa,Country,MYT,Mayotte,Year,2016,FALSE,18,18 [18-18],EN,2025-12-18T23:00:00.000Z
MALARIA_EST_CASES,Estimated number of malaria cases,text,AMR,Americas,Country,GUY,Guyana,Year,2016,FALSE,19317,19 317 [14 000-26 000],EN,2025-12-18T23:00:00.000Z
MALARIA_EST_CASES,Estimated number of malaria cases,text,EMR,Eastern Mediterranean,Country,SDN,Sudan,Year,2016,FALSE,2080899,2 080 899 [1 623 000-2 638 000],EN,2025-12-18T23:00:00.000Z
MALARIA_EST_CASES,Estimated number of malaria cases,text,AFR,Africa,Country,SLE,Sierra Leone,Year,2016,FALSE,2619598,2 619 598 [2 102 000-3 228 000],EN,2025-12-18T23:00:00.000Z
MALARIA_EST_CASES,Estimated number of malaria cases,text,AFR,Africa,Country,SSD,South Sudan,Year,2016,FALSE,2877621,2 877 621 [2 033 000-3 981 000],EN,2025-12-18T23:00:00.000Z
MALARIA_EST_CASES,Estimated number of malaria cases,text,AFR,Africa,Country,TGO,Togo,Year,2016,FALSE,2896314,2 896 314 [2 340 000-3 547 000],EN,2025-12-18T23:00:00.000Z
MALARIA_EST_CASES,Estimated number of malaria cases,text,AFR,Africa,Country,STP,Sao Tome and Principe,Year,2016,FALSE,2238,2238,EN,2025-12-18T23:00:00.000Z
MALARIA_EST_CASES,Estimated number of malaria cases,text,AFR,Africa,Country,SWZ,Eswatini,Year,2016,FALSE,250,250,EN,2025-12-18T23:00:00.000Z
MALARIA_EST_CASES,Estimated number of malaria cases,text,AFR,Africa,Country,COD,Democratic Republic of the Congo,Year,2016,FALSE,26049693,26 049 693 [19 960 000-33 530 000],EN,2025-12-18T23:00:00.000Z
MALARIA_EST_CASES,Estimated number of malaria cases,text,WPR,Western Pacific,Country,LAO,Lao People's Democratic Republic,Year,2016,FALSE,26862,26 862 [19 000-36 000],EN,2025-12-18T23:00:00.000Z
MALARIA_EST_CASES,Estimated number of malaria cases,text,WPR,Western Pacific,Country,MYS,Malaysia,Year,2016,FALSE,266,266,EN,2025-12-18T23:00:00.000Z
MALARIA_EST_CASES,Estimated number of malaria cases,text,AMR,Americas,Country,GUF,French Guiana,Year,2016,FALSE,268,268 [240-310],EN,2025-12-18T23:00:00.000Z
MALARIA_EST_CASES,Estimated number of malaria cases,text,EMR,Eastern Mediterranean,Country,SAU,Saudi Arabia,Year,2016,FALSE,272,272,EN,2025-12-18T23:00:00.000Z
MALARIA_EST_CASES,Estimated number of malaria cases,text,AMR,Americas,Country,VEN,Venezuela (Bolivarian Republic of),Year,2016,FALSE,281817,281 817 [251 000-324 000],EN,2025-12-18T23:00:00.000Z
MALARIA_EST_CASES,Estimated number of malaria cases,text,AFR,Africa,Country,GMB,Gambia,Year,2016,FALSE,297058,297 058 [225 000-376 000],EN,2025-12-18T23:00:00.000Z
MALARIA_EST_CASES,Estimated number of malaria cases,text,AFR,Africa,Country,TCD,Chad,Year,2016,FALSE,3203597,3 203 597 [1 953 000-4 925 000],EN,2025-12-18T23:00:00.000Z
MALARIA_EST_CASES,Estimated number of malaria cases,text,AFR,Africa,Country,BDI,Burundi,Year,2016,FALSE,3611287,3 611 287 [2 886 000-4 469 000],EN,2025-12-18T23:00:00.000Z
MALARIA_EST_CASES,Estimated number of malaria cases,text,AFR,Africa,Country,KEN,Kenya,Year,2016,FALSE,3719331,3 719 331 [2 661 000-5 115 000],EN,2025-12-18T23:00:00.000Z
MALARIA_EST_CASES,Estimated number of malaria cases,text,AFR,Africa,Country,ZMB,Zambia,Year,2016,FALSE,3874779,3 874 779 [3 091 000-4 797 000],EN,2025-12-18T23:00:00.000Z
MALARIA_EST_CASES,Estimated number of malaria cases,text,SEAR,South-East Asia,Country,BGD,Bangladesh,Year,2016,FALSE,31621,31 621 [29 000-35 000],EN,2025-12-18T23:00:00.000Z
MALARIA_EST_CASES,Estimated number of malaria cases,text,AFR,Africa,Country,NAM,Namibia,Year,2016,FALSE,32052,32 052 [25 000-39 000],EN,2025-12-18T23:00:00.000Z
MALARIA_EST_CASES,Estimated number of malaria cases,text,SEAR,South-East Asia,Country,NPL,Nepal,Year,2016,FALSE,3353,3353 [2300-5800],EN,2025-12-18T23:00:00.000Z
MALARIA_EST_CASES,Estimated number of malaria cases,text,AMR,Americas,Country,HTI,Haiti,Year,2016,FALSE,36279,36 279 [24 000-49 000],EN,2025-12-18T23:00:00.000Z
MALARIA_EST_CASES,Estimated number of malaria cases,text,AFR,Africa,Country,GAB,Gabon,Year,2016,FALSE,383407,383 407 [226 000-611 000],EN,2025-12-18T23:00:00.000Z
MALARIA_EST_CASES,Estimated number of malaria cases,text,AFR,Africa,Country,MRT,Mauritania,Year,2016,FALSE,386314,386 314 [165 000-725 000],EN,2025-12-18T23:00:00.000Z
MALARIA_EST_CASES,Estimated number of malaria cases,text,AMR,Americas,Country,BLZ,Belize,Year,2016,FALSE,4,4,EN,2025-12-18T23:00:00.000Z
MALARIA_EST_CASES,Estimated number of malaria cases,text,AMR,Americas,Country,CRI,Costa Rica,Year,2016,FALSE,4,4,EN,2025-12-18T23:00:00.000Z
MALARIA_EST_CASES,Estimated number of malaria cases,text,AFR,Africa,Country,GIN,Guinea,Year,2016,FALSE,4425005,4 425 005 [3 262 000-5 898 000],EN,2025-12-18T23:00:00.000Z
MALARIA_EST_CASES,Estimated number of malaria cases,text,AFR,Africa,Country,MWI,Malawi,Year,2016,FALSE,4581211,4 581 211 [3 508 000-5 918 000],EN,2025-12-18T23:00:00.000Z
MALARIA_EST_CASES,Estimated number of malaria cases,text,AFR,Africa,Country,BEN,Benin,Year,2016,FALSE,4865347,4 865 347 [3 930 000-5 975 000],EN,2025-12-18T23:00:00.000Z
MALARIA_EST_CASES,Estimated number of malaria cases,text,AFR,Africa,Country,RWA,Rwanda,Year,2016,FALSE,4887836,4 887 836 [3 595 000-6 237 000],EN,2025-12-18T23:00:00.000Z
MALARIA_EST_CASES,Estimated number of malaria cases,text,AFR,Africa,Country,ZAF,South Africa,Year,2016,FALSE,4323,4323,EN,2025-12-18T23:00:00.000Z
MALARIA_EST_CASES,Estimated number of malaria cases,text,WPR,Western Pacific,Country,VUT,Vanuatu,Year,2016,FALSE,4643,4643 [3300-6600],EN,2025-12-18T23:00:00.000Z
MALARIA_EST_CASES,Estimated number of malaria cases,text,AFR,Africa,Country,GNQ,Equatorial Guinea,Year,2016,FALSE,475401,475 401 [311 000-702 000],EN,2025-12-18T23:00:00.000Z
MALARIA_EST_CASES,Estimated number of malaria cases,text,AFR,Africa,Country,CPV,Cabo Verde,Year,2016,FALSE,49,49,EN,2025-12-18T23:00:00.000Z
MALARIA_EST_CASES,Estimated number of malaria cases,text,EMR,Eastern Mediterranean,Country,IRQ,Iraq,Year,2016,FALSE,5,5,EN,2025-12-18T23:00:00.000Z
MALARIA_EST_CASES,Estimated number of malaria cases,text,AFR,Africa,Country,AGO,Angola,Year,2016,FALSE,5538352,5 538 352 [4 284 000-7 023 000],EN,2025-12-18T23:00:00.000Z
MALARIA_EST_CASES,Estimated number of malaria cases,text,WPR,Western Pacific,Country,VNM,Viet Nam,Year,2016,FALSE,5024,5024 [4600-5600],EN,2025-12-18T23:00:00.000Z
MALARIA_EST_CASES,Estimated number of malaria cases,text,SEAR,South-East Asia,Country,PRK,Democratic People's Republic of Korea,Year,2016,FALSE,5033,5033,EN,2025-12-18T23:00:00.000Z
MALARIA_EST_CASES,Estimated number of malaria cases,text,AFR,Africa,Country,NGA,Nigeria,Year,2016,FALSE,55667334,55 667 334 [44 060 000-69 130 000],EN,2025-12-18T23:00:00.000Z
MALARIA_EST_CASES,Estimated number of malaria cases,text,AMR,Americas,Country,MEX,Mexico,Year,2016,FALSE,551,551,EN,2025-12-18T23:00:00.000Z
MALARIA_EST_CASES,Estimated number of malaria cases,text,AMR,Americas,Country,HND,Honduras,Year,2016,FALSE,5602,5602 [4400-6900],EN,2025-12-18T23:00:00.000Z
MALARIA_EST_CASES,Estimated number of malaria cases,text,AMR,Americas,Country,GTM,Guatemala,Year,2016,FALSE,5856,5856 [5200-6700],EN,2025-12-18T23:00:00.000Z
MALARIA_EST_CASES,Estimated number of malaria cases,text,AFR,Africa,Country,CMR,Cameroon,Year,2016,FALSE,6298245,6 298 245 [4 631 000-8 351 000],EN,2025-12-18T23:00:00.000Z
MALARIA_EST_CASES,Estimated number of malaria cases,text,AFR,Africa,Country,CIV,Cote d'Ivoire,Year,2016,FALSE,6707955,6 707 955 [4 189 000-10 190 000],EN,2025-12-18T23:00:00.000Z
MALARIA_EST_CASES,Estimated number of malaria cases,text,AFR,Africa,Country,ETH,Ethiopia,Year,2016,FALSE,6740580,6 740 580 [2 821 000-12 470 000],EN,2025-12-18T23:00:00.000Z
MALARIA_EST_CASES,Estimated number of malaria cases,text,WPR,Western Pacific,Country,KOR,Republic of Korea,Year,2016,FALSE,602,602,EN,2025-12-18T23:00:00.000Z
MALARIA_EST_CASES,Estimated number of malaria cases,text,EMR,Eastern Mediterranean,Country,YEM,Yemen,Year,2016,FALSE,677058,677 058 [464 000-996 000],EN,2025-12-18T23:00:00.000Z
MALARIA_EST_CASES,Estimated number of malaria cases,text,AFR,Africa,Country,SEN,Senegal,Year,2016,FALSE,684129,684 129 [470 000-924 000],EN,2025-12-18T23:00:00.000Z
MALARIA_EST_CASES,Estimated number of malaria cases,text,AFR,Africa,Country,MLI,Mali,Year,2016,FALSE,7184988,7 184 988 [5 063 000-10 200 000],EN,2025-12-18T23:00:00.000Z
MALARIA_EST_CASES,Estimated number of malaria cases,text,AFR,Africa,Country,GHA,Ghana,Year,2016,FALSE,7190096,7 190 096 [5 548 000-9 186 000],EN,2025-12-18T23:00:00.000Z
MALARIA_EST_CASES,Estimated number of malaria cases,text,AFR,Africa,Country,TZA,United Republic of Tanzania,Year,2016,FALSE,7214935,7 214 935 [5 360 000-9 545 000],EN,2025-12-18T23:00:00.000Z
MALARIA_EST_CASES,Estimated number of malaria cases,text,AFR,Africa,Country,BFA,Burkina Faso,Year,2016,FALSE,7215226,7 215 226 [5 351 000-9 555 000],EN,2025-12-18T23:00:00.000Z
MALARIA_EST_CASES,Estimated number of malaria cases,text,SEAR,South-East Asia,Country,IND,India,Year,2016,FALSE,7900142,7 900 142 [6 161 000-9 911 000],EN,2025-12-18T23:00:00.000Z
MALARIA_EST_CASES,Estimated number of malaria cases,text,AMR,Americas,Country,PER,Peru,Year,2016,FALSE,72836,72 836 [60 000-87 000],EN,2025-12-18T23:00:00.000Z
MALARIA_EST_CASES,Estimated number of malaria cases,text,EMR,Eastern Mediterranean,Country,AFG,Afghanistan,Year,2016,FALSE,733205,733 205 [532 000-985 000],EN,2025-12-18T23:00:00.000Z
MALARIA_EST_CASES,Estimated number of malaria cases,text,AMR,Americas,Country,BOL,Bolivia (Plurinational State of),Year,2016,FALSE,7510,7510 [5900-9200],EN,2025-12-18T23:00:00.000Z
MALARIA_EST_CASES,Estimated number of malaria cases,text,AFR,Africa,Country,ZWE,Zimbabwe,Year,2016,FALSE,760626,760 626 [498 000-1 052 000],EN,2025-12-18T23:00:00.000Z
MALARIA_EST_CASES,Estimated number of malaria cases,text,AMR,Americas,Country,SUR,Suriname,Year,2016,FALSE,78,78,EN,2025-12-18T23:00:00.000Z
MALARIA_EST_CASES,Estimated number of malaria cases,text,EMR,Eastern Mediterranean,Country,SOM,Somalia,Year,2016,FALSE,792745,792 745 [459 000-1 277 000],EN,2025-12-18T23:00:00.000Z
MALARIA_EST_CASES,Estimated number of malaria cases,text,AMR,Americas,Country,NIC,Nicaragua,Year,2016,FALSE,7943,7943 [6600-9400],EN,2025-12-18T23:00:00.000Z
MALARIA_EST_CASES,Estimated number of malaria cases,text,AFR,Africa,Country,NER,Niger,Year,2016,FALSE,8053568,8 053 568 [5 142 000-12 120 000],EN,2025-12-18T23:00:00.000Z
MALARIA_EST_CASES,Estimated number of malaria cases,text,AMR,Americas,Country,PAN,Panama,Year,2016,FALSE,809,809 [780-860],EN,2025-12-18T23:00:00.000Z
MALARIA_EST_CASES,Estimated number of malaria cases,text,EMR,Eastern Mediterranean,Country,IRN,Iran (Islamic Republic of),Year,2016,FALSE,81,81,EN,2025-12-18T23:00:00.000Z
MALARIA_EST_CASES,Estimated number of malaria cases,text,AMR,Americas,Country,DOM,Dominican Republic,Year,2016,FALSE,836,836 [720-960],EN,2025-12-18T23:00:00.000Z
MALARIA_EST_CASES,Estimated number of malaria cases,text,WPR,Western Pacific,Country,SLB,Solomon Islands,Year,2016,FALSE,84179,84 179 [72 000-101 000],EN,2025-12-18T23:00:00.000Z
MALARIA_EST_CASES,Estimated number of malaria cases,text,AFR,Africa,Country,ERI,Eritrea,Year,2016,FALSE,86561,86 561 [47 000-138 000],EN,2025-12-18T23:00:00.000Z
MALARIA_EST_CASES,Estimated number of malaria cases,text,AFR,Africa,Country,MOZ,Mozambique,Year,2016,FALSE,9437041,9 437 041 [7 636 000-11 550 000],EN,2025-12-18T23:00:00.000Z
MALARIA_EST_CASES,Estimated number of malaria cases,text,AFR,Africa,Country,BWA,Botswana,Year,2016,FALSE,986,986 [760-1400],EN,2025-12-18T23:00:00.000Z
MALARIA_EST_CASES,Estimated number of malaria cases,text,AFR,Africa,Country,DZA,Algeria,Year,2015,FALSE,0,0,EN,2025-12-18T23:00:00.000Z
MALARIA_EST_CASES,Estimated number of malaria cases,text,AMR,Americas,Country,ARG,Argentina,Year,2015,FALSE,0,0,EN,2025-12-18T23:00:00.000Z
MALARIA_EST_CASES,Estimated number of malaria cases,text,EUR,Europe,Country,ARM,Armenia,Year,2015,FALSE,0,0,EN,2025-12-18T23:00:00.000Z
MALARIA_EST_CASES,Estimated number of malaria cases,text,EUR,Europe,Country,AZE,Azerbaijan,Year,2015,FALSE,0,0,EN,2025-12-18T23:00:00.000Z
MALARIA_EST_CASES,Estimated number of malaria cases,text,AMR,Americas,Country,CRI,Costa Rica,Year,2015,FALSE,0,0,EN,2025-12-18T23:00:00.000Z
MALARIA_EST_CASES,Estimated number of malaria cases,text,EMR,Eastern Mediterranean,Country,EGY,Egypt,Year,2015,FALSE,0,0,EN,2025-12-18T23:00:00.000Z
MALARIA_EST_CASES,Estimated number of malaria cases,text,EUR,Europe,Country,GEO,Georgia,Year,2015,FALSE,0,0,EN,2025-12-18T23:00:00.000Z
MALARIA_EST_CASES,Estimated number of malaria cases,text,EMR,Eastern Mediterranean,Country,IRQ,Iraq,Year,2015,FALSE,0,0,EN,2025-12-18T23:00:00.000Z
MALARIA_EST_CASES,Estimated number of malaria cases,text,EUR,Europe,Country,KAZ,Kazakhstan,Year,2015,FALSE,0,0,EN,2025-12-18T23:00:00.000Z
MALARIA_EST_CASES,Estimated number of malaria cases,text,EUR,Europe,Country,KGZ,Kyrgyzstan,Year,2015,FALSE,0,0,EN,2025-12-18T23:00:00.000Z
MALARIA_EST_CASES,Estimated number of malaria cases,text,EMR,Eastern Mediterranean,Country,MAR,Morocco,Year,2015,FALSE,0,0,EN,2025-12-18T23:00:00.000Z
MALARIA_EST_CASES,Estimated number of malaria cases,text,EMR,Eastern Mediterranean,Country,OMN,Oman,Year,2015,FALSE,0,0,EN,2025-12-18T23:00:00.000Z
MALARIA_EST_CASES,Estimated number of malaria cases,text,AMR,Americas,Country,PRY,Paraguay,Year,2015,FALSE,0,0,EN,2025-12-18T23:00:00.000Z
MALARIA_EST_CASES,Estimated number of malaria cases,text,SEAR,South-East Asia,Country,LKA,Sri Lanka,Year,2015,FALSE,0,0,EN,2025-12-18T23:00:00.000Z
MALARIA_EST_CASES,Estimated number of malaria cases,text,EMR,Eastern Mediterranean,Country,SYR,Syrian Arab Republic,Year,2015,FALSE,0,0,EN,2025-12-18T23:00:00.000Z
MALARIA_EST_CASES,Estimated number of malaria cases,text,EUR,Europe,Country,TUR,Türkiye,Year,2015,FALSE,0,0,EN,2025-12-18T23:00:00.000Z
MALARIA_EST_CASES,Estimated number of malaria cases,text,EUR,Europe,Country,TJK,Tajikistan,Year,2015,FALSE,0,0,EN,2025-12-18T23:00:00.000Z
MALARIA_EST_CASES,Estimated number of malaria cases,text,EUR,Europe,Country,TKM,Turkmenistan,Year,2015,FALSE,0,0,EN,2025-12-18T23:00:00.000Z
MALARIA_EST_CASES,Estimated number of malaria cases,text,EMR,Eastern Mediterranean,Country,ARE,United Arab Emirates,Year,2015,FALSE,0,0,EN,2025-12-18T23:00:00.000Z
MALARIA_EST_CASES,Estimated number of malaria cases,text,EUR,Europe,Country,UZB,Uzbekistan,Year,2015,FALSE,0,0,EN,2025-12-18T23:00:00.000Z
MALARIA_EST_CASES,Estimated number of malaria cases,text,AFR,Africa,Country,MYT,Mayotte,Year,2015,FALSE,1,1 [1-1],EN,2025-12-18T23:00:00.000Z
MALARIA_EST_CASES,Estimated number of malaria cases,text,EMR,Eastern Mediterranean,Country,PAK,Pakistan,Year,2015,FALSE,1000339,1 000 339 [521 000-2 050 000],EN,2025-12-18T23:00:00.000Z
MALARIA_EST_CASES,Estimated number of malaria cases,text,AFR,Africa,Country,SEN,Senegal,Year,2015,FALSE,1010929,1 010 929 [687 000-1 370 000],EN,2025-12-18T23:00:00.000Z
MALARIA_EST_CASES,Estimated number of malaria cases,text,WPR,Western Pacific,Country,IDN,Indonesia,Year,2015,FALSE,1039394,1 039 394 [936 000-1 159 000],EN,2025-12-18T23:00:00.000Z
MALARIA_EST_CASES,Estimated number of malaria cases,text,AFR,Africa,Country,ZWE,Zimbabwe,Year,2015,FALSE,1067121,1 067 121 [727 000-1 453 000],EN,2025-12-18T23:00:00.000Z
MALARIA_EST_CASES,Estimated number of malaria cases,text,AFR,Africa,Country,COG,Congo,Year,2015,FALSE,1073627,1 073 627 [668 000-1 624 000],EN,2025-12-18T23:00:00.000Z
MALARIA_EST_CASES,Estimated number of malaria cases,text,AFR,Africa,Country,LBR,Liberia,Year,2015,FALSE,1482326,1 482 326 [1 138 000-1 885 000],EN,2025-12-18T23:00:00.000Z
MALARIA_EST_CASES,Estimated number of malaria cases,text,EMR,Eastern Mediterranean,Country,SDN,Sudan,Year,2015,FALSE,1731028,1 731 028 [1 294 000-2 271 000],EN,2025-12-18T23:00:00.000Z
MALARIA_EST_CASES,Estimated number of malaria cases,text,AFR,Africa,Country,CAF,Central African Republic,Year,2015,FALSE,1899456,1 899 456 [1 076 000-3 111 000],EN,2025-12-18T23:00:00.000Z
MALARIA_EST_CASES,Estimated number of malaria cases,text,AFR,Africa,Country,UGA,Uganda,Year,2015,FALSE,10835166,10 835 166 [8 251 000-13 940 000],EN,2025-12-18T23:00:00.000Z
MALARIA_EST_CASES,Estimated number of malaria cases,text,WPR,Western Pacific,Country,VNM,Viet Nam,Year,2015,FALSE,11283,11 283 [10 000-13 000],EN,2025-12-18T23:00:00.000Z
MALARIA_EST_CASES,Estimated number of malaria cases,text,SEAR,South-East Asia,Country,TLS,Timor-Leste,Year,2015,FALSE,110,110 [93-130],EN,2025-12-18T23:00:00.000Z
MALARIA_EST_CASES,Estimated number of malaria cases,text,AFR,Africa,Country,NAM,Namibia,Year,2015,FALSE,15052,15 052 [12 000-18 000],EN,2025-12-18T23:00:00.000Z
MALARIA_EST_CASES,Estimated number of malaria cases,text,AMR,Americas,Country,VEN,Venezuela (Bolivarian Republic of),Year,2015,FALSE,159668,159 668 [142 000-184 000],EN,2025-12-18T23:00:00.000Z
MALARIA_EST_CASES,Estimated number of malaria cases,text,AFR,Africa,Country,GNB,Guinea-Bissau,Year,2015,FALSE,160057,160 057 [66 000-331 000],EN,2025-12-18T23:00:00.000Z
MALARIA_EST_CASES,Estimated number of malaria cases,text,AMR,Americas,Country,BRA,Brazil,Year,2015,FALSE,164589,164 589 [147 000-178 000],EN,2025-12-18T23:00:00.000Z
MALARIA_EST_CASES,Estimated number of malaria cases,text,EMR,Eastern Mediterranean,Country,IRN,Iran (Islamic Republic of),Year,2015,FALSE,167,167,EN,2025-12-18T23:00:00.000Z
MALARIA_EST_CASES,Estimated number of malaria cases,text,SEAR,South-East Asia,Country,THA,Thailand,Year,2015,FALSE,17494,17 494,EN,2025-12-18T23:00:00.000Z
MALARIA_EST_CASES,Estimated number of malaria cases,text,AMR,Americas,Country,GUY,Guyana,Year,2015,FALSE,18030,18 030 [14 000-25 000],EN,2025-12-18T23:00:00.000Z
MALARIA_EST_CASES,Estimated number of malaria cases,text,AFR,Africa,Country,COM,Comoros,Year,2015,FALSE,1884,1884,EN,2025-12-18T23:00:00.000Z
MALARIA_EST_CASES,Estimated number of malaria cases,text,AFR,Africa,Country,SLE,Sierra Leone,Year,2015,FALSE,2588604,2 588 604 [2 069 000-3 204 000],EN,2025-12-18T23:00:00.000Z
MALARIA_EST_CASES,Estimated number of malaria cases,text,AFR,Africa,Country,MDG,Madagascar,Year,2015,FALSE,2720036,2 720 036 [1 927 000-3 652 000],EN,2025-12-18T23:00:00.000Z
MALARIA_EST_CASES,Estimated number of malaria cases,text,AFR,Africa,Country,TGO,Togo,Year,2015,FALSE,2853364,2 853 364 [2 310 000-3 483 000],EN,2025-12-18T23:00:00.000Z
MALARIA_EST_CASES,Estimated number of malaria cases,text,AFR,Africa,Country,SSD,South Sudan,Year,2015,FALSE,2991345,2 991 345 [2 159 000-4 035 000],EN,2025-12-18T23:00:00.000Z
MALARIA_EST_CASES,Estimated number of malaria cases,text,AFR,Africa,Country,STP,Sao Tome and Principe,Year,2015,FALSE,2056,2056,EN,2025-12-18T23:00:00.000Z
MALARIA_EST_CASES,Estimated number of malaria cases,text,WPR,Western Pacific,Country,KHM,Cambodia,Year,2015,FALSE,218837,218 837 [189 000-256 000],EN,2025-12-18T23:00:00.000Z
MALARIA_EST_CASES,Estimated number of malaria cases,text,AFR,Africa,Country,COD,Democratic Republic of the Congo,Year,2015,FALSE,24556966,24 556 966 [18 950 000-31 200 000],EN,2025-12-18T23:00:00.000Z
MALARIA_EST_CASES,Estimated number of malaria cases,text,WPR,Western Pacific,Country,MYS,Malaysia,Year,2015,FALSE,242,242,EN,2025-12-18T23:00:00.000Z
MALARIA_EST_CASES,Estimated number of malaria cases,text,WPR,Western Pacific,Country,PHL,Philippines,Year,2015,FALSE,27904,27 904 [20 000-37 000],EN,2025-12-18T23:00:00.000Z
MALARIA_EST_CASES,Estimated number of malaria cases,text,SEAR,South-East Asia,Country,MMR,Myanmar,Year,2015,FALSE,271652,271 652 [220 000-328 000],EN,2025-12-18T23:00:00.000Z
MALARIA_EST_CASES,Estimated number of malaria cases,text,AMR,Americas,Country,NIC,Nicaragua,Year,2015,FALSE,2886,2886 [2400-3400],EN,2025-12-18T23:00:00.000Z
MALARIA_EST_CASES,Estimated number of malaria cases,text,AFR,Africa,Country,MRT,Mauritania,Year,2015,FALSE,291679,291 679 [110 000-582 000],EN,2025-12-18T23:00:00.000Z
MALARIA_EST_CASES,Estimated number of malaria cases,text,AFR,Africa,Country,TCD,Chad,Year,2015,FALSE,3115147,3 115 147 [1 925 000-4 747 000],EN,2025-12-18T23:00:00.000Z
MALARIA_EST_CASES,Estimated number of malaria cases,text,AFR,Africa,Country,BDI,Burundi,Year,2015,FALSE,3148549,3 148 549 [2 430 000-4 019 000],EN,2025-12-18T23:00:00.000Z
MALARIA_EST_CASES,Estimated number of malaria cases,text,AFR,Africa,Country,RWA,Rwanda,Year,2015,FALSE,3585563,3 585 563 [2 668 000-4 539 000],EN,2025-12-18T23:00:00.000Z
MALARIA_EST_CASES,Estimated number of malaria cases,text,AFR,Africa,Country,KEN,Kenya,Year,2015,FALSE,3851683,3 851 683 [2 815 000-5 118 000],EN,2025-12-18T23:00:00.000Z
MALARIA_EST_CASES,Estimated number of malaria cases,text,AFR,Africa,Country,ZMB,Zambia,Year,2015,FALSE,3899391,3 899 391 [3 120 000-4 823 000],EN,2025-12-18T23:00:00.000Z
MALARIA_EST_CASES,Estimated number of malaria cases,text,AFR,Africa,Country,SWZ,Eswatini,Year,2015,FALSE,318,318,EN,2025-12-18T23:00:00.000Z
MALARIA_EST_CASES,Estimated number of malaria cases,text,AMR,Americas,Country,HTI,Haiti,Year,2015,FALSE,32185,32 185 [21 000-43 000],EN,2025-12-18T23:00:00.000Z
MALARIA_EST_CASES,Estimated number of malaria cases,text,SEAR,South-East Asia,Country,BTN,Bhutan,Year,2015,FALSE,34,34,EN,2025-12-18T23:00:00.000Z
MALARIA_EST_CASES,Estimated number of malaria cases,text,EMR,Eastern Mediterranean,Country,AFG,Afghanistan,Year,2015,FALSE,368235,368 235 [253 000-514 000],EN,2025-12-18T23:00:00.000Z
MALARIA_EST_CASES,Estimated number of malaria cases,text,AFR,Africa,Country,GAB,Gabon,Year,2015,FALSE,378319,378 319 [222 000-599 000],EN,2025-12-18T23:00:00.000Z
MALARIA_EST_CASES,Estimated number of malaria cases,text,WPR,Western Pacific,Country,CHN,China,Year,2015,FALSE,39,39,EN,2025-12-18T23:00:00.000Z
MALARIA_EST_CASES,Estimated number of malaria cases,text,WPR,Western Pacific,Country,SLB,Solomon Islands,Year,2015,FALSE,39811,39 811 [33 000-49 000],EN,2025-12-18T23:00:00.000Z
MALARIA_EST_CASES,Estimated number of malaria cases,text,AFR,Africa,Country,BEN,Benin,Year,2015,FALSE,4439351,4 439 351 [3 525 000-5 524 000],EN,2025-12-18T23:00:00.000Z
MALARIA_EST_CASES,Estimated number of malaria cases,text,AFR,Africa,Country,MWI,Malawi,Year,2015,FALSE,4457220,4 457 220 [3 389 000-5 736 000],EN,2025-12-18T23:00:00.000Z
MALARIA_EST_CASES,Estimated number of malaria cases,text,AFR,Africa,Country,GIN,Guinea,Year,2015,FALSE,4523155,4 523 155 [3 422 000-5 928 000],EN,2025-12-18T23:00:00.000Z
MALARIA_EST_CASES,Estimated number of malaria cases,text,AFR,Africa,Country,AGO,Angola,Year,2015,FALSE,4912741,4 912 741 [3 760 000-6 316 000],EN,2025-12-18T23:00:00.000Z
MALARIA_EST_CASES,Estimated number of malaria cases,text,SEAR,South-East Asia,Country,NPL,Nepal,Year,2015,FALSE,4370,4370 [2400-9200],EN,2025-12-18T23:00:00.000Z
MALARIA_EST_CASES,Estimated number of malaria cases,text,SEAR,South-East Asia,Country,BGD,Bangladesh,Year,2015,FALSE,45478,45 478 [41 000-50 000],EN,2025-12-18T23:00:00.000Z
MALARIA_EST_CASES,Estimated number of malaria cases,text,AFR,Africa,Country,GMB,Gambia,Year,2015,FALSE,450479,450 479 [346 000-566 000],EN,2025-12-18T23:00:00.000Z
MALARIA_EST_CASES,Estimated number of malaria cases,text,AFR,Africa,Country,BWA,Botswana,Year,2015,FALSE,455,455 [350-610],EN,2025-12-18T23:00:00.000Z
MALARIA_EST_CASES,Estimated number of malaria cases,text,AMR,Americas,Country,GUF,French Guiana,Year,2015,FALSE,462,462 [410-530],EN,2025-12-18T23:00:00.000Z
MALARIA_EST_CASES,Estimated number of malaria cases,text,AFR,Africa,Country,GNQ,Equatorial Guinea,Year,2015,FALSE,485342,485 342 [334 000-686 000],EN,2025-12-18T23:00:00.000Z
MALARIA_EST_CASES,Estimated number of malaria cases,text,AMR,Americas,Country,HND,Honduras,Year,2015,FALSE,4850,4850 [3800-6000],EN,2025-12-18T23:00:00.000Z
MALARIA_EST_CASES,Estimated number of malaria cases,text,AFR,Africa,Country,ZAF,South Africa,Year,2015,FALSE,4959,4959,EN,2025-12-18T23:00:00.000Z
MALARIA_EST_CASES,Estimated number of malaria cases,text,AMR,Americas,Country,SLV,El Salvador,Year,2015,FALSE,5,5,EN,2025-12-18T23:00:00.000Z
MALARIA_EST_CASES,Estimated number of malaria cases,text,AMR,Americas,Country,MEX,Mexico,Year,2015,FALSE,517,517,EN,2025-12-18T23:00:00.000Z
MALARIA_EST_CASES,Estimated number of malaria cases,text,EMR,Eastern Mediterranean,Country,YEM,Yemen,Year,2015,FALSE,521856,521 856 [360 000-759 000],EN,2025-12-18T23:00:00.000Z
MALARIA_EST_CASES,Estimated number of malaria cases,text,AFR,Africa,Country,NGA,Nigeria,Year,2015,FALSE,54115123,54 115 123 [43 300 000-67 110 000],EN,2025-12-18T23:00:00.000Z
MALARIA_EST_CASES,Estimated number of malaria cases,text,AMR,Americas,Country,PAN,Panama,Year,2015,FALSE,575,575 [550-610],EN,2025-12-18T23:00:00.000Z
MALARIA_EST_CASES,Estimated number of malaria cases,text,AFR,Africa,Country,CIV,Cote d'Ivoire,Year,2015,FALSE,6112542,6 112 542 [4 040 000-8 918 000],EN,2025-12-18T23:00:00.000Z
MALARIA_EST_CASES,Estimated number of malaria cases,text,AFR,Africa,Country,CMR,Cameroon,Year,2015,FALSE,6170151,6 170 151 [4 454 000-8 307 000],EN,2025-12-18T23:00:00.000Z
MALARIA_EST_CASES,Estimated number of malaria cases,text,WPR,Western Pacific,Country,LAO,Lao People's Democratic Republic,Year,2015,FALSE,62489,62 489 [45 000-83 000],EN,2025-12-18T23:00:00.000Z
MALARIA_EST_CASES,Estimated number of malaria cases,text,AMR,Americas,Country,ECU,Ecuador,Year,2015,FALSE,627,627,EN,2025-12-18T23:00:00.000Z
MALARIA_EST_CASES,Estimated number of malaria cases,text,WPR,Western Pacific,Country,KOR,Republic of Korea,Year,2015,FALSE,627,627,EN,2025-12-18T23:00:00.000Z
MALARIA_EST_CASES,Estimated number of malaria cases,text,AFR,Africa,Country,ERI,Eritrea,Year,2015,FALSE,64020,64 020 [41 000-89 000],EN,2025-12-18T23:00:00.000Z
MALARIA_EST_CASES,Estimated number of malaria cases,text,AMR,Americas,Country,GTM,Guatemala,Year,2015,FALSE,6482,6482 [5800-7500],EN,2025-12-18T23:00:00.000Z
MALARIA_EST_CASES,Estimated number of malaria cases,text,AFR,Africa,Country,CPV,Cabo Verde,Year,2015,FALSE,7,7,EN,2025-12-18T23:00:00.000Z
MALARIA_EST_CASES,Estimated number of malaria cases,text,AFR,Africa,Country,MLI,Mali,Year,2015,FALSE,7097168,7 097 168 [5 034 000-10 060 000],EN,2025-12-18T23:00:00.000Z
MALARIA_EST_CASES,Estimated number of malaria cases,text,AFR,Africa,Country,TZA,United Republic of Tanzania,Year,2015,FALSE,7376748,7 376 748 [5 514 000-9 710 000],EN,2025-12-18T23:00:00.000Z
MALARIA_EST_CASES,Estimated number of malaria cases,text,AFR,Africa,Country,BFA,Burkina Faso,Year,2015,FALSE,7848131,7 848 131 [6 210 000-9 775 000],EN,2025-12-18T23:00:00.000Z
MALARIA_EST_CASES,Estimated number of malaria cases,text,AFR,Africa,Country,GHA,Ghana,Year,2015,FALSE,7919823,7 919 823 [6 202 000-9 963 000],EN,2025-12-18T23:00:00.000Z
MALARIA_EST_CASES,Estimated number of malaria cases,text,SEAR,South-East Asia,Country,IND,India,Year,2015,FALSE,7987645,7 987 645 [6 499 000-9 642 000],EN,2025-12-18T23:00:00.000Z
MALARIA_EST_CASES,Estimated number of malaria cases,text,SEAR,South-East Asia,Country,PRK,Democratic People's Republic of Korea,Year,2015,FALSE,7022,7022,EN,2025-12-18T23:00:00.000Z
MALARIA_EST_CASES,Estimated number of malaria cases,text,EMR,Eastern Mediterranean,Country,SOM,Somalia,Year,2015,FALSE,762356,762 356 [500 000-1 107 000],EN,2025-12-18T23:00:00.000Z
MALARIA_EST_CASES,Estimated number of malaria cases,text,AMR,Americas,Country,DOM,Dominican Republic,Year,2015,FALSE,771,771 [660-890],EN,2025-12-18T23:00:00.000Z
MALARIA_EST_CASES,Estimated number of malaria cases,text,AFR,Africa,Country,NER,Niger,Year,2015,FALSE,8073585,8 073 585 [5 143 000-12 100 000],EN,2025-12-18T23:00:00.000Z
MALARIA_EST_CASES,Estimated number of malaria cases,text,AMR,Americas,Country,SUR,Suriname,Year,2015,FALSE,81,81,EN,2025-12-18T23:00:00.000Z
MALARIA_EST_CASES,Estimated number of malaria cases,text,EMR,Eastern Mediterranean,Country,SAU,Saudi Arabia,Year,2015,FALSE,83,83,EN,2025-12-18T23:00:00.000Z
MALARIA_EST_CASES,Estimated number of malaria cases,text,AMR,Americas,Country,COL,Colombia,Year,2015,FALSE,84841,84 841 [63 000-109 000],EN,2025-12-18T23:00:00.000Z
MALARIA_EST_CASES,Estimated number of malaria cases,text,AMR,Americas,Country,PER,Peru,Year,2015,FALSE,86896,86 896 [71 000-104 000],EN,2025-12-18T23:00:00.000Z
MALARIA_EST_CASES,Estimated number of malaria cases,text,WPR,Western Pacific,Country,VUT,Vanuatu,Year,2015,FALSE,877,877 [710-1100],EN,2025-12-18T23:00:00.000Z
MALARIA_EST_CASES,Estimated number of malaria cases,text,WPR,Western Pacific,Country,PNG,Papua New Guinea,Year,2015,FALSE,884727,884 727 [577 000-1 258 000],EN,2025-12-18T23:00:00.000Z
MALARIA_EST_CASES,Estimated number of malaria cases,text,AMR,Americas,Country,BLZ,Belize,Year,2015,FALSE,9,9,EN,2025-12-18T23:00:00.000Z
MALARIA_EST_CASES,Estimated number of malaria cases,text,AFR,Africa,Country,ETH,Ethiopia,Year,2015,FALSE,9186102,9 186 102 [3 497 000-16 870 000],EN,2025-12-18T23:00:00.000Z
MALARIA_EST_CASES,Estimated number of malaria cases,text,AFR,Africa,Country,MOZ,Mozambique,Year,2015,FALSE,9389145,9 389 145 [7 676 000-11 410 000],EN,2025-12-18T23:00:00.000Z
MALARIA_EST_CASES,Estimated number of malaria cases,text,AMR,Americas,Country,BOL,Bolivia (Plurinational State of),Year,2015,FALSE,9315,9315 [7300-11 000],EN,2025-12-18T23:00:00.000Z
MALARIA_EST_CASES,Estimated number of malaria cases,text,EMR,Eastern Mediterranean,Country,DJI,Djibouti,Year,2015,FALSE,9473,9473,EN,2025-12-18T23:00:00.000Z
MALARIA_EST_CASES,Estimated number of malaria cases,text,AFR,Africa,Country,DZA,Algeria,Year,2014,FALSE,0,0,EN,2025-12-18T23:00:00.000Z
MALARIA_EST_CASES,Estimated number of malaria cases,text,AMR,Americas,Country,ARG,Argentina,Year,2014,FALSE,0,0,EN,2025-12-18T23:00:00.000Z
MALARIA_EST_CASES,Estimated number of malaria cases,text,EUR,Europe,Country,ARM,Armenia,Year,2014,FALSE,0,0,EN,2025-12-18T23:00:00.000Z
MALARIA_EST_CASES,Estimated number of malaria cases,text,EUR,Europe,Country,AZE,Azerbaijan,Year,2014,FALSE,0,0,EN,2025-12-18T23:00:00.000Z
MALARIA_EST_CASES,Estimated number of malaria cases,text,AMR,Americas,Country,CRI,Costa Rica,Year,2014,FALSE,0,0,EN,2025-12-18T23:00:00.000Z
MALARIA_EST_CASES,Estimated number of malaria cases,text,EMR,Eastern Mediterranean,Country,EGY,Egypt,Year,2014,FALSE,0,0,EN,2025-12-18T23:00:00.000Z
MALARIA_EST_CASES,Estimated number of malaria cases,text,EUR,Europe,Country,GEO,Georgia,Year,2014,FALSE,0,0,EN,2025-12-18T23:00:00.000Z
MALARIA_EST_CASES,Estimated number of malaria cases,text,EMR,Eastern Mediterranean,Country,IRQ,Iraq,Year,2014,FALSE,0,0,EN,2025-12-18T23:00:00.000Z
MALARIA_EST_CASES,Estimated number of malaria cases,text,EUR,Europe,Country,KAZ,Kazakhstan,Year,2014,FALSE,0,0,EN,2025-12-18T23:00:00.000Z
MALARIA_EST_CASES,Estimated number of malaria cases,text,EUR,Europe,Country,KGZ,Kyrgyzstan,Year,2014,FALSE,0,0,EN,2025-12-18T23:00:00.000Z
MALARIA_EST_CASES,Estimated number of malaria cases,text,EMR,Eastern Mediterranean,Country,MAR,Morocco,Year,2014,FALSE,0,0,EN,2025-12-18T23:00:00.000Z
MALARIA_EST_CASES,Estimated number of malaria cases,text,EMR,Eastern Mediterranean,Country,OMN,Oman,Year,2014,FALSE,0,0,EN,2025-12-18T23:00:00.000Z
MALARIA_EST_CASES,Estimated number of malaria cases,text,AMR,Americas,Country,PRY,Paraguay,Year,2014,FALSE,0,0,EN,2025-12-18T23:00:00.000Z
MALARIA_EST_CASES,Estimated number of malaria cases,text,SEAR,South-East Asia,Country,LKA,Sri Lanka,Year,2014,FALSE,0,0,EN,2025-12-18T23:00:00.000Z
MALARIA_EST_CASES,Estimated number of malaria cases,text,EMR,Eastern Mediterranean,Country,SYR,Syrian Arab Republic,Year,2014,FALSE,0,0,EN,2025-12-18T23:00:00.000Z
MALARIA_EST_CASES,Estimated number of malaria cases,text,EUR,Europe,Country,TUR,Türkiye,Year,2014,FALSE,0,0,EN,2025-12-18T23:00:00.000Z
MALARIA_EST_CASES,Estimated number of malaria cases,text,EUR,Europe,Country,TKM,Turkmenistan,Year,2014,FALSE,0,0,EN,2025-12-18T23:00:00.000Z
MALARIA_EST_CASES,Estimated number of malaria cases,text,EMR,Eastern Mediterranean,Country,ARE,United Arab Emirates,Year,2014,FALSE,0,0,EN,2025-12-18T23:00:00.000Z
MALARIA_EST_CASES,Estimated number of malaria cases,text,EUR,Europe,Country,UZB,Uzbekistan,Year,2014,FALSE,0,0,EN,2025-12-18T23:00:00.000Z
MALARIA_EST_CASES,Estimated number of malaria cases,text,AFR,Africa,Country,MYT,Mayotte,Year,2014,FALSE,1,1 [1-1],EN,2025-12-18T23:00:00.000Z
MALARIA_EST_CASES,Estimated number of malaria cases,text,AFR,Africa,Country,COG,Congo,Year,2014,FALSE,1060152,1 060 152 [680 000-1 574 000],EN,2025-12-18T23:00:00.000Z
MALARIA_EST_CASES,Estimated number of malaria cases,text,AFR,Africa,Country,ZWE,Zimbabwe,Year,2014,FALSE,1093059,1 093 059 [807 000-1 397 000],EN,2025-12-18T23:00:00.000Z
MALARIA_EST_CASES,Estimated number of malaria cases,text,WPR,Western Pacific,Country,IDN,Indonesia,Year,2014,FALSE,1163077,1 163 077 [1 049 000-1 296 000],EN,2025-12-18T23:00:00.000Z
MALARIA_EST_CASES,Estimated number of malaria cases,text,AFR,Africa,Country,MDG,Madagascar,Year,2014,FALSE,1233241,1 233 241 [865 000-1 689 000],EN,2025-12-18T23:00:00.000Z
MALARIA_EST_CASES,Estimated number of malaria cases,text,AFR,Africa,Country,LBR,Liberia,Year,2014,FALSE,1313127,1 313 127 [887 000-1 886 000],EN,2025-12-18T23:00:00.000Z
MALARIA_EST_CASES,Estimated number of malaria cases,text,EMR,Eastern Mediterranean,Country,SDN,Sudan,Year,2014,FALSE,1440432,1 440 432 [1 027 000-1 961 000],EN,2025-12-18T23:00:00.000Z
MALARIA_EST_CASES,Estimated number of malaria cases,text,WPR,Western Pacific,Country,PNG,Papua New Guinea,Year,2014,FALSE,1613869,1 613 869 [937 000-2 530 000],EN,2025-12-18T23:00:00.000Z
MALARIA_EST_CASES,Estimated number of malaria cases,text,AFR,Africa,Country,CAF,Central African Republic,Year,2014,FALSE,1943552,1 943 552 [1 135 000-3 109 000],EN,2025-12-18T23:00:00.000Z
MALARIA_EST_CASES,Estimated number of malaria cases,text,SEAR,South-East Asia,Country,PRK,Democratic People's Republic of Korea,Year,2014,FALSE,10535,10 535,EN,2025-12-18T23:00:00.000Z
MALARIA_EST_CASES,Estimated number of malaria cases,text,AFR,Africa,Country,UGA,Uganda,Year,2014,FALSE,10631444,10 631 444 [8 294 000-13 470 000],EN,2025-12-18T23:00:00.000Z
MALARIA_EST_CASES,Estimated number of malaria cases,text,AMR,Americas,Country,BOL,Bolivia (Plurinational State of),Year,2014,FALSE,10994,10 994 [8400-14 000],EN,2025-12-18T23:00:00.000Z
MALARIA_EST_CASES,Estimated number of malaria cases,text,AMR,Americas,Country,PAN,Panama,Year,2014,FALSE,1005,1005 [950-1100],EN,2025-12-18T23:00:00.000Z
MALARIA_EST_CASES,Estimated number of malaria cases,text,AMR,Americas,Country,VEN,Venezuela (Bolivarian Republic of),Year,2014,FALSE,106118,106 118 [95 000-122 000],EN,2025-12-18T23:00:00.000Z
MALARIA_EST_CASES,Estimated number of malaria cases,text,AFR,Africa,Country,ERI,Eritrea,Year,2014,FALSE,109689,109 689 [71 000-153 000],EN,2025-12-18T23:00:00.000Z
MALARIA_EST_CASES,Estimated number of malaria cases,text,AFR,Africa,Country,ZAF,South Africa,Year,2014,FALSE,11705,11 705,EN,2025-12-18T23:00:00.000Z
MALARIA_EST_CASES,Estimated number of malaria cases,text,WPR,Western Pacific,Country,PHL,Philippines,Year,2014,FALSE,14318,14 318 [10 000-19 000],EN,2025-12-18T23:00:00.000Z
MALARIA_EST_CASES,Estimated number of malaria cases,text,AMR,Americas,Country,NIC,Nicaragua,Year,2014,FALSE,1446,1446 [1200-1700],EN,2025-12-18T23:00:00.000Z
MALARIA_EST_CASES,Estimated number of malaria cases,text,AMR,Americas,Country,BRA,Brazil,Year,2014,FALSE,146599,146 599 [141 000-156 000],EN,2025-12-18T23:00:00.000Z
MALARIA_EST_CASES,Estimated number of malaria cases,text,AFR,Africa,Country,STP,Sao Tome and Principe,Year,2014,FALSE,1754,1754,EN,2025-12-18T23:00:00.000Z
MALARIA_EST_CASES,Estimated number of malaria cases,text,AFR,Africa,Country,GNB,Guinea-Bissau,Year,2014,FALSE,184084,184 084 [79 000-363 000],EN,2025-12-18T23:00:00.000Z
MALARIA_EST_CASES,Estimated number of malaria cases,text,AMR,Americas,Country,BLZ,Belize,Year,2014,FALSE,19,19,EN,2025-12-18T23:00:00.000Z
MALARIA_EST_CASES,Estimated number of malaria cases,text,SEAR,South-East Asia,Country,BTN,Bhutan,Year,2014,FALSE,19,19,EN,2025-12-18T23:00:00.000Z
MALARIA_EST_CASES,Estimated number of malaria cases,text,WPR,Western Pacific,Country,VNM,Viet Nam,Year,2014,FALSE,19060,19 060 [18 000-21 000],EN,2025-12-18T23:00:00.000Z
MALARIA_EST_CASES,Estimated number of malaria cases,text,EUR,Europe,Country,TJK,Tajikistan,Year,2014,FALSE,2,2,EN,2025-12-18T23:00:00.000Z
MALARIA_EST_CASES,Estimated number of malaria cases,text,AFR,Africa,Country,RWA,Rwanda,Year,2014,FALSE,2299121,2 299 121 [1 727 000-2 892 000],EN,2025-12-18T23:00:00.000Z
MALARIA_EST_CASES,Estimated number of malaria cases,text,AFR,Africa,Country,SLE,Sierra Leone,Year,2014,FALSE,2615056,2 615 056 [2 078 000-3 236 000],EN,2025-12-18T23:00:00.000Z
MALARIA_EST_CASES,Estimated number of malaria cases,text,AFR,Africa,Country,BDI,Burundi,Year,2014,FALSE,2709188,2 709 188 [2 004 000-3 581 000],EN,2025-12-18T23:00:00.000Z
MALARIA_EST_CASES,Estimated number of malaria cases,text,AFR,Africa,Country,TGO,Togo,Year,2014,FALSE,2757163,2 757 163 [2 256 000-3 333 000],EN,2025-12-18T23:00:00.000Z
MALARIA_EST_CASES,Estimated number of malaria cases,text,AFR,Africa,Country,TCD,Chad,Year,2014,FALSE,2975136,2 975 136 [1 857 000-4 478 000],EN,2025-12-18T23:00:00.000Z
MALARIA_EST_CASES,Estimated number of malaria cases,text,AFR,Africa,Country,BWA,Botswana,Year,2014,FALSE,2076,2076 [1600-2800],EN,2025-12-18T23:00:00.000Z
MALARIA_EST_CASES,Estimated number of malaria cases,text,AFR,Africa,Country,MRT,Mauritania,Year,2014,FALSE,216687,216 687 [77 000-432 000],EN,2025-12-18T23:00:00.000Z
MALARIA_EST_CASES,Estimated number of malaria cases,text,AMR,Americas,Country,GUY,Guyana,Year,2014,FALSE,22310,22 310 [17 000-31 000],EN,2025-12-18T23:00:00.000Z
MALARIA_EST_CASES,Estimated number of malaria cases,text,AFR,Africa,Country,COM,Comoros,Year,2014,FALSE,2203,2203,EN,2025-12-18T23:00:00.000Z
MALARIA_EST_CASES,Estimated number of malaria cases,text,AFR,Africa,Country,COD,Democratic Republic of the Congo,Year,2014,FALSE,23314218,23 314 218 [18 190 000-29 590 000],EN,2025-12-18T23:00:00.000Z
MALARIA_EST_CASES,Estimated number of malaria cases,text,WPR,Western Pacific,Country,KHM,Cambodia,Year,2014,FALSE,240449,240 449 [208 000-282 000],EN,2025-12-18T23:00:00.000Z
MALARIA_EST_CASES,Estimated number of malaria cases,text,AMR,Americas,Country,ECU,Ecuador,Year,2014,FALSE,242,242,EN,2025-12-18T23:00:00.000Z
MALARIA_EST_CASES,Estimated number of malaria cases,text,AFR,Africa,Country,NAM,Namibia,Year,2014,FALSE,25780,25 780 [20 000-32 000],EN,2025-12-18T23:00:00.000Z
MALARIA_EST_CASES,Estimated number of malaria cases,text,WPR,Western Pacific,Country,VUT,Vanuatu,Year,2014,FALSE,2579,2579 [1900-3600],EN,2025-12-18T23:00:00.000Z
MALARIA_EST_CASES,Estimated number of malaria cases,text,AFR,Africa,Country,CPV,Cabo Verde,Year,2014,FALSE,26,26,EN,2025-12-18T23:00:00.000Z
MALARIA_EST_CASES,Estimated number of malaria cases,text,AFR,Africa,Country,SSD,South Sudan,Year,2014,FALSE,3045151,3 045 151 [2 257 000-3 997 000],EN,2025-12-18T23:00:00.000Z
MALARIA_EST_CASES,Estimated number of malaria cases,text,AFR,Africa,Country,ZMB,Zambia,Year,2014,FALSE,3774704,3 774 704 [2 988 000-4 720 000],EN,2025-12-18T23:00:00.000Z
MALARIA_EST_CASES,Estimated number of malaria cases,text,AFR,Africa,Country,KEN,Kenya,Year,2014,FALSE,3888161,3 888 161 [2 900 000-5 116 000],EN,2025-12-18T23:00:00.000Z
MALARIA_EST_CASES,Estimated number of malaria cases,text,EMR,Eastern Mediterranean,Country,SAU,Saudi Arabia,Year,2014,FALSE,30,30,EN,2025-12-18T23:00:00.000Z
MALARIA_EST_CASES,Estimated number of malaria cases,text,AFR,Africa,Country,GMB,Gambia,Year,2014,FALSE,303721,303 721 [237 000-378 000],EN,2025-12-18T23:00:00.000Z
MALARIA_EST_CASES,Estimated number of malaria cases,text,EMR,Eastern Mediterranean,Country,AFG,Afghanistan,Year,2014,FALSE,319142,319 142 [221 000-443 000],EN,2025-12-18T23:00:00.000Z
MALARIA_EST_CASES,Estimated number of malaria cases,text,AMR,Americas,Country,HTI,Haiti,Year,2014,FALSE,33119,33 119 [22 000-45 000],EN,2025-12-18T23:00:00.000Z
MALARIA_EST_CASES,Estimated number of malaria cases,text,WPR,Western Pacific,Country,SLB,Solomon Islands,Year,2014,FALSE,34803,34 803 [26 000-46 000],EN,2025-12-18T23:00:00.000Z
MALARIA_EST_CASES,Estimated number of malaria cases,text,EMR,Eastern Mediterranean,Country,IRN,Iran (Islamic Republic of),Year,2014,FALSE,358,358,EN,2025-12-18T23:00:00.000Z
MALARIA_EST_CASES,Estimated number of malaria cases,text,AFR,Africa,Country,GAB,Gabon,Year,2014,FALSE,383546,383 546 [214 000-624 000],EN,2025-12-18T23:00:00.000Z
MALARIA_EST_CASES,Estimated number of malaria cases,text,SEAR,South-East Asia,Country,MMR,Myanmar,Year,2014,FALSE,383705,383 705 [282 000-532 000],EN,2025-12-18T23:00:00.000Z
MALARIA_EST_CASES,Estimated number of malaria cases,text,AFR,Africa,Country,SWZ,Eswatini,Year,2014,FALSE,389,389,EN,2025-12-18T23:00:00.000Z
MALARIA_EST_CASES,Estimated number of malaria cases,text,AFR,Africa,Country,BEN,Benin,Year,2014,FALSE,4071327,4 071 327 [3 142 000-5 192 000],EN,2025-12-18T23:00:00.000Z
MALARIA_EST_CASES,Estimated number of malaria cases,text,AFR,Africa,Country,AGO,Angola,Year,2014,FALSE,4450526,4 450 526 [3 267 000-5 894 000],EN,2025-12-18T23:00:00.000Z
MALARIA_EST_CASES,Estimated number of malaria cases,text,AFR,Africa,Country,GIN,Guinea,Year,2014,FALSE,4551149,4 551 149 [3 472 000-5 819 000],EN,2025-12-18T23:00:00.000Z
MALARIA_EST_CASES,Estimated number of malaria cases,text,AFR,Africa,Country,MWI,Malawi,Year,2014,FALSE,4571742,4 571 742 [3 409 000-5 972 000],EN,2025-12-18T23:00:00.000Z
MALARIA_EST_CASES,Estimated number of malaria cases,text,AMR,Americas,Country,SUR,Suriname,Year,2014,FALSE,401,401,EN,2025-12-18T23:00:00.000Z
MALARIA_EST_CASES,Estimated number of malaria cases,text,SEAR,South-East Asia,Country,THA,Thailand,Year,2014,FALSE,41218,41 218,EN,2025-12-18T23:00:00.000Z
MALARIA_EST_CASES,Estimated number of malaria cases,text,AMR,Americas,Country,HND,Honduras,Year,2014,FALSE,4594,4594 [3600-5700],EN,2025-12-18T23:00:00.000Z
MALARIA_EST_CASES,Estimated number of malaria cases,text,AFR,Africa,Country,GNQ,Equatorial Guinea,Year,2014,FALSE,467538,467 538 [331 000-649 000],EN,2025-12-18T23:00:00.000Z
MALARIA_EST_CASES,Estimated number of malaria cases,text,SEAR,South-East Asia,Country,TLS,Timor-Leste,Year,2014,FALSE,473,473 [400-550],EN,2025-12-18T23:00:00.000Z
MALARIA_EST_CASES,Estimated number of malaria cases,text,SEAR,South-East Asia,Country,NPL,Nepal,Year,2014,FALSE,4912,4912 [3000-9900],EN,2025-12-18T23:00:00.000Z
MALARIA_EST_CASES,Estimated number of malaria cases,text,AFR,Africa,Country,CIV,Cote d'Ivoire,Year,2014,FALSE,5966178,5 966 178 [4 272 000-8 161 000],EN,2025-12-18T23:00:00.000Z
MALARIA_EST_CASES,Estimated number of malaria cases,text,WPR,Western Pacific,Country,CHN,China,Year,2014,FALSE,53,53,EN,2025-12-18T23:00:00.000Z
MALARIA_EST_CASES,Estimated number of malaria cases,text,AFR,Africa,Country,NGA,Nigeria,Year,2014,FALSE,53483458,53 483 458 [42 810 000-65 930 000],EN,2025-12-18T23:00:00.000Z
MALARIA_EST_CASES,Estimated number of malaria cases,text,AFR,Africa,Country,SEN,Senegal,Year,2014,FALSE,532782,532 782 [391 000-692 000],EN,2025-12-18T23:00:00.000Z
MALARIA_EST_CASES,Estimated number of malaria cases,text,AMR,Americas,Country,GUF,French Guiana,Year,2014,FALSE,541,541 [480-620],EN,2025-12-18T23:00:00.000Z
MALARIA_EST_CASES,Estimated number of malaria cases,text,WPR,Western Pacific,Country,KOR,Republic of Korea,Year,2014,FALSE,557,557,EN,2025-12-18T23:00:00.000Z
MALARIA_EST_CASES,Estimated number of malaria cases,text,AMR,Americas,Country,DOM,Dominican Republic,Year,2014,FALSE,566,566 [480-660],EN,2025-12-18T23:00:00.000Z
MALARIA_EST_CASES,Estimated number of malaria cases,text,AMR,Americas,Country,COL,Colombia,Year,2014,FALSE,57024,57 024 [43 000-71 000],EN,2025-12-18T23:00:00.000Z
MALARIA_EST_CASES,Estimated number of malaria cases,text,AMR,Americas,Country,GTM,Guatemala,Year,2014,FALSE,5766,5766 [5100-6600],EN,2025-12-18T23:00:00.000Z
MALARIA_EST_CASES,Estimated number of malaria cases,text,EMR,Eastern Mediterranean,Country,YEM,Yemen,Year,2014,FALSE,591805,591 805 [412 000-857 000],EN,2025-12-18T23:00:00.000Z
MALARIA_EST_CASES,Estimated number of malaria cases,text,WPR,Western Pacific,Country,MYS,Malaysia,Year,2014,FALSE,596,596,EN,2025-12-18T23:00:00.000Z
MALARIA_EST_CASES,Estimated number of malaria cases,text,AMR,Americas,Country,SLV,El Salvador,Year,2014,FALSE,6,6,EN,2025-12-18T23:00:00.000Z
MALARIA_EST_CASES,Estimated number of malaria cases,text,AFR,Africa,Country,CMR,Cameroon,Year,2014,FALSE,6011473,6 011 473 [4 242 000-8 265 000],EN,2025-12-18T23:00:00.000Z
MALARIA_EST_CASES,Estimated number of malaria cases,text,EMR,Eastern Mediterranean,Country,SOM,Somalia,Year,2014,FALSE,621798,621 798 [433 000-866 000],EN,2025-12-18T23:00:00.000Z
MALARIA_EST_CASES,Estimated number of malaria cases,text,AMR,Americas,Country,MEX,Mexico,Year,2014,FALSE,656,656,EN,2025-12-18T23:00:00.000Z
MALARIA_EST_CASES,Estimated number of malaria cases,text,SEAR,South-East Asia,Country,BGD,Bangladesh,Year,2014,FALSE,66274,66 274 [60 000-74 000],EN,2025-12-18T23:00:00.000Z
MALARIA_EST_CASES,Estimated number of malaria cases,text,AFR,Africa,Country,TZA,United Republic of Tanzania,Year,2014,FALSE,7369397,7 369 397 [5 495 000-9 673 000],EN,2025-12-18T23:00:00.000Z
MALARIA_EST_CASES,Estimated number of malaria cases,text,AFR,Africa,Country,MLI,Mali,Year,2014,FALSE,7740479,7 740 479 [5 562 000-10 730 000],EN,2025-12-18T23:00:00.000Z
MALARIA_EST_CASES,Estimated number of malaria cases,text,SEAR,South-East Asia,Country,IND,India,Year,2014,FALSE,7764484,7 764 484 [6 247 000-9 456 000],EN,2025-12-18T23:00:00.000Z
MALARIA_EST_CASES,Estimated number of malaria cases,text,AFR,Africa,Country,NER,Niger,Year,2014,FALSE,7880779,7 880 779 [5 052 000-11 660 000],EN,2025-12-18T23:00:00.000Z
MALARIA_EST_CASES,Estimated number of malaria cases,text,AFR,Africa,Country,BFA,Burkina Faso,Year,2014,FALSE,8132937,8 132 937 [6 535 000-10 000 000],EN,2025-12-18T23:00:00.000Z
MALARIA_EST_CASES,Estimated number of malaria cases,text,AFR,Africa,Country,GHA,Ghana,Year,2014,FALSE,8799642,8 799 642 [7 034 000-10 870 000],EN,2025-12-18T23:00:00.000Z
MALARIA_EST_CASES,Estimated number of malaria cases,text,AMR,Americas,Country,PER,Peru,Year,2014,FALSE,83936,83 936 [69 000-100 000],EN,2025-12-18T23:00:00.000Z
MALARIA_EST_CASES,Estimated number of malaria cases,text,WPR,Western Pacific,Country,LAO,Lao People's Democratic Republic,Year,2014,FALSE,87770,87 770 [63 000-115 000],EN,2025-12-18T23:00:00.000Z
MALARIA_EST_CASES,Estimated number of malaria cases,text,AFR,Africa,Country,MOZ,Mozambique,Year,2014,FALSE,9321871,9 321 871 [7 633 000-11 340 000],EN,2025-12-18T23:00:00.000Z
MALARIA_EST_CASES,Estimated number of malaria cases,text,AFR,Africa,Country,ETH,Ethiopia,Year,2014,FALSE,9906043,9 906 043 [3 720 000-17 290 000],EN,2025-12-18T23:00:00.000Z
MALARIA_EST_CASES,Estimated number of malaria cases,text,EMR,Eastern Mediterranean,Country,DJI,Djibouti,Year,2014,FALSE,9439,9439,EN,2025-12-18T23:00:00.000Z
MALARIA_EST_CASES,Estimated number of malaria cases,text,EMR,Eastern Mediterranean,Country,PAK,Pakistan,Year,2014,FALSE,994600,994 600 [556 000-1 814 000],EN,2025-12-18T23:00:00.000Z
MALARIA_EST_CASES,Estimated number of malaria cases,text,AMR,Americas,Country,ARG,Argentina,Year,2013,FALSE,0,0,EN,2025-12-18T23:00:00.000Z
MALARIA_EST_CASES,Estimated number of malaria cases,text,EUR,Europe,Country,ARM,Armenia,Year,2013,FALSE,0,0,EN,2025-12-18T23:00:00.000Z
MALARIA_EST_CASES,Estimated number of malaria cases,text,EUR,Europe,Country,AZE,Azerbaijan,Year,2013,FALSE,0,0,EN,2025-12-18T23:00:00.000Z
MALARIA_EST_CASES,Estimated number of malaria cases,text,AMR,Americas,Country,CRI,Costa Rica,Year,2013,FALSE,0,0,EN,2025-12-18T23:00:00.000Z
MALARIA_EST_CASES,Estimated number of malaria cases,text,EMR,Eastern Mediterranean,Country,EGY,Egypt,Year,2013,FALSE,0,0,EN,2025-12-18T23:00:00.000Z
MALARIA_EST_CASES,Estimated number of malaria cases,text,EUR,Europe,Country,GEO,Georgia,Year,2013,FALSE,0,0,EN,2025-12-18T23:00:00.000Z
MALARIA_EST_CASES,Estimated number of malaria cases,text,EMR,Eastern Mediterranean,Country,IRQ,Iraq,Year,2013,FALSE,0,0,EN,2025-12-18T23:00:00.000Z
MALARIA_EST_CASES,Estimated number of malaria cases,text,EUR,Europe,Country,KAZ,Kazakhstan,Year,2013,FALSE,0,0,EN,2025-12-18T23:00:00.000Z
MALARIA_EST_CASES,Estimated number of malaria cases,text,EUR,Europe,Country,KGZ,Kyrgyzstan,Year,2013,FALSE,0,0,EN,2025-12-18T23:00:00.000Z
MALARIA_EST_CASES,Estimated number of malaria cases,text,EMR,Eastern Mediterranean,Country,MAR,Morocco,Year,2013,FALSE,0,0,EN,2025-12-18T23:00:00.000Z
MALARIA_EST_CASES,Estimated number of malaria cases,text,EMR,Eastern Mediterranean,Country,OMN,Oman,Year,2013,FALSE,0,0,EN,2025-12-18T23:00:00.000Z
MALARIA_EST_CASES,Estimated number of malaria cases,text,AMR,Americas,Country,PRY,Paraguay,Year,2013,FALSE,0,0,EN,2025-12-18T23:00:00.000Z
MALARIA_EST_CASES,Estimated number of malaria cases,text,SEAR,South-East Asia,Country,LKA,Sri Lanka,Year,2013,FALSE,0,0,EN,2025-12-18T23:00:00.000Z
MALARIA_EST_CASES,Estimated number of malaria cases,text,EMR,Eastern Mediterranean,Country,SYR,Syrian Arab Republic,Year,2013,FALSE,0,0,EN,2025-12-18T23:00:00.000Z
MALARIA_EST_CASES,Estimated number of malaria cases,text,EUR,Europe,Country,TUR,Türkiye,Year,2013,FALSE,0,0,EN,2025-12-18T23:00:00.000Z
MALARIA_EST_CASES,Estimated number of malaria cases,text,EUR,Europe,Country,TKM,Turkmenistan,Year,2013,FALSE,0,0,EN,2025-12-18T23:00:00.000Z
MALARIA_EST_CASES,Estimated number of malaria cases,text,EMR,Eastern Mediterranean,Country,ARE,United Arab Emirates,Year,2013,FALSE,0,0,EN,2025-12-18T23:00:00.000Z
MALARIA_EST_CASES,Estimated number of malaria cases,text,EUR,Europe,Country,UZB,Uzbekistan,Year,2013,FALSE,0,0,EN,2025-12-18T23:00:00.000Z
MALARIA_EST_CASES,Estimated number of malaria cases,text,AFR,Africa,Country,MYT,Mayotte,Year,2013,FALSE,1,1 [1-1],EN,2025-12-18T23:00:00.000Z
MALARIA_EST_CASES,Estimated number of malaria cases,text,AFR,Africa,Country,COG,Congo,Year,2013,FALSE,1059771,1 059 771 [671 000-1 581 000],EN,2025-12-18T23:00:00.000Z
MALARIA_EST_CASES,Estimated number of malaria cases,text,AFR,Africa,Country,LBR,Liberia,Year,2013,FALSE,1165597,1 165 597 [758 000-1 720 000],EN,2025-12-18T23:00:00.000Z
MALARIA_EST_CASES,Estimated number of malaria cases,text,AFR,Africa,Country,RWA,Rwanda,Year,2013,FALSE,1214623,1 214 623 [1 012 000-1 429 000],EN,2025-12-18T23:00:00.000Z
MALARIA_EST_CASES,Estimated number of malaria cases,text,EMR,Eastern Mediterranean,Country,SDN,Sudan,Year,2013,FALSE,1273369,1 273 369 [927 000-1 701 000],EN,2025-12-18T23:00:00.000Z
MALARIA_EST_CASES,Estimated number of malaria cases,text,EMR,Eastern Mediterranean,Country,PAK,Pakistan,Year,2013,FALSE,1381009,1 381 009 [725 000-2 675 000],EN,2025-12-18T23:00:00.000Z
MALARIA_EST_CASES,Estimated number of malaria cases,text,WPR,Western Pacific,Country,PNG,Papua New Guinea,Year,2013,FALSE,1420220,1 420 220 [769 000-2 236 000],EN,2025-12-18T23:00:00.000Z
MALARIA_EST_CASES,Estimated number of malaria cases,text,WPR,Western Pacific,Country,IDN,Indonesia,Year,2013,FALSE,1529542,1 529 542 [1 380 000-1 706 000],EN,2025-12-18T23:00:00.000Z
MALARIA_EST_CASES,Estimated number of malaria cases,text,AFR,Africa,Country,MDG,Madagascar,Year,2013,FALSE,1535144,1 535 144 [984 000-2 358 000],EN,2025-12-18T23:00:00.000Z
MALARIA_EST_CASES,Estimated number of malaria cases,text,AFR,Africa,Country,CAF,Central African Republic,Year,2013,FALSE,1983793,1 983 793 [1 173 000-3 136 000],EN,2025-12-18T23:00:00.000Z
MALARIA_EST_CASES,Estimated number of malaria cases,text,SEAR,South-East Asia,Country,NPL,Nepal,Year,2013,FALSE,10164,10 164 [7000-17 000],EN,2025-12-18T23:00:00.000Z
MALARIA_EST_CASES,Estimated number of malaria cases,text,AMR,Americas,Country,BOL,Bolivia (Plurinational State of),Year,2013,FALSE,10906,10 906 [8300-14 000],EN,2025-12-18T23:00:00.000Z
MALARIA_EST_CASES,Estimated number of malaria cases,text,AFR,Africa,Country,UGA,Uganda,Year,2013,FALSE,10964151,10 964 151 [8 642 000-13 700 000],EN,2025-12-18T23:00:00.000Z
MALARIA_EST_CASES,Estimated number of malaria cases,text,AFR,Africa,Country,MRT,Mauritania,Year,2013,FALSE,101247,101 247 [6000-242 000],EN,2025-12-18T23:00:00.000Z
MALARIA_EST_CASES,Estimated number of malaria cases,text,AMR,Americas,Country,GUF,French Guiana,Year,2013,FALSE,1025,1025 [910-1200],EN,2025-12-18T23:00:00.000Z
MALARIA_EST_CASES,Estimated number of malaria cases,text,WPR,Western Pacific,Country,MYS,Malaysia,Year,2013,FALSE,1028,1028,EN,2025-12-18T23:00:00.000Z
MALARIA_EST_CASES,Estimated number of malaria cases,text,AFR,Africa,Country,ETH,Ethiopia,Year,2013,FALSE,12323076,12 323 076 [6 748 000-22 780 000],EN,2025-12-18T23:00:00.000Z
MALARIA_EST_CASES,Estimated number of malaria cases,text,SEAR,South-East Asia,Country,PRK,Democratic People's Republic of Korea,Year,2013,FALSE,14407,14 407,EN,2025-12-18T23:00:00.000Z
MALARIA_EST_CASES,Estimated number of malaria cases,text,SEAR,South-East Asia,Country,TLS,Timor-Leste,Year,2013,FALSE,1418,1418 [1200-1700],EN,2025-12-18T23:00:00.000Z
MALARIA_EST_CASES,Estimated number of malaria cases,text,AMR,Americas,Country,NIC,Nicaragua,Year,2013,FALSE,1471,1471 [1200-1700],EN,2025-12-18T23:00:00.000Z
MALARIA_EST_CASES,Estimated number of malaria cases,text,SEAR,South-East Asia,Country,BTN,Bhutan,Year,2013,FALSE,15,15,EN,2025-12-18T23:00:00.000Z
MALARIA_EST_CASES,Estimated number of malaria cases,text,WPR,Western Pacific,Country,KHM,Cambodia,Year,2013,FALSE,168806,168 806 [146 000-196 000],EN,2025-12-18T23:00:00.000Z
MALARIA_EST_CASES,Estimated number of malaria cases,text,EMR,Eastern Mediterranean,Country,DJI,Djibouti,Year,2013,FALSE,1684,1684,EN,2025-12-18T23:00:00.000Z
MALARIA_EST_CASES,Estimated number of malaria cases,text,WPR,Western Pacific,Country,PHL,Philippines,Year,2013,FALSE,17518,17 518 [13 000-23 000],EN,2025-12-18T23:00:00.000Z
MALARIA_EST_CASES,Estimated number of malaria cases,text,AMR,Americas,Country,BRA,Brazil,Year,2013,FALSE,197679,197 679 [177 000-214 000],EN,2025-12-18T23:00:00.000Z
MALARIA_EST_CASES,Estimated number of malaria cases,text,AFR,Africa,Country,BDI,Burundi,Year,2013,FALSE,2452824,2 452 824 [1 816 000-3 231 000],EN,2025-12-18T23:00:00.000Z
MALARIA_EST_CASES,Estimated number of malaria cases,text,AFR,Africa,Country,SLE,Sierra Leone,Year,2013,FALSE,2659590,2 659 590 [2 147 000-3 271 000],EN,2025-12-18T23:00:00.000Z
MALARIA_EST_CASES,Estimated number of malaria cases,text,AFR,Africa,Country,TGO,Togo,Year,2013,FALSE,2692633,2 692 633 [2 197 000-3 264 000],EN,2025-12-18T23:00:00.000Z
MALARIA_EST_CASES,Estimated number of malaria cases,text,AFR,Africa,Country,TCD,Chad,Year,2013,FALSE,2816847,2 816 847 [1 863 000-4 059 000],EN,2025-12-18T23:00:00.000Z
MALARIA_EST_CASES,Estimated number of malaria cases,text,AMR,Americas,Country,BLZ,Belize,Year,2013,FALSE,20,20,EN,2025-12-18T23:00:00.000Z
MALARIA_EST_CASES,Estimated number of malaria cases,text,WPR,Western Pacific,Country,VNM,Viet Nam,Year,2013,FALSE,20760,20 760 [19 000-23 000],EN,2025-12-18T23:00:00.000Z
MALARIA_EST_CASES,Estimated number of malaria cases,text,AFR,Africa,Country,GNB,Guinea-Bissau,Year,2013,FALSE,205017,205 017 [95 000-395 000],EN,2025-12-18T23:00:00.000Z
MALARIA_EST_CASES,Estimated number of malaria cases,text,AFR,Africa,Country,CPV,Cabo Verde,Year,2013,FALSE,22,22,EN,2025-12-18T23:00:00.000Z
MALARIA_EST_CASES,Estimated number of malaria cases,text,AFR,Africa,Country,COD,Democratic Republic of the Congo,Year,2013,FALSE,23531534,23 531 534 [18 530 000-29 410 000],EN,2025-12-18T23:00:00.000Z
MALARIA_EST_CASES,Estimated number of malaria cases,text,EMR,Eastern Mediterranean,Country,AFG,Afghanistan,Year,2013,FALSE,279634,279 634 [143 000-446 000],EN,2025-12-18T23:00:00.000Z
MALARIA_EST_CASES,Estimated number of malaria cases,text,AFR,Africa,Country,SSD,South Sudan,Year,2013,FALSE,3083024,3 083 024 [2 334 000-4 004 000],EN,2025-12-18T23:00:00.000Z
MALARIA_EST_CASES,Estimated number of malaria cases,text,AFR,Africa,Country,ZMB,Zambia,Year,2013,FALSE,3511365,3 511 365 [2 732 000-4 434 000],EN,2025-12-18T23:00:00.000Z
MALARIA_EST_CASES,Estimated number of malaria cases,text,AFR,Africa,Country,KEN,Kenya,Year,2013,FALSE,3843685,3 843 685 [2 874 000-5 020 000],EN,2025-12-18T23:00:00.000Z
MALARIA_EST_CASES,Estimated number of malaria cases,text,AFR,Africa,Country,BEN,Benin,Year,2013,FALSE,3878086,3 878 086 [2 989 000-4 950 000],EN,2025-12-18T23:00:00.000Z
MALARIA_EST_CASES,Estimated number of malaria cases,text,SEAR,South-East Asia,Country,BGD,Bangladesh,Year,2013,FALSE,31594,31 594 [28 000-36 000],EN,2025-12-18T23:00:00.000Z
MALARIA_EST_CASES,Estimated number of malaria cases,text,EMR,Eastern Mediterranean,Country,SAU,Saudi Arabia,Year,2013,FALSE,34,34,EN,2025-12-18T23:00:00.000Z
MALARIA_EST_CASES,Estimated number of malaria cases,text,AMR,Americas,Country,ECU,Ecuador,Year,2013,FALSE,368,368,EN,2025-12-18T23:00:00.000Z
MALARIA_EST_CASES,Estimated number of malaria cases,text,AFR,Africa,Country,GAB,Gabon,Year,2013,FALSE,381053,381 053 [207 000-644 000],EN,2025-12-18T23:00:00.000Z
MALARIA_EST_CASES,Estimated number of malaria cases,text,WPR,Western Pacific,Country,KOR,Republic of Korea,Year,2013,FALSE,383,383,EN,2025-12-18T23:00:00.000Z
MALARIA_EST_CASES,Estimated number of malaria cases,text,EUR,Europe,Country,TJK,Tajikistan,Year,2013,FALSE,4,4,EN,2025-12-18T23:00:00.000Z
MALARIA_EST_CASES,Estimated number of malaria cases,text,AFR,Africa,Country,AGO,Angola,Year,2013,FALSE,4136885,4 136 885 [3 031 000-5 538 000],EN,2025-12-18T23:00:00.000Z
MALARIA_EST_CASES,Estimated number of malaria cases,text,AFR,Africa,Country,GIN,Guinea,Year,2013,FALSE,4630441,4 630 441 [3 692 000-5 761 000],EN,2025-12-18T23:00:00.000Z
MALARIA_EST_CASES,Estimated number of malaria cases,text,AFR,Africa,Country,MWI,Malawi,Year,2013,FALSE,4947690,4 947 690 [3 789 000-6 422 000],EN,2025-12-18T23:00:00.000Z
MALARIA_EST_CASES,Estimated number of malaria cases,text,SEAR,South-East Asia,Country,THA,Thailand,Year,2013,FALSE,41602,41 602,EN,2025-12-18T23:00:00.000Z
MALARIA_EST_CASES,Estimated number of malaria cases,text,AFR,Africa,Country,GMB,Gambia,Year,2013,FALSE,429429,429 429 [338 000-532 000],EN,2025-12-18T23:00:00.000Z
MALARIA_EST_CASES,Estimated number of malaria cases,text,AFR,Africa,Country,GNQ,Equatorial Guinea,Year,2013,FALSE,449175,449 175 [316 000-618 000],EN,2025-12-18T23:00:00.000Z
MALARIA_EST_CASES,Estimated number of malaria cases,text,EMR,Eastern Mediterranean,Country,IRN,Iran (Islamic Republic of),Year,2013,FALSE,480,480,EN,2025-12-18T23:00:00.000Z
MALARIA_EST_CASES,Estimated number of malaria cases,text,AFR,Africa,Country,ERI,Eritrea,Year,2013,FALSE,49309,49 309 [31 000-70 000],EN,2025-12-18T23:00:00.000Z
MALARIA_EST_CASES,Estimated number of malaria cases,text,AMR,Americas,Country,MEX,Mexico,Year,2013,FALSE,495,495,EN,2025-12-18T23:00:00.000Z
MALARIA_EST_CASES,Estimated number of malaria cases,text,AFR,Africa,Country,CMR,Cameroon,Year,2013,FALSE,5802116,5 802 116 [4 071 000-7 957 000],EN,2025-12-18T23:00:00.000Z
MALARIA_EST_CASES,Estimated number of malaria cases,text,EMR,Eastern Mediterranean,Country,SOM,Somalia,Year,2013,FALSE,520274,520 274 [366 000-714 000],EN,2025-12-18T23:00:00.000Z
MALARIA_EST_CASES,Estimated number of malaria cases,text,AMR,Americas,Country,SUR,Suriname,Year,2013,FALSE,525,525,EN,2025-12-18T23:00:00.000Z
MALARIA_EST_CASES,Estimated number of malaria cases,text,AFR,Africa,Country,COM,Comoros,Year,2013,FALSE,53156,53 156,EN,2025-12-18T23:00:00.000Z
MALARIA_EST_CASES,Estimated number of malaria cases,text,WPR,Western Pacific,Country,SLB,Solomon Islands,Year,2013,FALSE,53689,53 689 [40 000-74 000],EN,2025-12-18T23:00:00.000Z
MALARIA_EST_CASES,Estimated number of malaria cases,text,AFR,Africa,Country,NGA,Nigeria,Year,2013,FALSE,53921321,53 921 321 [43 380 000-66 320 000],EN,2025-12-18T23:00:00.000Z
MALARIA_EST_CASES,Estimated number of malaria cases,text,WPR,Western Pacific,Country,VUT,Vanuatu,Year,2013,FALSE,5539,5539 [4100-7600],EN,2025-12-18T23:00:00.000Z
MALARIA_EST_CASES,Estimated number of malaria cases,text,AMR,Americas,Country,GUY,Guyana,Year,2013,FALSE,57459,57 459 [43 000-79 000],EN,2025-12-18T23:00:00.000Z
MALARIA_EST_CASES,Estimated number of malaria cases,text,AMR,Americas,Country,SLV,El Salvador,Year,2013,FALSE,6,6,EN,2025-12-18T23:00:00.000Z
MALARIA_EST_CASES,Estimated number of malaria cases,text,AFR,Africa,Country,TZA,United Republic of Tanzania,Year,2013,FALSE,6434966,6 434 966 [4 807 000-8 504 000],EN,2025-12-18T23:00:00.000Z
MALARIA_EST_CASES,Estimated number of malaria cases,text,AFR,Africa,Country,CIV,Cote d'Ivoire,Year,2013,FALSE,6879970,6 879 970 [5 183 000-8 970 000],EN,2025-12-18T23:00:00.000Z
MALARIA_EST_CASES,Estimated number of malaria cases,text,SEAR,South-East Asia,Country,MMR,Myanmar,Year,2013,FALSE,611838,611 838 [455 000-846 000],EN,2025-12-18T23:00:00.000Z
MALARIA_EST_CASES,Estimated number of malaria cases,text,AMR,Americas,Country,DOM,Dominican Republic,Year,2013,FALSE,613,613 [500-740],EN,2025-12-18T23:00:00.000Z
MALARIA_EST_CASES,Estimated number of malaria cases,text,AMR,Americas,Country,HTI,Haiti,Year,2013,FALSE,62551,62 551 [38 000-97 000],EN,2025-12-18T23:00:00.000Z
MALARIA_EST_CASES,Estimated number of malaria cases,text,AMR,Americas,Country,PER,Peru,Year,2013,FALSE,62669,62 669 [51 000-75 000],EN,2025-12-18T23:00:00.000Z
MALARIA_EST_CASES,Estimated number of malaria cases,text,WPR,Western Pacific,Country,LAO,Lao People's Democratic Republic,Year,2013,FALSE,68570,68 570 [50 000-91 000],EN,2025-12-18T23:00:00.000Z
MALARIA_EST_CASES,Estimated number of malaria cases,text,SEAR,South-East Asia,Country,IND,India,Year,2013,FALSE,7574468,7 574 468 [6 007 000-9 354 000],EN,2025-12-18T23:00:00.000Z
MALARIA_EST_CASES,Estimated number of malaria cases,text,AFR,Africa,Country,MLI,Mali,Year,2013,FALSE,7699696,7 699 696 [5 513 000-10 580 000],EN,2025-12-18T23:00:00.000Z
MALARIA_EST_CASES,Estimated number of malaria cases,text,AFR,Africa,Country,NER,Niger,Year,2013,FALSE,7717689,7 717 689 [5 056 000-11 360 000],EN,2025-12-18T23:00:00.000Z
MALARIA_EST_CASES,Estimated number of malaria cases,text,EMR,Eastern Mediterranean,Country,YEM,Yemen,Year,2013,FALSE,700432,700 432 [489 000-1 009 000],EN,2025-12-18T23:00:00.000Z
MALARIA_EST_CASES,Estimated number of malaria cases,text,AMR,Americas,Country,COL,Colombia,Year,2013,FALSE,72346,72 346 [55 000-90 000],EN,2025-12-18T23:00:00.000Z
MALARIA_EST_CASES,Estimated number of malaria cases,text,AFR,Africa,Country,BWA,Botswana,Year,2013,FALSE,725,725 [560-970],EN,2025-12-18T23:00:00.000Z
MALARIA_EST_CASES,Estimated number of malaria cases,text,AMR,Americas,Country,HND,Honduras,Year,2013,FALSE,7274,7274 [5700-8900],EN,2025-12-18T23:00:00.000Z
MALARIA_EST_CASES,Estimated number of malaria cases,text,AFR,Africa,Country,SWZ,Eswatini,Year,2013,FALSE,728,728,EN,2025-12-18T23:00:00.000Z
MALARIA_EST_CASES,Estimated number of malaria cases,text,AMR,Americas,Country,GTM,Guatemala,Year,2013,FALSE,7283,7283 [6500-8500],EN,2025-12-18T23:00:00.000Z
MALARIA_EST_CASES,Estimated number of malaria cases,text,AMR,Americas,Country,PAN,Panama,Year,2013,FALSE,740,740 [710-790],EN,2025-12-18T23:00:00.000Z
MALARIA_EST_CASES,Estimated number of malaria cases,text,AFR,Africa,Country,NAM,Namibia,Year,2013,FALSE,7844,7844 [6200-9600],EN,2025-12-18T23:00:00.000Z
MALARIA_EST_CASES,Estimated number of malaria cases,text,AFR,Africa,Country,SEN,Senegal,Year,2013,FALSE,793415,793 415 [566 000-1 052 000],EN,2025-12-18T23:00:00.000Z
MALARIA_EST_CASES,Estimated number of malaria cases,text,AFR,Africa,Country,DZA,Algeria,Year,2013,FALSE,8,8,EN,2025-12-18T23:00:00.000Z
MALARIA_EST_CASES,Estimated number of malaria cases,text,AFR,Africa,Country,BFA,Burkina Faso,Year,2013,FALSE,8620220,8 620 220 [6 941 000-10 590 000],EN,2025-12-18T23:00:00.000Z
MALARIA_EST_CASES,Estimated number of malaria cases,text,WPR,Western Pacific,Country,CHN,China,Year,2013,FALSE,83,83,EN,2025-12-18T23:00:00.000Z
MALARIA_EST_CASES,Estimated number of malaria cases,text,AFR,Africa,Country,ZWE,Zimbabwe,Year,2013,FALSE,863692,863 692 [614 000-1 131 000],EN,2025-12-18T23:00:00.000Z
MALARIA_EST_CASES,Estimated number of malaria cases,text,AFR,Africa,Country,ZAF,South Africa,Year,2013,FALSE,8645,8645,EN,2025-12-18T23:00:00.000Z
MALARIA_EST_CASES,Estimated number of malaria cases,text,AFR,Africa,Country,MOZ,Mozambique,Year,2013,FALSE,9328796,9 328 796 [7 595 000-11 350 000],EN,2025-12-18T23:00:00.000Z
MALARIA_EST_CASES,Estimated number of malaria cases,text,AFR,Africa,Country,GHA,Ghana,Year,2013,FALSE,9429908,9 429 908 [7 682 000-11 510 000],EN,2025-12-18T23:00:00.000Z
MALARIA_EST_CASES,Estimated number of malaria cases,text,AMR,Americas,Country,VEN,Venezuela (Bolivarian Republic of),Year,2013,FALSE,92182,92 182 [82 000-107 000],EN,2025-12-18T23:00:00.000Z
MALARIA_EST_CASES,Estimated number of malaria cases,text,AFR,Africa,Country,STP,Sao Tome and Principe,Year,2013,FALSE,9243,9243,EN,2025-12-18T23:00:00.000Z
MALARIA_EST_CASES,Estimated number of malaria cases,text,AMR,Americas,Country,ARG,Argentina,Year,2012,FALSE,0,0,EN,2025-12-18T23:00:00.000Z
MALARIA_EST_CASES,Estimated number of malaria cases,text,EUR,Europe,Country,ARM,Armenia,Year,2012,FALSE,0,0,EN,2025-12-18T23:00:00.000Z
MALARIA_EST_CASES,Estimated number of malaria cases,text,EMR,Eastern Mediterranean,Country,EGY,Egypt,Year,2012,FALSE,0,0,EN,2025-12-18T23:00:00.000Z
MALARIA_EST_CASES,Estimated number of malaria cases,text,EUR,Europe,Country,GEO,Georgia,Year,2012,FALSE,0,0,EN,2025-12-18T23:00:00.000Z
MALARIA_EST_CASES,Estimated number of malaria cases,text,EMR,Eastern Mediterranean,Country,IRQ,Iraq,Year,2012,FALSE,0,0,EN,2025-12-18T23:00:00.000Z
MALARIA_EST_CASES,Estimated number of malaria cases,text,EUR,Europe,Country,KAZ,Kazakhstan,Year,2012,FALSE,0,0,EN,2025-12-18T23:00:00.000Z
MALARIA_EST_CASES,Estimated number of malaria cases,text,EUR,Europe,Country,KGZ,Kyrgyzstan,Year,2012,FALSE,0,0,EN,2025-12-18T23:00:00.000Z
MALARIA_EST_CASES,Estimated number of malaria cases,text,EMR,Eastern Mediterranean,Country,MAR,Morocco,Year,2012,FALSE,0,0,EN,2025-12-18T23:00:00.000Z
MALARIA_EST_CASES,Estimated number of malaria cases,text,EMR,Eastern Mediterranean,Country,OMN,Oman,Year,2012,FALSE,0,0,EN,2025-12-18T23:00:00.000Z
MALARIA_EST_CASES,Estimated number of malaria cases,text,AMR,Americas,Country,PRY,Paraguay,Year,2012,FALSE,0,0,EN,2025-12-18T23:00:00.000Z
MALARIA_EST_CASES,Estimated number of malaria cases,text,EMR,Eastern Mediterranean,Country,SYR,Syrian Arab Republic,Year,2012,FALSE,0,0,EN,2025-12-18T23:00:00.000Z
MALARIA_EST_CASES,Estimated number of malaria cases,text,EUR,Europe,Country,TUR,Türkiye,Year,2012,FALSE,0,0,EN,2025-12-18T23:00:00.000Z
MALARIA_EST_CASES,Estimated number of malaria cases,text,EUR,Europe,Country,TKM,Turkmenistan,Year,2012,FALSE,0,0,EN,2025-12-18T23:00:00.000Z
MALARIA_EST_CASES,Estimated number of malaria cases,text,EMR,Eastern Mediterranean,Country,ARE,United Arab Emirates,Year,2012,FALSE,0,0,EN,2025-12-18T23:00:00.000Z
MALARIA_EST_CASES,Estimated number of malaria cases,text,EUR,Europe,Country,UZB,Uzbekistan,Year,2012,FALSE,0,0,EN,2025-12-18T23:00:00.000Z
MALARIA_EST_CASES,Estimated number of malaria cases,text,AFR,Africa,Country,CPV,Cabo Verde,Year,2012,FALSE,1,1,EN,2025-12-18T23:00:00.000Z
MALARIA_EST_CASES,Estimated number of malaria cases,text,AFR,Africa,Country,COG,Congo,Year,2012,FALSE,1023460,1 023 460 [656 000-1 531 000],EN,2025-12-18T23:00:00.000Z
MALARIA_EST_CASES,Estimated number of malaria cases,text,AFR,Africa,Country,LBR,Liberia,Year,2012,FALSE,1163762,1 163 762 [820 000-1 605 000],EN,2025-12-18T23:00:00.000Z
MALARIA_EST_CASES,Estimated number of malaria cases,text,EMR,Eastern Mediterranean,Country,SDN,Sudan,Year,2012,FALSE,1193740,1 193 740 [908 000-1 524 000],EN,2025-12-18T23:00:00.000Z
MALARIA_EST_CASES,Estimated number of malaria cases,text,WPR,Western Pacific,Country,PNG,Papua New Guinea,Year,2012,FALSE,1249917,1 249 917 [408 000-2 564 000],EN,2025-12-18T23:00:00.000Z
MALARIA_EST_CASES,Estimated number of malaria cases,text,EMR,Eastern Mediterranean,Country,PAK,Pakistan,Year,2012,FALSE,1652576,1 652 576 [781 000-3 340 000],EN,2025-12-18T23:00:00.000Z
MALARIA_EST_CASES,Estimated number of malaria cases,text,AFR,Africa,Country,MDG,Madagascar,Year,2012,FALSE,1660818,1 660 818 [1 016 000-2 608 000],EN,2025-12-18T23:00:00.000Z
MALARIA_EST_CASES,Estimated number of malaria cases,text,SEAR,South-East Asia,Country,MMR,Myanmar,Year,2012,FALSE,1754334,1 754 334 [1 254 000-2 535 000],EN,2025-12-18T23:00:00.000Z
MALARIA_EST_CASES,Estimated number of malaria cases,text,WPR,Western Pacific,Country,IDN,Indonesia,Year,2012,FALSE,1797022,1 797 022 [1 620 000-2 005 000],EN,2025-12-18T23:00:00.000Z
MALARIA_EST_CASES,Estimated number of malaria cases,text,AMR,Americas,Country,BOL,Bolivia (Plurinational State of),Year,2012,FALSE,10048,10 048 [7900-12 000],EN,2025-12-18T23:00:00.000Z
MALARIA_EST_CASES,Estimated number of malaria cases,text,AFR,Africa,Country,ETH,Ethiopia,Year,2012,FALSE,10401659,10 401 659 [5 130 000-23 840 000],EN,2025-12-18T23:00:00.000Z
MALARIA_EST_CASES,Estimated number of malaria cases,text,AMR,Americas,Country,GUF,French Guiana,Year,2012,FALSE,1054,1054 [940-1200],EN,2025-12-18T23:00:00.000Z
MALARIA_EST_CASES,Estimated number of malaria cases,text,AFR,Africa,Country,UGA,Uganda,Year,2012,FALSE,12011037,12 011 037 [9 539 000-14 940 000],EN,2025-12-18T23:00:00.000Z
MALARIA_EST_CASES,Estimated number of malaria cases,text,AFR,Africa,Country,STP,Sao Tome and Principe,Year,2012,FALSE,12550,12 550,EN,2025-12-18T23:00:00.000Z
MALARIA_EST_CASES,Estimated number of malaria cases,text,AMR,Americas,Country,DOM,Dominican Republic,Year,2012,FALSE,1232,1232 [1000-1500],EN,2025-12-18T23:00:00.000Z
MALARIA_EST_CASES,Estimated number of malaria cases,text,AMR,Americas,Country,SLV,El Salvador,Year,2012,FALSE,13,13,EN,2025-12-18T23:00:00.000Z
MALARIA_EST_CASES,Estimated number of malaria cases,text,SEAR,South-East Asia,Country,NPL,Nepal,Year,2012,FALSE,13662,13 662 [8500-28 000],EN,2025-12-18T23:00:00.000Z
MALARIA_EST_CASES,Estimated number of malaria cases,text,AMR,Americas,Country,NIC,Nicaragua,Year,2012,FALSE,1564,1564 [1300-1800],EN,2025-12-18T23:00:00.000Z
MALARIA_EST_CASES,Estimated number of malaria cases,text,WPR,Western Pacific,Country,PHL,Philippines,Year,2012,FALSE,19171,19 171 [14 000-25 000],EN,2025-12-18T23:00:00.000Z
MALARIA_EST_CASES,Estimated number of malaria cases,text,AFR,Africa,Country,CAF,Central African Republic,Year,2012,FALSE,2004745,2 004 745 [1 202 000-3 144 000],EN,2025-12-18T23:00:00.000Z
MALARIA_EST_CASES,Estimated number of malaria cases,text,AFR,Africa,Country,BDI,Burundi,Year,2012,FALSE,2338904,2 338 904 [1 788 000-3 009 000],EN,2025-12-18T23:00:00.000Z
MALARIA_EST_CASES,Estimated number of malaria cases,text,AFR,Africa,Country,TGO,Togo,Year,2012,FALSE,2387317,2 387 317 [1 894 000-2 971 000],EN,2025-12-18T23:00:00.000Z
MALARIA_EST_CASES,Estimated number of malaria cases,text,AFR,Africa,Country,SLE,Sierra Leone,Year,2012,FALSE,2708451,2 708 451 [2 144 000-3 366 000],EN,2025-12-18T23:00:00.000Z
MALARIA_EST_CASES,Estimated number of malaria cases,text,AFR,Africa,Country,TCD,Chad,Year,2012,FALSE,2815468,2 815 468 [2 097 000-3 720 000],EN,2025-12-18T23:00:00.000Z
MALARIA_EST_CASES,Estimated number of malaria cases,text,AFR,Africa,Country,SSD,South Sudan,Year,2012,FALSE,2994497,2 994 497 [2 263 000-3 869 000],EN,2025-12-18T23:00:00.000Z
MALARIA_EST_CASES,Estimated number of malaria cases,text,AFR,Africa,Country,GNB,Guinea-Bissau,Year,2012,FALSE,208994,208 994 [106 000-374 000],EN,2025-12-18T23:00:00.000Z
MALARIA_EST_CASES,Estimated number of malaria cases,text,SEAR,South-East Asia,Country,PRK,Democratic People's Republic of Korea,Year,2012,FALSE,21850,21 850,EN,2025-12-18T23:00:00.000Z
MALARIA_EST_CASES,Estimated number of malaria cases,text,EMR,Eastern Mediterranean,Country,AFG,Afghanistan,Year,2012,FALSE,220653,220 653 [122 000-356 000],EN,2025-12-18T23:00:00.000Z
MALARIA_EST_CASES,Estimated number of malaria cases,text,EMR,Eastern Mediterranean,Country,DJI,Djibouti,Year,2012,FALSE,2227,2227,EN,2025-12-18T23:00:00.000Z
MALARIA_EST_CASES,Estimated number of malaria cases,text,SEAR,South-East Asia,Country,LKA,Sri Lanka,Year,2012,FALSE,23,23,EN,2025-12-18T23:00:00.000Z
MALARIA_EST_CASES,Estimated number of malaria cases,text,WPR,Western Pacific,Country,VNM,Viet Nam,Year,2012,FALSE,23838,23 838 [22 000-27 000],EN,2025-12-18T23:00:00.000Z
MALARIA_EST_CASES,Estimated number of malaria cases,text,AFR,Africa,Country,COD,Democratic Republic of the Congo,Year,2012,FALSE,24598662,24 598 662 [19 390 000-30 740 000],EN,2025-12-18T23:00:00.000Z
MALARIA_EST_CASES,Estimated number of malaria cases,text,WPR,Western Pacific,Country,CHN,China,Year,2012,FALSE,244,244,EN,2025-12-18T23:00:00.000Z
MALARIA_EST_CASES,Estimated number of malaria cases,text,AMR,Americas,Country,BRA,Brazil,Year,2012,FALSE,258095,258 095 [248 000-275 000],EN,2025-12-18T23:00:00.000Z
MALARIA_EST_CASES,Estimated number of malaria cases,text,WPR,Western Pacific,Country,KHM,Cambodia,Year,2012,FALSE,260016,260 016 [225 000-301 000],EN,2025-12-18T23:00:00.000Z
MALARIA_EST_CASES,Estimated number of malaria cases,text,EUR,Europe,Country,TJK,Tajikistan,Year,2012,FALSE,28,28,EN,2025-12-18T23:00:00.000Z
MALARIA_EST_CASES,Estimated number of malaria cases,text,AFR,Africa,Country,MYT,Mayotte,Year,2012,FALSE,29,29 [29-29],EN,2025-12-18T23:00:00.000Z
MALARIA_EST_CASES,Estimated number of malaria cases,text,EUR,Europe,Country,AZE,Azerbaijan,Year,2012,FALSE,3,3,EN,2025-12-18T23:00:00.000Z
MALARIA_EST_CASES,Estimated number of malaria cases,text,AFR,Africa,Country,ZMB,Zambia,Year,2012,FALSE,3074514,3 074 514 [2 385 000-3 867 000],EN,2025-12-18T23:00:00.000Z
MALARIA_EST_CASES,Estimated number of malaria cases,text,AFR,Africa,Country,KEN,Kenya,Year,2012,FALSE,3696499,3 696 499 [2 777 000-4 834 000],EN,2025-12-18T23:00:00.000Z
MALARIA_EST_CASES,Estimated number of malaria cases,text,AFR,Africa,Country,BEN,Benin,Year,2012,FALSE,3797021,3 797 021 [2 986 000-4 745 000],EN,2025-12-18T23:00:00.000Z
MALARIA_EST_CASES,Estimated number of malaria cases,text,AFR,Africa,Country,AGO,Angola,Year,2012,FALSE,3853483,3 853 483 [2 857 000-5 084 000],EN,2025-12-18T23:00:00.000Z
MALARIA_EST_CASES,Estimated number of malaria cases,text,AFR,Africa,Country,BWA,Botswana,Year,2012,FALSE,304,304 [230-450],EN,2025-12-18T23:00:00.000Z
MALARIA_EST_CASES,Estimated number of malaria cases,text,AMR,Americas,Country,BLZ,Belize,Year,2012,FALSE,33,33,EN,2025-12-18T23:00:00.000Z
MALARIA_EST_CASES,Estimated number of malaria cases,text,SEAR,South-East Asia,Country,BGD,Bangladesh,Year,2012,FALSE,35375,35 375 [31 000-40 000],EN,2025-12-18T23:00:00.000Z
MALARIA_EST_CASES,Estimated number of malaria cases,text,WPR,Western Pacific,Country,MYS,Malaysia,Year,2012,FALSE,3662,3662,EN,2025-12-18T23:00:00.000Z
MALARIA_EST_CASES,Estimated number of malaria cases,text,AFR,Africa,Country,GAB,Gabon,Year,2012,FALSE,369662,369 662 [190 000-649 000],EN,2025-12-18T23:00:00.000Z
MALARIA_EST_CASES,Estimated number of malaria cases,text,WPR,Western Pacific,Country,KOR,Republic of Korea,Year,2012,FALSE,394,394,EN,2025-12-18T23:00:00.000Z
MALARIA_EST_CASES,Estimated number of malaria cases,text,AFR,Africa,Country,GIN,Guinea,Year,2012,FALSE,4715376,4 715 376 [3 910 000-5 660 000],EN,2025-12-18T23:00:00.000Z
MALARIA_EST_CASES,Estimated number of malaria cases,text,AMR,Americas,Country,PER,Peru,Year,2012,FALSE,40437,40 437 [33 000-48 000],EN,2025-12-18T23:00:00.000Z
MALARIA_EST_CASES,Estimated number of malaria cases,text,AFR,Africa,Country,GNQ,Equatorial Guinea,Year,2012,FALSE,404560,404 560 [285 000-558 000],EN,2025-12-18T23:00:00.000Z
MALARIA_EST_CASES,Estimated number of malaria cases,text,AFR,Africa,Country,SWZ,Eswatini,Year,2012,FALSE,409,409,EN,2025-12-18T23:00:00.000Z
MALARIA_EST_CASES,Estimated number of malaria cases,text,EMR,Eastern Mediterranean,Country,SOM,Somalia,Year,2012,FALSE,425283,425 283 [307 000-576 000],EN,2025-12-18T23:00:00.000Z
MALARIA_EST_CASES,Estimated number of malaria cases,text,AMR,Americas,Country,GUY,Guyana,Year,2012,FALSE,43572,43 572 [36 000-52 000],EN,2025-12-18T23:00:00.000Z
MALARIA_EST_CASES,Estimated number of malaria cases,text,SEAR,South-East Asia,Country,THA,Thailand,Year,2012,FALSE,46895,46 895,EN,2025-12-18T23:00:00.000Z
MALARIA_EST_CASES,Estimated number of malaria cases,text,AFR,Africa,Country,COM,Comoros,Year,2012,FALSE,49840,49 840,EN,2025-12-18T23:00:00.000Z
MALARIA_EST_CASES,Estimated number of malaria cases,text,AFR,Africa,Country,CMR,Cameroon,Year,2012,FALSE,5434180,5 434 180 [4 028 000-7 178 000],EN,2025-12-18T23:00:00.000Z
MALARIA_EST_CASES,Estimated number of malaria cases,text,AFR,Africa,Country,MWI,Malawi,Year,2012,FALSE,5576252,5 576 252 [4 397 000-6 965 000],EN,2025-12-18T23:00:00.000Z
MALARIA_EST_CASES,Estimated number of malaria cases,text,AFR,Africa,Country,TZA,United Republic of Tanzania,Year,2012,FALSE,5753489,5 753 489 [4 263 000-7 592 000],EN,2025-12-18T23:00:00.000Z
MALARIA_EST_CASES,Estimated number of malaria cases,text,WPR,Western Pacific,Country,SLB,Solomon Islands,Year,2012,FALSE,52221,52 221 [39 000-73 000],EN,2025-12-18T23:00:00.000Z
MALARIA_EST_CASES,Estimated number of malaria cases,text,AFR,Africa,Country,ERI,Eritrea,Year,2012,FALSE,52483,52 483 [33 000-75 000],EN,2025-12-18T23:00:00.000Z
MALARIA_EST_CASES,Estimated number of malaria cases,text,AFR,Africa,Country,GMB,Gambia,Year,2012,FALSE,523991,523 991 [418 000-641 000],EN,2025-12-18T23:00:00.000Z
MALARIA_EST_CASES,Estimated number of malaria cases,text,AMR,Americas,Country,ECU,Ecuador,Year,2012,FALSE,544,544,EN,2025-12-18T23:00:00.000Z
MALARIA_EST_CASES,Estimated number of malaria cases,text,AFR,Africa,Country,NAM,Namibia,Year,2012,FALSE,5456,5456 [2200-9400],EN,2025-12-18T23:00:00.000Z
MALARIA_EST_CASES,Estimated number of malaria cases,text,AFR,Africa,Country,DZA,Algeria,Year,2012,FALSE,55,55,EN,2025-12-18T23:00:00.000Z
MALARIA_EST_CASES,Estimated number of malaria cases,text,AFR,Africa,Country,NGA,Nigeria,Year,2012,FALSE,55718235,55 718 235 [44 970 000-68 540 000],EN,2025-12-18T23:00:00.000Z
MALARIA_EST_CASES,Estimated number of malaria cases,text,AMR,Americas,Country,SUR,Suriname,Year,2012,FALSE,569,569,EN,2025-12-18T23:00:00.000Z
MALARIA_EST_CASES,Estimated number of malaria cases,text,AFR,Africa,Country,ZWE,Zimbabwe,Year,2012,FALSE,592559,592 559 [405 000-793 000],EN,2025-12-18T23:00:00.000Z
MALARIA_EST_CASES,Estimated number of malaria cases,text,AMR,Americas,Country,VEN,Venezuela (Bolivarian Republic of),Year,2012,FALSE,61858,61 858 [55 000-71 000],EN,2025-12-18T23:00:00.000Z
MALARIA_EST_CASES,Estimated number of malaria cases,text,AMR,Americas,Country,GTM,Guatemala,Year,2012,FALSE,6262,6262 [5600-7200],EN,2025-12-18T23:00:00.000Z
MALARIA_EST_CASES,Estimated number of malaria cases,text,AFR,Africa,Country,RWA,Rwanda,Year,2012,FALSE,646386,646 386 [511 000-787 000],EN,2025-12-18T23:00:00.000Z
MALARIA_EST_CASES,Estimated number of malaria cases,text,AMR,Americas,Country,HTI,Haiti,Year,2012,FALSE,65545,65 545 [40 000-102 000],EN,2025-12-18T23:00:00.000Z
MALARIA_EST_CASES,Estimated number of malaria cases,text,AFR,Africa,Country,ZAF,South Africa,Year,2012,FALSE,6621,6621,EN,2025-12-18T23:00:00.000Z
MALARIA_EST_CASES,Estimated number of malaria cases,text,AMR,Americas,Country,CRI,Costa Rica,Year,2012,FALSE,7,7,EN,2025-12-18T23:00:00.000Z
MALARIA_EST_CASES,Estimated number of malaria cases,text,AFR,Africa,Country,MLI,Mali,Year,2012,FALSE,7194633,7 194 633 [5 122 000-9 768 000],EN,2025-12-18T23:00:00.000Z
MALARIA_EST_CASES,Estimated number of malaria cases,text,AFR,Africa,Country,NER,Niger,Year,2012,FALSE,7633594,7 633 594 [5 207 000-10 810 000],EN,2025-12-18T23:00:00.000Z
MALARIA_EST_CASES,Estimated number of malaria cases,text,AFR,Africa,Country,SEN,Senegal,Year,2012,FALSE,706020,706 020 [490 000-957 000],EN,2025-12-18T23:00:00.000Z
MALARIA_EST_CASES,Estimated number of malaria cases,text,SEAR,South-East Asia,Country,TLS,Timor-Leste,Year,2012,FALSE,7263,7263 [6100-8500],EN,2025-12-18T23:00:00.000Z
MALARIA_EST_CASES,Estimated number of malaria cases,text,EMR,Eastern Mediterranean,Country,IRN,Iran (Islamic Republic of),Year,2012,FALSE,756,756,EN,2025-12-18T23:00:00.000Z
MALARIA_EST_CASES,Estimated number of malaria cases,text,WPR,Western Pacific,Country,LAO,Lao People's Democratic Republic,Year,2012,FALSE,79939,79 939 [58 000-106 000],EN,2025-12-18T23:00:00.000Z
MALARIA_EST_CASES,Estimated number of malaria cases,text,AFR,Africa,Country,CIV,Cote d'Ivoire,Year,2012,FALSE,8804653,8 804 653 [7 047 000-10 990 000],EN,2025-12-18T23:00:00.000Z
MALARIA_EST_CASES,Estimated number of malaria cases,text,SEAR,South-East Asia,Country,BTN,Bhutan,Year,2012,FALSE,82,82,EN,2025-12-18T23:00:00.000Z
MALARIA_EST_CASES,Estimated number of malaria cases,text,EMR,Eastern Mediterranean,Country,SAU,Saudi Arabia,Year,2012,FALSE,82,82,EN,2025-12-18T23:00:00.000Z
MALARIA_EST_CASES,Estimated number of malaria cases,text,AMR,Americas,Country,MEX,Mexico,Year,2012,FALSE,833,833,EN,2025-12-18T23:00:00.000Z
MALARIA_EST_CASES,Estimated number of malaria cases,text,AMR,Americas,Country,COL,Colombia,Year,2012,FALSE,84176,84 176 [64 000-105 000],EN,2025-12-18T23:00:00.000Z
MALARIA_EST_CASES,Estimated number of malaria cases,text,WPR,Western Pacific,Country,VUT,Vanuatu,Year,2012,FALSE,8557,8557 [6500-12 000],EN,2025-12-18T23:00:00.000Z
MALARIA_EST_CASES,Estimated number of malaria cases,text,EMR,Eastern Mediterranean,Country,YEM,Yemen,Year,2012,FALSE,860962,860 962 [574 000-1 300 000],EN,2025-12-18T23:00:00.000Z
MALARIA_EST_CASES,Estimated number of malaria cases,text,AMR,Americas,Country,HND,Honduras,Year,2012,FALSE,8706,8706 [6800-11 000],EN,2025-12-18T23:00:00.000Z
MALARIA_EST_CASES,Estimated number of malaria cases,text,AFR,Africa,Country,MRT,Mauritania,Year,2012,FALSE,88074,88 074 [5500-215 000],EN,2025-12-18T23:00:00.000Z
MALARIA_EST_CASES,Estimated number of malaria cases,text,AMR,Americas,Country,PAN,Panama,Year,2012,FALSE,888,888 [860-950],EN,2025-12-18T23:00:00.000Z
MALARIA_EST_CASES,Estimated number of malaria cases,text,AFR,Africa,Country,MOZ,Mozambique,Year,2012,FALSE,9132343,9 132 343 [7 468 000-11 050 000],EN,2025-12-18T23:00:00.000Z
MALARIA_EST_CASES,Estimated number of malaria cases,text,AFR,Africa,Country,BFA,Burkina Faso,Year,2012,FALSE,9159529,9 159 529 [7 380 000-11 230 000],EN,2025-12-18T23:00:00.000Z
MALARIA_EST_CASES,Estimated number of malaria cases,text,SEAR,South-East Asia,Country,IND,India,Year,2012,FALSE,9674537,9 674 537 [7 600 000-12 170 000],EN,2025-12-18T23:00:00.000Z
MALARIA_EST_CASES,Estimated number of malaria cases,text,AFR,Africa,Country,GHA,Ghana,Year,2012,FALSE,9819967,9 819 967 [8 026 000-11 980 000],EN,2025-12-18T23:00:00.000Z
MALARIA_EST_CASES,Estimated number of malaria cases,text,AMR,Americas,Country,ARG,Argentina,Year,2011,FALSE,0,0,EN,2025-12-18T23:00:00.000Z
MALARIA_EST_CASES,Estimated number of malaria cases,text,EUR,Europe,Country,ARM,Armenia,Year,2011,FALSE,0,0,EN,2025-12-18T23:00:00.000Z
MALARIA_EST_CASES,Estimated number of malaria cases,text,EMR,Eastern Mediterranean,Country,EGY,Egypt,Year,2011,FALSE,0,0,EN,2025-12-18T23:00:00.000Z
MALARIA_EST_CASES,Estimated number of malaria cases,text,EUR,Europe,Country,GEO,Georgia,Year,2011,FALSE,0,0,EN,2025-12-18T23:00:00.000Z
MALARIA_EST_CASES,Estimated number of malaria cases,text,EMR,Eastern Mediterranean,Country,IRQ,Iraq,Year,2011,FALSE,0,0,EN,2025-12-18T23:00:00.000Z
MALARIA_EST_CASES,Estimated number of malaria cases,text,EUR,Europe,Country,KAZ,Kazakhstan,Year,2011,FALSE,0,0,EN,2025-12-18T23:00:00.000Z
MALARIA_EST_CASES,Estimated number of malaria cases,text,EUR,Europe,Country,KGZ,Kyrgyzstan,Year,2011,FALSE,0,0,EN,2025-12-18T23:00:00.000Z
MALARIA_EST_CASES,Estimated number of malaria cases,text,EMR,Eastern Mediterranean,Country,MAR,Morocco,Year,2011,FALSE,0,0,EN,2025-12-18T23:00:00.000Z
MALARIA_EST_CASES,Estimated number of malaria cases,text,EMR,Eastern Mediterranean,Country,OMN,Oman,Year,2011,FALSE,0,0,EN,2025-12-18T23:00:00.000Z
MALARIA_EST_CASES,Estimated number of malaria cases,text,EMR,Eastern Mediterranean,Country,SYR,Syrian Arab Republic,Year,2011,FALSE,0,0,EN,2025-12-18T23:00:00.000Z
MALARIA_EST_CASES,Estimated number of malaria cases,text,EUR,Europe,Country,TUR,Türkiye,Year,2011,FALSE,0,0,EN,2025-12-18T23:00:00.000Z
MALARIA_EST_CASES,Estimated number of malaria cases,text,EUR,Europe,Country,TKM,Turkmenistan,Year,2011,FALSE,0,0,EN,2025-12-18T23:00:00.000Z
MALARIA_EST_CASES,Estimated number of malaria cases,text,EMR,Eastern Mediterranean,Country,ARE,United Arab Emirates,Year,2011,FALSE,0,0,EN,2025-12-18T23:00:00.000Z
MALARIA_EST_CASES,Estimated number of malaria cases,text,EUR,Europe,Country,UZB,Uzbekistan,Year,2011,FALSE,0,0,EN,2025-12-18T23:00:00.000Z
MALARIA_EST_CASES,Estimated number of malaria cases,text,AFR,Africa,Country,DZA,Algeria,Year,2011,FALSE,1,1,EN,2025-12-18T23:00:00.000Z
MALARIA_EST_CASES,Estimated number of malaria cases,text,AMR,Americas,Country,PRY,Paraguay,Year,2011,FALSE,1,1,EN,2025-12-18T23:00:00.000Z
MALARIA_EST_CASES,Estimated number of malaria cases,text,EMR,Eastern Mediterranean,Country,SDN,Sudan,Year,2011,FALSE,1157720,1 157 720 [882 000-1 489 000],EN,2025-12-18T23:00:00.000Z
MALARIA_EST_CASES,Estimated number of malaria cases,text,AFR,Africa,Country,LBR,Liberia,Year,2011,FALSE,1263723,1 263 723 [946 000-1 660 000],EN,2025-12-18T23:00:00.000Z
MALARIA_EST_CASES,Estimated number of malaria cases,text,SEAR,South-East Asia,Country,MMR,Myanmar,Year,2011,FALSE,1326603,1 326 603 [1 024 000-1 772 000],EN,2025-12-18T23:00:00.000Z
MALARIA_EST_CASES,Estimated number of malaria cases,text,WPR,Western Pacific,Country,IDN,Indonesia,Year,2011,FALSE,1811566,1 811 566 [1 633 000-2 017 000],EN,2025-12-18T23:00:00.000Z
MALARIA_EST_CASES,Estimated number of malaria cases,text,EMR,Eastern Mediterranean,Country,PAK,Pakistan,Year,2011,FALSE,1905938,1 905 938 [911 000-3 760 000],EN,2025-12-18T23:00:00.000Z
MALARIA_EST_CASES,Estimated number of malaria cases,text,AMR,Americas,Country,CRI,Costa Rica,Year,2011,FALSE,10,10,EN,2025-12-18T23:00:00.000Z
MALARIA_EST_CASES,Estimated number of malaria cases,text,AMR,Americas,Country,HND,Honduras,Year,2011,FALSE,10269,10 269 [8100-13 000],EN,2025-12-18T23:00:00.000Z
MALARIA_EST_CASES,Estimated number of malaria cases,text,AFR,Africa,Country,CIV,Cote d'Ivoire,Year,2011,FALSE,10608018,10 608 018 [8 731 000-12 800 000],EN,2025-12-18T23:00:00.000Z
MALARIA_EST_CASES,Estimated number of malaria cases,text,AMR,Americas,Country,MEX,Mexico,Year,2011,FALSE,1039,1039,EN,2025-12-18T23:00:00.000Z
MALARIA_EST_CASES,Estimated number of malaria cases,text,WPR,Western Pacific,Country,VUT,Vanuatu,Year,2011,FALSE,11631,11 631 [8900-16 000],EN,2025-12-18T23:00:00.000Z
MALARIA_EST_CASES,Estimated number of malaria cases,text,AMR,Americas,Country,NIC,Nicaragua,Year,2011,FALSE,1171,1171 [970-1400],EN,2025-12-18T23:00:00.000Z
MALARIA_EST_CASES,Estimated number of malaria cases,text,SEAR,South-East Asia,Country,IND,India,Year,2011,FALSE,12426642,12 426 642 [9 759 000-15 690 000],EN,2025-12-18T23:00:00.000Z
MALARIA_EST_CASES,Estimated number of malaria cases,text,AFR,Africa,Country,UGA,Uganda,Year,2011,FALSE,12771289,12 771 289 [10 100 000-15 950 000],EN,2025-12-18T23:00:00.000Z
MALARIA_EST_CASES,Estimated number of malaria cases,text,AMR,Americas,Country,ECU,Ecuador,Year,2011,FALSE,1219,1219,EN,2025-12-18T23:00:00.000Z
MALARIA_EST_CASES,Estimated number of malaria cases,text,SEAR,South-East Asia,Country,LKA,Sri Lanka,Year,2011,FALSE,124,124,EN,2025-12-18T23:00:00.000Z
MALARIA_EST_CASES,Estimated number of malaria cases,text,WPR,Western Pacific,Country,CHN,China,Year,2011,FALSE,1308,1308,EN,2025-12-18T23:00:00.000Z
MALARIA_EST_CASES,Estimated number of malaria cases,text,AMR,Americas,Country,GUF,French Guiana,Year,2011,FALSE,1413,1413 [1300-1600],EN,2025-12-18T23:00:00.000Z
MALARIA_EST_CASES,Estimated number of malaria cases,text,SEAR,South-East Asia,Country,PRK,Democratic People's Republic of Korea,Year,2011,FALSE,16760,16 760,EN,2025-12-18T23:00:00.000Z
MALARIA_EST_CASES,Estimated number of malaria cases,text,AFR,Africa,Country,MRT,Mauritania,Year,2011,FALSE,162490,162 490 [32 000-349 000],EN,2025-12-18T23:00:00.000Z
MALARIA_EST_CASES,Estimated number of malaria cases,text,EMR,Eastern Mediterranean,Country,IRN,Iran (Islamic Republic of),Year,2011,FALSE,1632,1632,EN,2025-12-18T23:00:00.000Z
MALARIA_EST_CASES,Estimated number of malaria cases,text,SEAR,South-East Asia,Country,NPL,Nepal,Year,2011,FALSE,18512,18 512 [9700-39 000],EN,2025-12-18T23:00:00.000Z
MALARIA_EST_CASES,Estimated number of malaria cases,text,SEAR,South-East Asia,Country,BTN,Bhutan,Year,2011,FALSE,194,194,EN,2025-12-18T23:00:00.000Z
MALARIA_EST_CASES,Estimated number of malaria cases,text,AFR,Africa,Country,CAF,Central African Republic,Year,2011,FALSE,2022476,2 022 476 [1 264 000-3 110 000],EN,2025-12-18T23:00:00.000Z
MALARIA_EST_CASES,Estimated number of malaria cases,text,AFR,Africa,Country,TGO,Togo,Year,2011,FALSE,2148045,2 148 045 [1 646 000-2 757 000],EN,2025-12-18T23:00:00.000Z
MALARIA_EST_CASES,Estimated number of malaria cases,text,AFR,Africa,Country,BDI,Burundi,Year,2011,FALSE,2384307,2 384 307 [1 791 000-3 097 000],EN,2025-12-18T23:00:00.000Z
MALARIA_EST_CASES,Estimated number of malaria cases,text,AFR,Africa,Country,ZMB,Zambia,Year,2011,FALSE,2614996,2 614 996 [2 044 000-3 285 000],EN,2025-12-18T23:00:00.000Z
MALARIA_EST_CASES,Estimated number of malaria cases,text,AFR,Africa,Country,SLE,Sierra Leone,Year,2011,FALSE,2732401,2 732 401 [2 120 000-3 472 000],EN,2025-12-18T23:00:00.000Z
MALARIA_EST_CASES,Estimated number of malaria cases,text,AFR,Africa,Country,TCD,Chad,Year,2011,FALSE,2880875,2 880 875 [2 281 000-3 597 000],EN,2025-12-18T23:00:00.000Z
MALARIA_EST_CASES,Estimated number of malaria cases,text,AFR,Africa,Country,SSD,South Sudan,Year,2011,FALSE,2894329,2 894 329 [2 198 000-3 735 000],EN,2025-12-18T23:00:00.000Z
MALARIA_EST_CASES,Estimated number of malaria cases,text,WPR,Western Pacific,Country,VNM,Viet Nam,Year,2011,FALSE,20206,20 206 [19 000-23 000],EN,2025-12-18T23:00:00.000Z
MALARIA_EST_CASES,Estimated number of malaria cases,text,AFR,Africa,Country,GNB,Guinea-Bissau,Year,2011,FALSE,207934,207 934 [109 000-365 000],EN,2025-12-18T23:00:00.000Z
MALARIA_EST_CASES,Estimated number of malaria cases,text,AMR,Americas,Country,DOM,Dominican Republic,Year,2011,FALSE,2088,2088 [1700-2500],EN,2025-12-18T23:00:00.000Z
MALARIA_EST_CASES,Estimated number of malaria cases,text,EMR,Eastern Mediterranean,Country,DJI,Djibouti,Year,2011,FALSE,2185,2185,EN,2025-12-18T23:00:00.000Z
MALARIA_EST_CASES,Estimated number of malaria cases,text,WPR,Western Pacific,Country,PHL,Philippines,Year,2011,FALSE,23918,23 918 [17 000-31 000],EN,2025-12-18T23:00:00.000Z
MALARIA_EST_CASES,Estimated number of malaria cases,text,AFR,Africa,Country,COM,Comoros,Year,2011,FALSE,24856,24 856,EN,2025-12-18T23:00:00.000Z
MALARIA_EST_CASES,Estimated number of malaria cases,text,SEAR,South-East Asia,Country,THA,Thailand,Year,2011,FALSE,24897,24 897,EN,2025-12-18T23:00:00.000Z
MALARIA_EST_CASES,Estimated number of malaria cases,text,AFR,Africa,Country,COD,Democratic Republic of the Congo,Year,2011,FALSE,25522250,25 522 250 [20 390 000-31 680 000],EN,2025-12-18T23:00:00.000Z
MALARIA_EST_CASES,Estimated number of malaria cases,text,AMR,Americas,Country,BRA,Brazil,Year,2011,FALSE,284024,284 024 [273 000-303 000],EN,2025-12-18T23:00:00.000Z
MALARIA_EST_CASES,Estimated number of malaria cases,text,AFR,Africa,Country,KEN,Kenya,Year,2011,FALSE,3531077,3 531 077 [2 620 000-4 691 000],EN,2025-12-18T23:00:00.000Z
MALARIA_EST_CASES,Estimated number of malaria cases,text,AFR,Africa,Country,AGO,Angola,Year,2011,FALSE,3803798,3 803 798 [2 848 000-4 966 000],EN,2025-12-18T23:00:00.000Z
MALARIA_EST_CASES,Estimated number of malaria cases,text,AFR,Africa,Country,BEN,Benin,Year,2011,FALSE,3865748,3 865 748 [3 047 000-4 847 000],EN,2025-12-18T23:00:00.000Z
MALARIA_EST_CASES,Estimated number of malaria cases,text,WPR,Western Pacific,Country,LAO,Lao People's Democratic Republic,Year,2011,FALSE,30366,30 366 [22 000-40 000],EN,2025-12-18T23:00:00.000Z
MALARIA_EST_CASES,Estimated number of malaria cases,text,SEAR,South-East Asia,Country,TLS,Timor-Leste,Year,2011,FALSE,30828,30 828 [25 000-38 000],EN,2025-12-18T23:00:00.000Z
MALARIA_EST_CASES,Estimated number of malaria cases,text,AMR,Americas,Country,PER,Peru,Year,2011,FALSE,30924,30 924 [26 000-36 000],EN,2025-12-18T23:00:00.000Z
MALARIA_EST_CASES,Estimated number of malaria cases,text,AFR,Africa,Country,NAM,Namibia,Year,2011,FALSE,3092,3092 [2100-4700],EN,2025-12-18T23:00:00.000Z
MALARIA_EST_CASES,Estimated number of malaria cases,text,AFR,Africa,Country,GAB,Gabon,Year,2011,FALSE,348201,348 201 [170 000-639 000],EN,2025-12-18T23:00:00.000Z
MALARIA_EST_CASES,Estimated number of malaria cases,text,AFR,Africa,Country,GNQ,Equatorial Guinea,Year,2011,FALSE,361159,361 159 [252 000-501 000],EN,2025-12-18T23:00:00.000Z
MALARIA_EST_CASES,Estimated number of malaria cases,text,EMR,Eastern Mediterranean,Country,AFG,Afghanistan,Year,2011,FALSE,362319,362 319 [200 000-571 000],EN,2025-12-18T23:00:00.000Z
MALARIA_EST_CASES,Estimated number of malaria cases,text,WPR,Western Pacific,Country,KHM,Cambodia,Year,2011,FALSE,368041,368 041 [320 000-426 000],EN,2025-12-18T23:00:00.000Z
MALARIA_EST_CASES,Estimated number of malaria cases,text,AMR,Americas,Country,PAN,Panama,Year,2011,FALSE,372,372 [360-400],EN,2025-12-18T23:00:00.000Z
MALARIA_EST_CASES,Estimated number of malaria cases,text,AFR,Africa,Country,SWZ,Eswatini,Year,2011,FALSE,379,379,EN,2025-12-18T23:00:00.000Z
MALARIA_EST_CASES,Estimated number of malaria cases,text,AMR,Americas,Country,GUY,Guyana,Year,2011,FALSE,38863,38 863 [32 000-46 000],EN,2025-12-18T23:00:00.000Z
MALARIA_EST_CASES,Estimated number of malaria cases,text,AFR,Africa,Country,RWA,Rwanda,Year,2011,FALSE,390611,390 611 [292 000-495 000],EN,2025-12-18T23:00:00.000Z
MALARIA_EST_CASES,Estimated number of malaria cases,text,WPR,Western Pacific,Country,MYS,Malaysia,Year,2011,FALSE,3954,3954,EN,2025-12-18T23:00:00.000Z
MALARIA_EST_CASES,Estimated number of malaria cases,text,EUR,Europe,Country,AZE,Azerbaijan,Year,2011,FALSE,4,4,EN,2025-12-18T23:00:00.000Z
MALARIA_EST_CASES,Estimated number of malaria cases,text,AFR,Africa,Country,GIN,Guinea,Year,2011,FALSE,4569440,4 569 440 [3 742 000-5 505 000],EN,2025-12-18T23:00:00.000Z
MALARIA_EST_CASES,Estimated number of malaria cases,text,EMR,Eastern Mediterranean,Country,SOM,Somalia,Year,2011,FALSE,415188,415 188 [294 000-572 000],EN,2025-12-18T23:00:00.000Z
MALARIA_EST_CASES,Estimated number of malaria cases,text,AFR,Africa,Country,GMB,Gambia,Year,2011,FALSE,473874,473 874 [383 000-575 000],EN,2025-12-18T23:00:00.000Z
MALARIA_EST_CASES,Estimated number of malaria cases,text,AFR,Africa,Country,CMR,Cameroon,Year,2011,FALSE,5393901,5 393 901 [4 102 000-6 928 000],EN,2025-12-18T23:00:00.000Z
MALARIA_EST_CASES,Estimated number of malaria cases,text,AFR,Africa,Country,MYT,Mayotte,Year,2011,FALSE,50,50 [50-50],EN,2025-12-18T23:00:00.000Z
MALARIA_EST_CASES,Estimated number of malaria cases,text,WPR,Western Pacific,Country,KOR,Republic of Korea,Year,2011,FALSE,505,505,EN,2025-12-18T23:00:00.000Z
MALARIA_EST_CASES,Estimated number of malaria cases,text,AMR,Americas,Country,VEN,Venezuela (Bolivarian Republic of),Year,2011,FALSE,53565,53 565 [48 000-62 000],EN,2025-12-18T23:00:00.000Z
MALARIA_EST_CASES,Estimated number of malaria cases,text,AFR,Africa,Country,NGA,Nigeria,Year,2011,FALSE,58184509,58 184 509 [46 920 000-71 320 000],EN,2025-12-18T23:00:00.000Z
MALARIA_EST_CASES,Estimated number of malaria cases,text,AFR,Africa,Country,MWI,Malawi,Year,2011,FALSE,6033448,6 033 448 [4 866 000-7 390 000],EN,2025-12-18T23:00:00.000Z
MALARIA_EST_CASES,Estimated number of malaria cases,text,AFR,Africa,Country,TZA,United Republic of Tanzania,Year,2011,FALSE,6120602,6 120 602 [4 551 000-8 082 000],EN,2025-12-18T23:00:00.000Z
MALARIA_EST_CASES,Estimated number of malaria cases,text,AFR,Africa,Country,MLI,Mali,Year,2011,FALSE,6491808,6 491 808 [4 634 000-8 858 000],EN,2025-12-18T23:00:00.000Z
MALARIA_EST_CASES,Estimated number of malaria cases,text,WPR,Western Pacific,Country,SLB,Solomon Islands,Year,2011,FALSE,62676,62 676 [44 000-91 000],EN,2025-12-18T23:00:00.000Z
MALARIA_EST_CASES,Estimated number of malaria cases,text,AFR,Africa,Country,SEN,Senegal,Year,2011,FALSE,626038,626 038 [441 000-833 000],EN,2025-12-18T23:00:00.000Z
MALARIA_EST_CASES,Estimated number of malaria cases,text,SEAR,South-East Asia,Country,BGD,Bangladesh,Year,2011,FALSE,63432,63 432 [54 000-73 000],EN,2025-12-18T23:00:00.000Z
MALARIA_EST_CASES,Estimated number of malaria cases,text,EUR,Europe,Country,TJK,Tajikistan,Year,2011,FALSE,65,65,EN,2025-12-18T23:00:00.000Z
MALARIA_EST_CASES,Estimated number of malaria cases,text,AFR,Africa,Country,BWA,Botswana,Year,2011,FALSE,682,682 [520-940],EN,2025-12-18T23:00:00.000Z
MALARIA_EST_CASES,Estimated number of malaria cases,text,EMR,Eastern Mediterranean,Country,SAU,Saudi Arabia,Year,2011,FALSE,69,69,EN,2025-12-18T23:00:00.000Z
MALARIA_EST_CASES,Estimated number of malaria cases,text,AFR,Africa,Country,CPV,Cabo Verde,Year,2011,FALSE,7,7,EN,2025-12-18T23:00:00.000Z
MALARIA_EST_CASES,Estimated number of malaria cases,text,AMR,Americas,Country,SLV,El Salvador,Year,2011,FALSE,7,7,EN,2025-12-18T23:00:00.000Z
MALARIA_EST_CASES,Estimated number of malaria cases,text,AFR,Africa,Country,NER,Niger,Year,2011,FALSE,7283090,7 283 090 [5 094 000-10 040 000],EN,2025-12-18T23:00:00.000Z
MALARIA_EST_CASES,Estimated number of malaria cases,text,AMR,Americas,Country,BLZ,Belize,Year,2011,FALSE,72,72,EN,2025-12-18T23:00:00.000Z
MALARIA_EST_CASES,Estimated number of malaria cases,text,AFR,Africa,Country,ZWE,Zimbabwe,Year,2011,FALSE,722030,722 030 [475 000-996 000],EN,2025-12-18T23:00:00.000Z
MALARIA_EST_CASES,Estimated number of malaria cases,text,AFR,Africa,Country,ERI,Eritrea,Year,2011,FALSE,76678,76 678 [49 000-106 000],EN,2025-12-18T23:00:00.000Z
MALARIA_EST_CASES,Estimated number of malaria cases,text,EMR,Eastern Mediterranean,Country,YEM,Yemen,Year,2011,FALSE,792771,792 771 [493 000-1 296 000],EN,2025-12-18T23:00:00.000Z
MALARIA_EST_CASES,Estimated number of malaria cases,text,AMR,Americas,Country,SUR,Suriname,Year,2011,FALSE,795,795,EN,2025-12-18T23:00:00.000Z
MALARIA_EST_CASES,Estimated number of malaria cases,text,AMR,Americas,Country,GTM,Guatemala,Year,2011,FALSE,7968,7968 [7100-9200],EN,2025-12-18T23:00:00.000Z
MALARIA_EST_CASES,Estimated number of malaria cases,text,AFR,Africa,Country,MOZ,Mozambique,Year,2011,FALSE,8891760,8 891 760 [7 314 000-10 720 000],EN,2025-12-18T23:00:00.000Z
MALARIA_EST_CASES,Estimated number of malaria cases,text,AMR,Americas,Country,HTI,Haiti,Year,2011,FALSE,81483,81 483 [49 000-127 000],EN,2025-12-18T23:00:00.000Z
MALARIA_EST_CASES,Estimated number of malaria cases,text,AFR,Africa,Country,STP,Sao Tome and Principe,Year,2011,FALSE,8442,8442,EN,2025-12-18T23:00:00.000Z
MALARIA_EST_CASES,Estimated number of malaria cases,text,AFR,Africa,Country,MDG,Madagascar,Year,2011,FALSE,846187,846 187 [516 000-1 242 000],EN,2025-12-18T23:00:00.000Z
MALARIA_EST_CASES,Estimated number of malaria cases,text,WPR,Western Pacific,Country,PNG,Papua New Guinea,Year,2011,FALSE,899054,899 054 [326 000-1 593 000],EN,2025-12-18T23:00:00.000Z
MALARIA_EST_CASES,Estimated number of malaria cases,text,AFR,Africa,Country,ETH,Ethiopia,Year,2011,FALSE,9101932,9 101 932 [3 647 000-23 770 000],EN,2025-12-18T23:00:00.000Z
MALARIA_EST_CASES,Estimated number of malaria cases,text,AFR,Africa,Country,BFA,Burkina Faso,Year,2011,FALSE,9242057,9 242 057 [7 455 000-11 290 000],EN,2025-12-18T23:00:00.000Z
MALARIA_EST_CASES,Estimated number of malaria cases,text,AFR,Africa,Country,GHA,Ghana,Year,2011,FALSE,9789325,9 789 325 [8 019 000-11 840 000],EN,2025-12-18T23:00:00.000Z
MALARIA_EST_CASES,Estimated number of malaria cases,text,AMR,Americas,Country,COL,Colombia,Year,2011,FALSE,90130,90 130 [69 000-113 000],EN,2025-12-18T23:00:00.000Z
MALARIA_EST_CASES,Estimated number of malaria cases,text,AMR,Americas,Country,BOL,Bolivia (Plurinational State of),Year,2011,FALSE,9680,9680 [7600-12 000],EN,2025-12-18T23:00:00.000Z
MALARIA_EST_CASES,Estimated number of malaria cases,text,AFR,Africa,Country,ZAF,South Africa,Year,2011,FALSE,9866,9866,EN,2025-12-18T23:00:00.000Z
MALARIA_EST_CASES,Estimated number of malaria cases,text,AFR,Africa,Country,COG,Congo,Year,2011,FALSE,994217,994 217 [635 000-1 472 000],EN,2025-12-18T23:00:00.000Z
MALARIA_EST_CASES,Estimated number of malaria cases,text,EUR,Europe,Country,ARM,Armenia,Year,2010,FALSE,0,0,EN,2025-12-18T23:00:00.000Z
MALARIA_EST_CASES,Estimated number of malaria cases,text,EMR,Eastern Mediterranean,Country,EGY,Egypt,Year,2010,FALSE,0,0,EN,2025-12-18T23:00:00.000Z
MALARIA_EST_CASES,Estimated number of malaria cases,text,EUR,Europe,Country,GEO,Georgia,Year,2010,FALSE,0,0,EN,2025-12-18T23:00:00.000Z
MALARIA_EST_CASES,Estimated number of malaria cases,text,EMR,Eastern Mediterranean,Country,IRQ,Iraq,Year,2010,FALSE,0,0,EN,2025-12-18T23:00:00.000Z
MALARIA_EST_CASES,Estimated number of malaria cases,text,EUR,Europe,Country,KAZ,Kazakhstan,Year,2010,FALSE,0,0,EN,2025-12-18T23:00:00.000Z
MALARIA_EST_CASES,Estimated number of malaria cases,text,EMR,Eastern Mediterranean,Country,MAR,Morocco,Year,2010,FALSE,0,0,EN,2025-12-18T23:00:00.000Z
MALARIA_EST_CASES,Estimated number of malaria cases,text,EMR,Eastern Mediterranean,Country,OMN,Oman,Year,2010,FALSE,0,0,EN,2025-12-18T23:00:00.000Z
MALARIA_EST_CASES,Estimated number of malaria cases,text,EMR,Eastern Mediterranean,Country,SYR,Syrian Arab Republic,Year,2010,FALSE,0,0,EN,2025-12-18T23:00:00.000Z
MALARIA_EST_CASES,Estimated number of malaria cases,text,EUR,Europe,Country,TUR,Türkiye,Year,2010,FALSE,0,0,EN,2025-12-18T23:00:00.000Z
MALARIA_EST_CASES,Estimated number of malaria cases,text,EUR,Europe,Country,TKM,Turkmenistan,Year,2010,FALSE,0,0,EN,2025-12-18T23:00:00.000Z
MALARIA_EST_CASES,Estimated number of malaria cases,text,EMR,Eastern Mediterranean,Country,ARE,United Arab Emirates,Year,2010,FALSE,0,0,EN,2025-12-18T23:00:00.000Z
MALARIA_EST_CASES,Estimated number of malaria cases,text,AFR,Africa,Country,DZA,Algeria,Year,2010,FALSE,1,1,EN,2025-12-18T23:00:00.000Z
MALARIA_EST_CASES,Estimated number of malaria cases,text,WPR,Western Pacific,Country,PNG,Papua New Guinea,Year,2010,FALSE,1079284,1 079 284 [387 000-1 924 000],EN,2025-12-18T23:00:00.000Z
MALARIA_EST_CASES,Estimated number of malaria cases,text,AFR,Africa,Country,RWA,Rwanda,Year,2010,FALSE,1079765,1 079 765 [748 000-1 426 000],EN,2025-12-18T23:00:00.000Z
MALARIA_EST_CASES,Estimated number of malaria cases,text,AFR,Africa,Country,ZWE,Zimbabwe,Year,2010,FALSE,1097776,1 097 776 [597 000-1 746 000],EN,2025-12-18T23:00:00.000Z
MALARIA_EST_CASES,Estimated number of malaria cases,text,EMR,Eastern Mediterranean,Country,YEM,Yemen,Year,2010,FALSE,1131912,1 131 912 [640 000-2 130 000],EN,2025-12-18T23:00:00.000Z
MALARIA_EST_CASES,Estimated number of malaria cases,text,EMR,Eastern Mediterranean,Country,SDN,Sudan,Year,2010,FALSE,1147070,1 147 070 [866 000-1 486 000],EN,2025-12-18T23:00:00.000Z
MALARIA_EST_CASES,Estimated number of malaria cases,text,AFR,Africa,Country,LBR,Liberia,Year,2010,FALSE,1307545,1 307 545 [994 000-1 685 000],EN,2025-12-18T23:00:00.000Z
MALARIA_EST_CASES,Estimated number of malaria cases,text,EMR,Eastern Mediterranean,Country,PAK,Pakistan,Year,2010,FALSE,1445704,1 445 704 [641 000-3 020 000],EN,2025-12-18T23:00:00.000Z
MALARIA_EST_CASES,Estimated number of malaria cases,text,SEAR,South-East Asia,Country,MMR,Myanmar,Year,2010,FALSE,1507212,1 507 212 [1 100 000-2 137 000],EN,2025-12-18T23:00:00.000Z
MALARIA_EST_CASES,Estimated number of malaria cases,text,WPR,Western Pacific,Country,IDN,Indonesia,Year,2010,FALSE,1991459,1 991 459 [1 792 000-2 218 000],EN,2025-12-18T23:00:00.000Z
MALARIA_EST_CASES,Estimated number of malaria cases,text,AFR,Africa,Country,CIV,Cote d'Ivoire,Year,2010,FALSE,10302284,10 302 284 [8 455 000-12 450 000],EN,2025-12-18T23:00:00.000Z
MALARIA_EST_CASES,Estimated number of malaria cases,text,EMR,Eastern Mediterranean,Country,DJI,Djibouti,Year,2010,FALSE,1010,1010,EN,2025-12-18T23:00:00.000Z
MALARIA_EST_CASES,Estimated number of malaria cases,text,AMR,Americas,Country,CRI,Costa Rica,Year,2010,FALSE,110,110,EN,2025-12-18T23:00:00.000Z
MALARIA_EST_CASES,Estimated number of malaria cases,text,EUR,Europe,Country,TJK,Tajikistan,Year,2010,FALSE,111,111,EN,2025-12-18T23:00:00.000Z
MALARIA_EST_CASES,Estimated number of malaria cases,text,AMR,Americas,Country,MEX,Mexico,Year,2010,FALSE,1226,1226,EN,2025-12-18T23:00:00.000Z
MALARIA_EST_CASES,Estimated number of malaria cases,text,AFR,Africa,Country,MRT,Mauritania,Year,2010,FALSE,123009,123 009 [6900-274 000],EN,2025-12-18T23:00:00.000Z
MALARIA_EST_CASES,Estimated number of malaria cases,text,WPR,Western Pacific,Country,KOR,Republic of Korea,Year,2010,FALSE,1267,1267,EN,2025-12-18T23:00:00.000Z
MALARIA_EST_CASES,Estimated number of malaria cases,text,AFR,Africa,Country,UGA,Uganda,Year,2010,FALSE,13149835,13 149 835 [10 440 000-16 320 000],EN,2025-12-18T23:00:00.000Z
MALARIA_EST_CASES,Estimated number of malaria cases,text,AMR,Americas,Country,HND,Honduras,Year,2010,FALSE,13308,13 308 [10 000-16 000],EN,2025-12-18T23:00:00.000Z
MALARIA_EST_CASES,Estimated number of malaria cases,text,SEAR,South-East Asia,Country,PRK,Democratic People's Republic of Korea,Year,2010,FALSE,13520,13 520,EN,2025-12-18T23:00:00.000Z
MALARIA_EST_CASES,Estimated number of malaria cases,text,SEAR,South-East Asia,Country,IND,India,Year,2010,FALSE,15211854,15 211 854 [11 850 000-19 570 000],EN,2025-12-18T23:00:00.000Z
MALARIA_EST_CASES,Estimated number of malaria cases,text,AMR,Americas,Country,BLZ,Belize,Year,2010,FALSE,150,150,EN,2025-12-18T23:00:00.000Z
MALARIA_EST_CASES,Estimated number of malaria cases,text,AMR,Americas,Country,COL,Colombia,Year,2010,FALSE,164564,164 564 [125 000-205 000],EN,2025-12-18T23:00:00.000Z
MALARIA_EST_CASES,Estimated number of malaria cases,text,AMR,Americas,Country,SLV,El Salvador,Year,2010,FALSE,17,17,EN,2025-12-18T23:00:00.000Z
MALARIA_EST_CASES,Estimated number of malaria cases,text,AMR,Americas,Country,SUR,Suriname,Year,2010,FALSE,1771,1771,EN,2025-12-18T23:00:00.000Z
MALARIA_EST_CASES,Estimated number of malaria cases,text,AMR,Americas,Country,BOL,Bolivia (Plurinational State of),Year,2010,FALSE,18659,18 659 [15 000-23 000],EN,2025-12-18T23:00:00.000Z
MALARIA_EST_CASES,Estimated number of malaria cases,text,EMR,Eastern Mediterranean,Country,IRN,Iran (Islamic Republic of),Year,2010,FALSE,1847,1847,EN,2025-12-18T23:00:00.000Z
MALARIA_EST_CASES,Estimated number of malaria cases,text,AMR,Americas,Country,ECU,Ecuador,Year,2010,FALSE,1888,1888,EN,2025-12-18T23:00:00.000Z
MALARIA_EST_CASES,Estimated number of malaria cases,text,AFR,Africa,Country,GNB,Guinea-Bissau,Year,2010,FALSE,195072,195 072 [111 000-320 000],EN,2025-12-18T23:00:00.000Z
MALARIA_EST_CASES,Estimated number of malaria cases,text,AFR,Africa,Country,CAF,Central African Republic,Year,2010,FALSE,2035817,2 035 817 [1 314 000-3 030 000],EN,2025-12-18T23:00:00.000Z
MALARIA_EST_CASES,Estimated number of malaria cases,text,AFR,Africa,Country,TGO,Togo,Year,2010,FALSE,2144504,2 144 504 [1 640 000-2 784 000],EN,2025-12-18T23:00:00.000Z
MALARIA_EST_CASES,Estimated number of malaria cases,text,AFR,Africa,Country,ZMB,Zambia,Year,2010,FALSE,2373068,2 373 068 [1 871 000-2 968 000],EN,2025-12-18T23:00:00.000Z
MALARIA_EST_CASES,Estimated number of malaria cases,text,AFR,Africa,Country,BDI,Burundi,Year,2010,FALSE,2431684,2 431 684 [1 780 000-3 231 000],EN,2025-12-18T23:00:00.000Z
MALARIA_EST_CASES,Estimated number of malaria cases,text,AFR,Africa,Country,SSD,South Sudan,Year,2010,FALSE,2686136,2 686 136 [2 102 000-3 380 000],EN,2025-12-18T23:00:00.000Z
MALARIA_EST_CASES,Estimated number of malaria cases,text,AFR,Africa,Country,SLE,Sierra Leone,Year,2010,FALSE,2731064,2 731 064 [2 104 000-3 477 000],EN,2025-12-18T23:00:00.000Z
MALARIA_EST_CASES,Estimated number of malaria cases,text,AFR,Africa,Country,TCD,Chad,Year,2010,FALSE,2979466,2 979 466 [2 384 000-3 674 000],EN,2025-12-18T23:00:00.000Z
MALARIA_EST_CASES,Estimated number of malaria cases,text,AMR,Americas,Country,PRY,Paraguay,Year,2010,FALSE,20,20,EN,2025-12-18T23:00:00.000Z
MALARIA_EST_CASES,Estimated number of malaria cases,text,WPR,Western Pacific,Country,VUT,Vanuatu,Year,2010,FALSE,20972,20 972 [15 000-29 000],EN,2025-12-18T23:00:00.000Z
MALARIA_EST_CASES,Estimated number of malaria cases,text,AMR,Americas,Country,GUF,French Guiana,Year,2010,FALSE,2092,2092 [1700-2700],EN,2025-12-18T23:00:00.000Z
MALARIA_EST_CASES,Estimated number of malaria cases,text,WPR,Western Pacific,Country,VNM,Viet Nam,Year,2010,FALSE,22959,22 959 [21 000-26 000],EN,2025-12-18T23:00:00.000Z
MALARIA_EST_CASES,Estimated number of malaria cases,text,AFR,Africa,Country,BWA,Botswana,Year,2010,FALSE,2229,2229 [1300-4000],EN,2025-12-18T23:00:00.000Z
MALARIA_EST_CASES,Estimated number of malaria cases,text,AFR,Africa,Country,MYT,Mayotte,Year,2010,FALSE,237,237 [237-237],EN,2025-12-18T23:00:00.000Z
MALARIA_EST_CASES,Estimated number of malaria cases,text,AFR,Africa,Country,NAM,Namibia,Year,2010,FALSE,2590,2590 [800-6200],EN,2025-12-18T23:00:00.000Z
MALARIA_EST_CASES,Estimated number of malaria cases,text,AFR,Africa,Country,COD,Democratic Republic of the Congo,Year,2010,FALSE,26144344,26 144 344 [21 050 000-32 050 000],EN,2025-12-18T23:00:00.000Z
MALARIA_EST_CASES,Estimated number of malaria cases,text,AFR,Africa,Country,SWZ,Eswatini,Year,2010,FALSE,268,268,EN,2025-12-18T23:00:00.000Z
MALARIA_EST_CASES,Estimated number of malaria cases,text,EMR,Eastern Mediterranean,Country,SAU,Saudi Arabia,Year,2010,FALSE,29,29,EN,2025-12-18T23:00:00.000Z
MALARIA_EST_CASES,Estimated number of malaria cases,text,AMR,Americas,Country,GUY,Guyana,Year,2010,FALSE,29631,29 631 [24 000-35 000],EN,2025-12-18T23:00:00.000Z
MALARIA_EST_CASES,Estimated number of malaria cases,text,EMR,Eastern Mediterranean,Country,AFG,Afghanistan,Year,2010,FALSE,292015,292 015 [166 000-459 000],EN,2025-12-18T23:00:00.000Z
MALARIA_EST_CASES,Estimated number of malaria cases,text,EUR,Europe,Country,KGZ,Kyrgyzstan,Year,2010,FALSE,3,3,EN,2025-12-18T23:00:00.000Z
MALARIA_EST_CASES,Estimated number of malaria cases,text,EUR,Europe,Country,UZB,Uzbekistan,Year,2010,FALSE,3,3,EN,2025-12-18T23:00:00.000Z
MALARIA_EST_CASES,Estimated number of malaria cases,text,AFR,Africa,Country,KEN,Kenya,Year,2010,FALSE,3339223,3 339 223 [2 470 000-4 439 000],EN,2025-12-18T23:00:00.000Z
MALARIA_EST_CASES,Estimated number of malaria cases,text,AFR,Africa,Country,AGO,Angola,Year,2010,FALSE,3968548,3 968 548 [3 008 000-5 118 000],EN,2025-12-18T23:00:00.000Z
MALARIA_EST_CASES,Estimated number of malaria cases,text,SEAR,South-East Asia,Country,NPL,Nepal,Year,2010,FALSE,30196,30 196 [15 000-63 000],EN,2025-12-18T23:00:00.000Z
MALARIA_EST_CASES,Estimated number of malaria cases,text,AFR,Africa,Country,GAB,Gabon,Year,2010,FALSE,305927,305 927 [144 000-580 000],EN,2025-12-18T23:00:00.000Z
MALARIA_EST_CASES,Estimated number of malaria cases,text,AFR,Africa,Country,STP,Sao Tome and Principe,Year,2010,FALSE,3146,3146,EN,2025-12-18T23:00:00.000Z
MALARIA_EST_CASES,Estimated number of malaria cases,text,SEAR,South-East Asia,Country,THA,Thailand,Year,2010,FALSE,32480,32 480,EN,2025-12-18T23:00:00.000Z
MALARIA_EST_CASES,Estimated number of malaria cases,text,AMR,Americas,Country,DOM,Dominican Republic,Year,2010,FALSE,3202,3202 [2600-3800],EN,2025-12-18T23:00:00.000Z
MALARIA_EST_CASES,Estimated number of malaria cases,text,AFR,Africa,Country,GNQ,Equatorial Guinea,Year,2010,FALSE,342895,342 895 [238 000-477 000],EN,2025-12-18T23:00:00.000Z
MALARIA_EST_CASES,Estimated number of malaria cases,text,WPR,Western Pacific,Country,KHM,Cambodia,Year,2010,FALSE,353293,353 293 [291 000-429 000],EN,2025-12-18T23:00:00.000Z
MALARIA_EST_CASES,Estimated number of malaria cases,text,AFR,Africa,Country,COM,Comoros,Year,2010,FALSE,36538,36 538,EN,2025-12-18T23:00:00.000Z
MALARIA_EST_CASES,Estimated number of malaria cases,text,AMR,Americas,Country,PER,Peru,Year,2010,FALSE,37847,37 847 [33 000-43 000],EN,2025-12-18T23:00:00.000Z
MALARIA_EST_CASES,Estimated number of malaria cases,text,AMR,Americas,Country,BRA,Brazil,Year,2010,FALSE,390024,390 024 [348 000-422 000],EN,2025-12-18T23:00:00.000Z
MALARIA_EST_CASES,Estimated number of malaria cases,text,AFR,Africa,Country,BEN,Benin,Year,2010,FALSE,4086249,4 086 249 [3 259 000-5 090 000],EN,2025-12-18T23:00:00.000Z
MALARIA_EST_CASES,Estimated number of malaria cases,text,AFR,Africa,Country,GIN,Guinea,Year,2010,FALSE,4322048,4 322 048 [3 477 000-5 341 000],EN,2025-12-18T23:00:00.000Z
MALARIA_EST_CASES,Estimated number of malaria cases,text,WPR,Western Pacific,Country,LAO,Lao People's Democratic Republic,Year,2010,FALSE,43766,43 766 [31 000-59 000],EN,2025-12-18T23:00:00.000Z
MALARIA_EST_CASES,Estimated number of malaria cases,text,SEAR,South-East Asia,Country,BTN,Bhutan,Year,2010,FALSE,436,436,EN,2025-12-18T23:00:00.000Z
MALARIA_EST_CASES,Estimated number of malaria cases,text,AMR,Americas,Country,PAN,Panama,Year,2010,FALSE,440,440 [420-470],EN,2025-12-18T23:00:00.000Z
MALARIA_EST_CASES,Estimated number of malaria cases,text,AFR,Africa,Country,GMB,Gambia,Year,2010,FALSE,448540,448 540 [333 000-582 000],EN,2025-12-18T23:00:00.000Z
MALARIA_EST_CASES,Estimated number of malaria cases,text,AFR,Africa,Country,CPV,Cabo Verde,Year,2010,FALSE,47,47,EN,2025-12-18T23:00:00.000Z
MALARIA_EST_CASES,Estimated number of malaria cases,text,WPR,Western Pacific,Country,CHN,China,Year,2010,FALSE,4990,4990,EN,2025-12-18T23:00:00.000Z
MALARIA_EST_CASES,Estimated number of malaria cases,text,AFR,Africa,Country,MWI,Malawi,Year,2010,FALSE,5779560,5 779 560 [4 668 000-7 071 000],EN,2025-12-18T23:00:00.000Z
MALARIA_EST_CASES,Estimated number of malaria cases,text,AFR,Africa,Country,CMR,Cameroon,Year,2010,FALSE,5815288,5 815 288 [4 444 000-7 467 000],EN,2025-12-18T23:00:00.000Z
MALARIA_EST_CASES,Estimated number of malaria cases,text,AFR,Africa,Country,MLI,Mali,Year,2010,FALSE,5957047,5 957 047 [4 268 000-8 204 000],EN,2025-12-18T23:00:00.000Z
MALARIA_EST_CASES,Estimated number of malaria cases,text,EUR,Europe,Country,AZE,Azerbaijan,Year,2010,FALSE,50,50,EN,2025-12-18T23:00:00.000Z
MALARIA_EST_CASES,Estimated number of malaria cases,text,EMR,Eastern Mediterranean,Country,SOM,Somalia,Year,2010,FALSE,504146,504 146 [352 000-701 000],EN,2025-12-18T23:00:00.000Z
MALARIA_EST_CASES,Estimated number of malaria cases,text,WPR,Western Pacific,Country,MYS,Malaysia,Year,2010,FALSE,5194,5194,EN,2025-12-18T23:00:00.000Z
MALARIA_EST_CASES,Estimated number of malaria cases,text,WPR,Western Pacific,Country,PHL,Philippines,Year,2010,FALSE,53512,53 512 [37 000-71 000],EN,2025-12-18T23:00:00.000Z
MALARIA_EST_CASES,Estimated number of malaria cases,text,AMR,Americas,Country,ARG,Argentina,Year,2010,FALSE,54,54,EN,2025-12-18T23:00:00.000Z
MALARIA_EST_CASES,Estimated number of malaria cases,text,AMR,Americas,Country,VEN,Venezuela (Bolivarian Republic of),Year,2010,FALSE,57905,57 905 [48 000-74 000],EN,2025-12-18T23:00:00.000Z
MALARIA_EST_CASES,Estimated number of malaria cases,text,AFR,Africa,Country,TZA,United Republic of Tanzania,Year,2010,FALSE,6515227,6 515 227 [4 813 000-8 638 000],EN,2025-12-18T23:00:00.000Z
MALARIA_EST_CASES,Estimated number of malaria cases,text,AFR,Africa,Country,NER,Niger,Year,2010,FALSE,6785885,6 785 885 [4 821 000-9 379 000],EN,2025-12-18T23:00:00.000Z
MALARIA_EST_CASES,Estimated number of malaria cases,text,AFR,Africa,Country,NGA,Nigeria,Year,2010,FALSE,60551056,60 551 056 [49 030 000-73 900 000],EN,2025-12-18T23:00:00.000Z
MALARIA_EST_CASES,Estimated number of malaria cases,text,SEAR,South-East Asia,Country,LKA,Sri Lanka,Year,2010,FALSE,684,684,EN,2025-12-18T23:00:00.000Z
MALARIA_EST_CASES,Estimated number of malaria cases,text,SEAR,South-East Asia,Country,BGD,Bangladesh,Year,2010,FALSE,69307,69 307 [59 000-80 000],EN,2025-12-18T23:00:00.000Z
MALARIA_EST_CASES,Estimated number of malaria cases,text,AFR,Africa,Country,SEN,Senegal,Year,2010,FALSE,763134,763 134 [536 000-1 015 000],EN,2025-12-18T23:00:00.000Z
MALARIA_EST_CASES,Estimated number of malaria cases,text,AFR,Africa,Country,MOZ,Mozambique,Year,2010,FALSE,8692340,8 692 340 [7 151 000-10 470 000],EN,2025-12-18T23:00:00.000Z
MALARIA_EST_CASES,Estimated number of malaria cases,text,AFR,Africa,Country,ZAF,South Africa,Year,2010,FALSE,8060,8060,EN,2025-12-18T23:00:00.000Z
MALARIA_EST_CASES,Estimated number of malaria cases,text,AFR,Africa,Country,ERI,Eritrea,Year,2010,FALSE,83471,83 471 [53 000-118 000],EN,2025-12-18T23:00:00.000Z
MALARIA_EST_CASES,Estimated number of malaria cases,text,AMR,Americas,Country,HTI,Haiti,Year,2010,FALSE,85077,85 077 [48 000-138 000],EN,2025-12-18T23:00:00.000Z
MALARIA_EST_CASES,Estimated number of malaria cases,text,AMR,Americas,Country,NIC,Nicaragua,Year,2010,FALSE,876,876 [730-1000],EN,2025-12-18T23:00:00.000Z
MALARIA_EST_CASES,Estimated number of malaria cases,text,AFR,Africa,Country,BFA,Burkina Faso,Year,2010,FALSE,9194223,9 194 223 [7 399 000-11 260 000],EN,2025-12-18T23:00:00.000Z
MALARIA_EST_CASES,Estimated number of malaria cases,text,AFR,Africa,Country,GHA,Ghana,Year,2010,FALSE,9334147,9 334 147 [7 627 000-11 260 000],EN,2025-12-18T23:00:00.000Z
MALARIA_EST_CASES,Estimated number of malaria cases,text,AFR,Africa,Country,ETH,Ethiopia,Year,2010,FALSE,9471475,9 471 475 [3 092 000-27 090 000],EN,2025-12-18T23:00:00.000Z
MALARIA_EST_CASES,Estimated number of malaria cases,text,WPR,Western Pacific,Country,SLB,Solomon Islands,Year,2010,FALSE,91425,91 425 [66 000-131 000],EN,2025-12-18T23:00:00.000Z
MALARIA_EST_CASES,Estimated number of malaria cases,text,AMR,Americas,Country,GTM,Guatemala,Year,2010,FALSE,9468,9468 [7800-12 000],EN,2025-12-18T23:00:00.000Z
MALARIA_EST_CASES,Estimated number of malaria cases,text,SEAR,South-East Asia,Country,TLS,Timor-Leste,Year,2010,FALSE,95412,95 412 [68 000-126 000],EN,2025-12-18T23:00:00.000Z
MALARIA_EST_CASES,Estimated number of malaria cases,text,AFR,Africa,Country,COG,Congo,Year,2010,FALSE,956879,956 879 [618 000-1 410 000],EN,2025-12-18T23:00:00.000Z
MALARIA_EST_CASES,Estimated number of malaria cases,text,AFR,Africa,Country,MDG,Madagascar,Year,2010,FALSE,987619,987 619 [571 000-1 600 000],EN,2025-12-18T23:00:00.000Z
MALARIA_EST_CASES,Estimated number of malaria cases,text,AFR,Africa,Country,DZA,Algeria,Year,2009,FALSE,0,0,EN,2025-12-18T23:00:00.000Z
MALARIA_EST_CASES,Estimated number of malaria cases,text,EUR,Europe,Country,ARM,Armenia,Year,2009,FALSE,0,0,EN,2025-12-18T23:00:00.000Z
MALARIA_EST_CASES,Estimated number of malaria cases,text,EMR,Eastern Mediterranean,Country,EGY,Egypt,Year,2009,FALSE,0,0,EN,2025-12-18T23:00:00.000Z
MALARIA_EST_CASES,Estimated number of malaria cases,text,EMR,Eastern Mediterranean,Country,IRQ,Iraq,Year,2009,FALSE,0,0,EN,2025-12-18T23:00:00.000Z
MALARIA_EST_CASES,Estimated number of malaria cases,text,EUR,Europe,Country,KAZ,Kazakhstan,Year,2009,FALSE,0,0,EN,2025-12-18T23:00:00.000Z
MALARIA_EST_CASES,Estimated number of malaria cases,text,EMR,Eastern Mediterranean,Country,MAR,Morocco,Year,2009,FALSE,0,0,EN,2025-12-18T23:00:00.000Z
MALARIA_EST_CASES,Estimated number of malaria cases,text,EMR,Eastern Mediterranean,Country,OMN,Oman,Year,2009,FALSE,0,0,EN,2025-12-18T23:00:00.000Z
MALARIA_EST_CASES,Estimated number of malaria cases,text,EMR,Eastern Mediterranean,Country,SYR,Syrian Arab Republic,Year,2009,FALSE,0,0,EN,2025-12-18T23:00:00.000Z
MALARIA_EST_CASES,Estimated number of malaria cases,text,EUR,Europe,Country,TKM,Turkmenistan,Year,2009,FALSE,0,0,EN,2025-12-18T23:00:00.000Z
MALARIA_EST_CASES,Estimated number of malaria cases,text,EMR,Eastern Mediterranean,Country,ARE,United Arab Emirates,Year,2009,FALSE,0,0,EN,2025-12-18T23:00:00.000Z
MALARIA_EST_CASES,Estimated number of malaria cases,text,EUR,Europe,Country,UZB,Uzbekistan,Year,2009,FALSE,0,0,EN,2025-12-18T23:00:00.000Z
MALARIA_EST_CASES,Estimated number of malaria cases,text,EUR,Europe,Country,GEO,Georgia,Year,2009,FALSE,1,1,EN,2025-12-18T23:00:00.000Z
MALARIA_EST_CASES,Estimated number of malaria cases,text,EUR,Europe,Country,KGZ,Kyrgyzstan,Year,2009,FALSE,1,1,EN,2025-12-18T23:00:00.000Z
MALARIA_EST_CASES,Estimated number of malaria cases,text,EMR,Eastern Mediterranean,Country,PAK,Pakistan,Year,2009,FALSE,1015691,1 015 691 [439 000-2 288 000],EN,2025-12-18T23:00:00.000Z
MALARIA_EST_CASES,Estimated number of malaria cases,text,EMR,Eastern Mediterranean,Country,SDN,Sudan,Year,2009,FALSE,1185878,1 185 878 [917 000-1 518 000],EN,2025-12-18T23:00:00.000Z
MALARIA_EST_CASES,Estimated number of malaria cases,text,WPR,Western Pacific,Country,IDN,Indonesia,Year,2009,FALSE,1285145,1 285 145 [1 061 000-1 582 000],EN,2025-12-18T23:00:00.000Z
MALARIA_EST_CASES,Estimated number of malaria cases,text,AFR,Africa,Country,LBR,Liberia,Year,2009,FALSE,1350162,1 350 162 [1 054 000-1 701 000],EN,2025-12-18T23:00:00.000Z
MALARIA_EST_CASES,Estimated number of malaria cases,text,SEAR,South-East Asia,Country,MMR,Myanmar,Year,2009,FALSE,1492378,1 492 378 [1 097 000-2 134 000],EN,2025-12-18T23:00:00.000Z
MALARIA_EST_CASES,Estimated number of malaria cases,text,AFR,Africa,Country,RWA,Rwanda,Year,2009,FALSE,1546660,1 546 660 [1 007 000-2 170 000],EN,2025-12-18T23:00:00.000Z
MALARIA_EST_CASES,Estimated number of malaria cases,text,WPR,Western Pacific,Country,PNG,Papua New Guinea,Year,2009,FALSE,1563409,1 563 409 [598 000-2 731 000],EN,2025-12-18T23:00:00.000Z
MALARIA_EST_CASES,Estimated number of malaria cases,text,SEAR,South-East Asia,Country,TLS,Timor-Leste,Year,2009,FALSE,100128,100 128 [65 000-140 000],EN,2025-12-18T23:00:00.000Z
MALARIA_EST_CASES,Estimated number of malaria cases,text,AFR,Africa,Country,MYT,Mayotte,Year,2009,FALSE,102,102 [102-102],EN,2025-12-18T23:00:00.000Z
MALARIA_EST_CASES,Estimated number of malaria cases,text,SEAR,South-East Asia,Country,BTN,Bhutan,Year,2009,FALSE,1057,1057,EN,2025-12-18T23:00:00.000Z
MALARIA_EST_CASES,Estimated number of malaria cases,text,AFR,Africa,Country,SWZ,Eswatini,Year,2009,FALSE,106,106,EN,2025-12-18T23:00:00.000Z
MALARIA_EST_CASES,Estimated number of malaria cases,text,AFR,Africa,Country,MRT,Mauritania,Year,2009,FALSE,108312,108 312 [3600-254 000],EN,2025-12-18T23:00:00.000Z
MALARIA_EST_CASES,Estimated number of malaria cases,text,AMR,Americas,Country,COL,Colombia,Year,2009,FALSE,110555,110 555 [84 000-138 000],EN,2025-12-18T23:00:00.000Z
MALARIA_EST_CASES,Estimated number of malaria cases,text,AMR,Americas,Country,HND,Honduras,Year,2009,FALSE,12900,12 900 [9900-16 000],EN,2025-12-18T23:00:00.000Z
MALARIA_EST_CASES,Estimated number of malaria cases,text,AFR,Africa,Country,UGA,Uganda,Year,2009,FALSE,13297542,13 297 542 [10 750 000-16 320 000],EN,2025-12-18T23:00:00.000Z
MALARIA_EST_CASES,Estimated number of malaria cases,text,AMR,Americas,Country,BOL,Bolivia (Plurinational State of),Year,2009,FALSE,13344,13 344 [10 000-16 000],EN,2025-12-18T23:00:00.000Z
MALARIA_EST_CASES,Estimated number of malaria cases,text,SEAR,South-East Asia,Country,PRK,Democratic People's Republic of Korea,Year,2009,FALSE,14632,14 632,EN,2025-12-18T23:00:00.000Z
MALARIA_EST_CASES,Estimated number of malaria cases,text,WPR,Western Pacific,Country,VUT,Vanuatu,Year,2009,FALSE,14887,14 887 [8200-25 000],EN,2025-12-18T23:00:00.000Z
MALARIA_EST_CASES,Estimated number of malaria cases,text,SEAR,South-East Asia,Country,IND,India,Year,2009,FALSE,15853405,15 853 405 [11 920 000-21 240 000],EN,2025-12-18T23:00:00.000Z
MALARIA_EST_CASES,Estimated number of malaria cases,text,AFR,Africa,Country,GNB,Guinea-Bissau,Year,2009,FALSE,162319,162 319 [112 000-228 000],EN,2025-12-18T23:00:00.000Z
MALARIA_EST_CASES,Estimated number of malaria cases,text,EUR,Europe,Country,TJK,Tajikistan,Year,2009,FALSE,164,164,EN,2025-12-18T23:00:00.000Z
MALARIA_EST_CASES,Estimated number of malaria cases,text,AMR,Americas,Country,GUY,Guyana,Year,2009,FALSE,17877,17 877 [14 000-22 000],EN,2025-12-18T23:00:00.000Z
MALARIA_EST_CASES,Estimated number of malaria cases,text,AFR,Africa,Country,CAF,Central African Republic,Year,2009,FALSE,2099433,2 099 433 [1 400 000-3 035 000],EN,2025-12-18T23:00:00.000Z
MALARIA_EST_CASES,Estimated number of malaria cases,text,AFR,Africa,Country,TGO,Togo,Year,2009,FALSE,2248266,2 248 266 [1 674 000-2 955 000],EN,2025-12-18T23:00:00.000Z
MALARIA_EST_CASES,Estimated number of malaria cases,text,AFR,Africa,Country,ZMB,Zambia,Year,2009,FALSE,2249987,2 249 987 [1 753 000-2 834 000],EN,2025-12-18T23:00:00.000Z
MALARIA_EST_CASES,Estimated number of malaria cases,text,AFR,Africa,Country,SSD,South Sudan,Year,2009,FALSE,2506071,2 506 071 [2 027 000-3 058 000],EN,2025-12-18T23:00:00.000Z
MALARIA_EST_CASES,Estimated number of malaria cases,text,AFR,Africa,Country,BDI,Burundi,Year,2009,FALSE,2519306,2 519 306 [1 832 000-3 396 000],EN,2025-12-18T23:00:00.000Z
MALARIA_EST_CASES,Estimated number of malaria cases,text,AFR,Africa,Country,SLE,Sierra Leone,Year,2009,FALSE,2694987,2 694 987 [2 084 000-3 402 000],EN,2025-12-18T23:00:00.000Z
MALARIA_EST_CASES,Estimated number of malaria cases,text,AFR,Africa,Country,TCD,Chad,Year,2009,FALSE,2883287,2 883 287 [2 194 000-3 746 000],EN,2025-12-18T23:00:00.000Z
MALARIA_EST_CASES,Estimated number of malaria cases,text,AMR,Americas,Country,SLV,El Salvador,Year,2009,FALSE,21,21,EN,2025-12-18T23:00:00.000Z
MALARIA_EST_CASES,Estimated number of malaria cases,text,AMR,Americas,Country,DOM,Dominican Republic,Year,2009,FALSE,2115,2115 [1700-2500],EN,2025-12-18T23:00:00.000Z
MALARIA_EST_CASES,Estimated number of malaria cases,text,WPR,Western Pacific,Country,VNM,Viet Nam,Year,2009,FALSE,22853,22 853 [21 000-26 000],EN,2025-12-18T23:00:00.000Z
MALARIA_EST_CASES,Estimated number of malaria cases,text,AFR,Africa,Country,GAB,Gabon,Year,2009,FALSE,244304,244 304 [117 000-456 000],EN,2025-12-18T23:00:00.000Z
MALARIA_EST_CASES,Estimated number of malaria cases,text,AMR,Americas,Country,SUR,Suriname,Year,2009,FALSE,2499,2499,EN,2025-12-18T23:00:00.000Z
MALARIA_EST_CASES,Estimated number of malaria cases,text,SEAR,South-East Asia,Country,NPL,Nepal,Year,2009,FALSE,25643,25 643 [12 000-60 000],EN,2025-12-18T23:00:00.000Z
MALARIA_EST_CASES,Estimated number of malaria cases,text,AMR,Americas,Country,BLZ,Belize,Year,2009,FALSE,256,256,EN,2025-12-18T23:00:00.000Z
MALARIA_EST_CASES,Estimated number of malaria cases,text,AFR,Africa,Country,COD,Democratic Republic of the Congo,Year,2009,FALSE,26911954,26 911 954 [21 740 000-32 850 000],EN,2025-12-18T23:00:00.000Z
MALARIA_EST_CASES,Estimated number of malaria cases,text,AMR,Americas,Country,CRI,Costa Rica,Year,2009,FALSE,262,262,EN,2025-12-18T23:00:00.000Z
MALARIA_EST_CASES,Estimated number of malaria cases,text,EMR,Eastern Mediterranean,Country,DJI,Djibouti,Year,2009,FALSE,2686,2686,EN,2025-12-18T23:00:00.000Z
MALARIA_EST_CASES,Estimated number of malaria cases,text,AFR,Africa,Country,ERI,Eritrea,Year,2009,FALSE,27656,27 656 [18 000-39 000],EN,2025-12-18T23:00:00.000Z
MALARIA_EST_CASES,Estimated number of malaria cases,text,AMR,Americas,Country,MEX,Mexico,Year,2009,FALSE,2703,2703,EN,2025-12-18T23:00:00.000Z
MALARIA_EST_CASES,Estimated number of malaria cases,text,AFR,Africa,Country,BWA,Botswana,Year,2009,FALSE,2719,2719 [1300-5300],EN,2025-12-18T23:00:00.000Z
MALARIA_EST_CASES,Estimated number of malaria cases,text,EMR,Eastern Mediterranean,Country,AFG,Afghanistan,Year,2009,FALSE,274981,274 981 [149 000-455 000],EN,2025-12-18T23:00:00.000Z
MALARIA_EST_CASES,Estimated number of malaria cases,text,SEAR,South-East Asia,Country,THA,Thailand,Year,2009,FALSE,29462,29 462,EN,2025-12-18T23:00:00.000Z
MALARIA_EST_CASES,Estimated number of malaria cases,text,AFR,Africa,Country,KEN,Kenya,Year,2009,FALSE,3135574,3 135 574 [2 355 000-4 069 000],EN,2025-12-18T23:00:00.000Z
MALARIA_EST_CASES,Estimated number of malaria cases,text,AFR,Africa,Country,GIN,Guinea,Year,2009,FALSE,3994552,3 994 552 [3 069 000-5 115 000],EN,2025-12-18T23:00:00.000Z
MALARIA_EST_CASES,Estimated number of malaria cases,text,AMR,Americas,Country,BRA,Brazil,Year,2009,FALSE,328858,328 858 [316 000-352 000],EN,2025-12-18T23:00:00.000Z
MALARIA_EST_CASES,Estimated number of malaria cases,text,AFR,Africa,Country,GNQ,Equatorial Guinea,Year,2009,FALSE,344287,344 287 [241 000-481 000],EN,2025-12-18T23:00:00.000Z
MALARIA_EST_CASES,Estimated number of malaria cases,text,AFR,Africa,Country,COM,Comoros,Year,2009,FALSE,35622,35 622,EN,2025-12-18T23:00:00.000Z
MALARIA_EST_CASES,Estimated number of malaria cases,text,EUR,Europe,Country,TUR,Türkiye,Year,2009,FALSE,38,38,EN,2025-12-18T23:00:00.000Z
MALARIA_EST_CASES,Estimated number of malaria cases,text,AFR,Africa,Country,BEN,Benin,Year,2009,FALSE,4265555,4 265 555 [3 372 000-5 295 000],EN,2025-12-18T23:00:00.000Z
MALARIA_EST_CASES,Estimated number of malaria cases,text,AFR,Africa,Country,AGO,Angola,Year,2009,FALSE,4337475,4 337 475 [3 269 000-5 633 000],EN,2025-12-18T23:00:00.000Z
MALARIA_EST_CASES,Estimated number of malaria cases,text,AFR,Africa,Country,SEN,Senegal,Year,2009,FALSE,405713,405 713 [277 000-552 000],EN,2025-12-18T23:00:00.000Z
MALARIA_EST_CASES,Estimated number of malaria cases,text,AMR,Americas,Country,GUF,French Guiana,Year,2009,FALSE,4051,4051 [3600-4700],EN,2025-12-18T23:00:00.000Z
MALARIA_EST_CASES,Estimated number of malaria cases,text,AMR,Americas,Country,VEN,Venezuela (Bolivarian Republic of),Year,2009,FALSE,41927,41 927 [37 000-49 000],EN,2025-12-18T23:00:00.000Z
MALARIA_EST_CASES,Estimated number of malaria cases,text,AMR,Americas,Country,ECU,Ecuador,Year,2009,FALSE,4126,4126,EN,2025-12-18T23:00:00.000Z
MALARIA_EST_CASES,Estimated number of malaria cases,text,WPR,Western Pacific,Country,KHM,Cambodia,Year,2009,FALSE,426267,426 267 [331 000-548 000],EN,2025-12-18T23:00:00.000Z
MALARIA_EST_CASES,Estimated number of malaria cases,text,EMR,Eastern Mediterranean,Country,IRN,Iran (Islamic Republic of),Year,2009,FALSE,4345,4345,EN,2025-12-18T23:00:00.000Z
MALARIA_EST_CASES,Estimated number of malaria cases,text,AFR,Africa,Country,GMB,Gambia,Year,2009,FALSE,448654,448 654 [334 000-584 000],EN,2025-12-18T23:00:00.000Z
MALARIA_EST_CASES,Estimated number of malaria cases,text,EMR,Eastern Mediterranean,Country,SOM,Somalia,Year,2009,FALSE,455683,455 683 [322 000-630 000],EN,2025-12-18T23:00:00.000Z
MALARIA_EST_CASES,Estimated number of malaria cases,text,WPR,Western Pacific,Country,LAO,Lao People's Democratic Republic,Year,2009,FALSE,47466,47 466 [33 000-66 000],EN,2025-12-18T23:00:00.000Z
MALARIA_EST_CASES,Estimated number of malaria cases,text,AFR,Africa,Country,MWI,Malawi,Year,2009,FALSE,5435309,5 435 309 [4 338 000-6 675 000],EN,2025-12-18T23:00:00.000Z
MALARIA_EST_CASES,Estimated number of malaria cases,text,AFR,Africa,Country,MLI,Mali,Year,2009,FALSE,5630658,5 630 658 [3 905 000-7 774 000],EN,2025-12-18T23:00:00.000Z
MALARIA_EST_CASES,Estimated number of malaria cases,text,AMR,Americas,Country,PER,Peru,Year,2009,FALSE,52035,52 035 [45 000-60 000],EN,2025-12-18T23:00:00.000Z
MALARIA_EST_CASES,Estimated number of malaria cases,text,SEAR,South-East Asia,Country,LKA,Sri Lanka,Year,2009,FALSE,531,531,EN,2025-12-18T23:00:00.000Z
MALARIA_EST_CASES,Estimated number of malaria cases,text,EMR,Eastern Mediterranean,Country,SAU,Saudi Arabia,Year,2009,FALSE,58,58,EN,2025-12-18T23:00:00.000Z
MALARIA_EST_CASES,Estimated number of malaria cases,text,WPR,Western Pacific,Country,PHL,Philippines,Year,2009,FALSE,58824,58 824 [40 000-79 000],EN,2025-12-18T23:00:00.000Z
MALARIA_EST_CASES,Estimated number of malaria cases,text,WPR,Western Pacific,Country,MYS,Malaysia,Year,2009,FALSE,5955,5955,EN,2025-12-18T23:00:00.000Z
MALARIA_EST_CASES,Estimated number of malaria cases,text,AFR,Africa,Country,NER,Niger,Year,2009,FALSE,6017879,6 017 879 [4 323 000-8 204 000],EN,2025-12-18T23:00:00.000Z
MALARIA_EST_CASES,Estimated number of malaria cases,text,AFR,Africa,Country,CMR,Cameroon,Year,2009,FALSE,6711868,6 711 868 [5 181 000-8 563 000],EN,2025-12-18T23:00:00.000Z
MALARIA_EST_CASES,Estimated number of malaria cases,text,AFR,Africa,Country,TZA,United Republic of Tanzania,Year,2009,FALSE,6781466,6 781 466 [5 020 000-8 969 000],EN,2025-12-18T23:00:00.000Z
MALARIA_EST_CASES,Estimated number of malaria cases,text,AFR,Africa,Country,NAM,Namibia,Year,2009,FALSE,6068,6068 [790-18 000],EN,2025-12-18T23:00:00.000Z
MALARIA_EST_CASES,Estimated number of malaria cases,text,AFR,Africa,Country,ZAF,South Africa,Year,2009,FALSE,6072,6072,EN,2025-12-18T23:00:00.000Z
MALARIA_EST_CASES,Estimated number of malaria cases,text,AFR,Africa,Country,STP,Sao Tome and Principe,Year,2009,FALSE,6182,6182,EN,2025-12-18T23:00:00.000Z
MALARIA_EST_CASES,Estimated number of malaria cases,text,AFR,Africa,Country,NGA,Nigeria,Year,2009,FALSE,63192869,63 192 869 [51 800 000-76 430 000],EN,2025-12-18T23:00:00.000Z
MALARIA_EST_CASES,Estimated number of malaria cases,text,AFR,Africa,Country,CPV,Cabo Verde,Year,2009,FALSE,65,65,EN,2025-12-18T23:00:00.000Z
MALARIA_EST_CASES,Estimated number of malaria cases,text,EMR,Eastern Mediterranean,Country,YEM,Yemen,Year,2009,FALSE,702010,702 010 [361 000-1 641 000],EN,2025-12-18T23:00:00.000Z
MALARIA_EST_CASES,Estimated number of malaria cases,text,WPR,Western Pacific,Country,SLB,Solomon Islands,Year,2009,FALSE,75305,75 305 [54 000-107 000],EN,2025-12-18T23:00:00.000Z
MALARIA_EST_CASES,Estimated number of malaria cases,text,AFR,Africa,Country,ZWE,Zimbabwe,Year,2009,FALSE,763956,763 956 [298 000-1 347 000],EN,2025-12-18T23:00:00.000Z
MALARIA_EST_CASES,Estimated number of malaria cases,text,AMR,Americas,Country,NIC,Nicaragua,Year,2009,FALSE,772,772 [640-910],EN,2025-12-18T23:00:00.000Z
MALARIA_EST_CASES,Estimated number of malaria cases,text,EUR,Europe,Country,AZE,Azerbaijan,Year,2009,FALSE,78,78,EN,2025-12-18T23:00:00.000Z
MALARIA_EST_CASES,Estimated number of malaria cases,text,AFR,Africa,Country,ETH,Ethiopia,Year,2009,FALSE,8006961,8 006 961 [2 647 000-22 890 000],EN,2025-12-18T23:00:00.000Z
MALARIA_EST_CASES,Estimated number of malaria cases,text,AFR,Africa,Country,MOZ,Mozambique,Year,2009,FALSE,8317814,8 317 814 [6 828 000-10 000 000],EN,2025-12-18T23:00:00.000Z
MALARIA_EST_CASES,Estimated number of malaria cases,text,AFR,Africa,Country,GHA,Ghana,Year,2009,FALSE,8463705,8 463 705 [6 808 000-10 370 000],EN,2025-12-18T23:00:00.000Z
MALARIA_EST_CASES,Estimated number of malaria cases,text,AFR,Africa,Country,BFA,Burkina Faso,Year,2009,FALSE,8932652,8 932 652 [7 147 000-10 950 000],EN,2025-12-18T23:00:00.000Z
MALARIA_EST_CASES,Estimated number of malaria cases,text,AMR,Americas,Country,PRY,Paraguay,Year,2009,FALSE,80,80,EN,2025-12-18T23:00:00.000Z
MALARIA_EST_CASES,Estimated number of malaria cases,text,SEAR,South-East Asia,Country,BGD,Bangladesh,Year,2009,FALSE,80603,80 603 [68 000-94 000],EN,2025-12-18T23:00:00.000Z
MALARIA_EST_CASES,Estimated number of malaria cases,text,AMR,Americas,Country,PAN,Panama,Year,2009,FALSE,819,819 [790-870],EN,2025-12-18T23:00:00.000Z
MALARIA_EST_CASES,Estimated number of malaria cases,text,AMR,Americas,Country,GTM,Guatemala,Year,2009,FALSE,8285,8285 [7400-9600],EN,2025-12-18T23:00:00.000Z
MALARIA_EST_CASES,Estimated number of malaria cases,text,AMR,Americas,Country,HTI,Haiti,Year,2009,FALSE,84091,84 091 [48 000-137 000],EN,2025-12-18T23:00:00.000Z
MALARIA_EST_CASES,Estimated number of malaria cases,text,WPR,Western Pacific,Country,KOR,Republic of Korea,Year,2009,FALSE,898,898,EN,2025-12-18T23:00:00.000Z
MALARIA_EST_CASES,Estimated number of malaria cases,text,AFR,Africa,Country,CIV,Cote d'Ivoire,Year,2009,FALSE,9374735,9 374 735 [7 689 000-11 310 000],EN,2025-12-18T23:00:00.000Z
MALARIA_EST_CASES,Estimated number of malaria cases,text,AFR,Africa,Country,COG,Congo,Year,2009,FALSE,918094,918 094 [616 000-1 318 000],EN,2025-12-18T23:00:00.000Z
MALARIA_EST_CASES,Estimated number of malaria cases,text,AMR,Americas,Country,ARG,Argentina,Year,2009,FALSE,92,92,EN,2025-12-18T23:00:00.000Z
MALARIA_EST_CASES,Estimated number of malaria cases,text,WPR,Western Pacific,Country,CHN,China,Year,2009,FALSE,9287,9287,EN,2025-12-18T23:00:00.000Z
MALARIA_EST_CASES,Estimated number of malaria cases,text,AFR,Africa,Country,MDG,Madagascar,Year,2009,FALSE,960270,960 270 [571 000-1 547 000],EN,2025-12-18T23:00:00.000Z
MALARIA_EST_CASES,Estimated number of malaria cases,text,EUR,Europe,Country,ARM,Armenia,Year,2008,FALSE,0,0,EN,2025-12-18T23:00:00.000Z
MALARIA_EST_CASES,Estimated number of malaria cases,text,EMR,Eastern Mediterranean,Country,EGY,Egypt,Year,2008,FALSE,0,0,EN,2025-12-18T23:00:00.000Z
MALARIA_EST_CASES,Estimated number of malaria cases,text,EUR,Europe,Country,KAZ,Kazakhstan,Year,2008,FALSE,0,0,EN,2025-12-18T23:00:00.000Z
MALARIA_EST_CASES,Estimated number of malaria cases,text,EMR,Eastern Mediterranean,Country,MAR,Morocco,Year,2008,FALSE,0,0,EN,2025-12-18T23:00:00.000Z
MALARIA_EST_CASES,Estimated number of malaria cases,text,EMR,Eastern Mediterranean,Country,OMN,Oman,Year,2008,FALSE,0,0,EN,2025-12-18T23:00:00.000Z
MALARIA_EST_CASES,Estimated number of malaria cases,text,EMR,Eastern Mediterranean,Country,SYR,Syrian Arab Republic,Year,2008,FALSE,0,0,EN,2025-12-18T23:00:00.000Z
MALARIA_EST_CASES,Estimated number of malaria cases,text,EUR,Europe,Country,TKM,Turkmenistan,Year,2008,FALSE,0,0,EN,2025-12-18T23:00:00.000Z
MALARIA_EST_CASES,Estimated number of malaria cases,text,EMR,Eastern Mediterranean,Country,ARE,United Arab Emirates,Year,2008,FALSE,0,0,EN,2025-12-18T23:00:00.000Z
MALARIA_EST_CASES,Estimated number of malaria cases,text,WPR,Western Pacific,Country,PNG,Papua New Guinea,Year,2008,FALSE,1180316,1 180 316 [375 000-2 158 000],EN,2025-12-18T23:00:00.000Z
MALARIA_EST_CASES,Estimated number of malaria cases,text,EMR,Eastern Mediterranean,Country,SDN,Sudan,Year,2008,FALSE,1250162,1 250 162 [935 000-1 631 000],EN,2025-12-18T23:00:00.000Z
MALARIA_EST_CASES,Estimated number of malaria cases,text,WPR,Western Pacific,Country,IDN,Indonesia,Year,2008,FALSE,1268965,1 268 965 [1 047 000-1 561 000],EN,2025-12-18T23:00:00.000Z
MALARIA_EST_CASES,Estimated number of malaria cases,text,AFR,Africa,Country,LBR,Liberia,Year,2008,FALSE,1364329,1 364 329 [1 066 000-1 732 000],EN,2025-12-18T23:00:00.000Z
MALARIA_EST_CASES,Estimated number of malaria cases,text,SEAR,South-East Asia,Country,MMR,Myanmar,Year,2008,FALSE,1573810,1 573 810 [1 157 000-2 259 000],EN,2025-12-18T23:00:00.000Z
MALARIA_EST_CASES,Estimated number of malaria cases,text,AMR,Americas,Country,ARG,Argentina,Year,2008,FALSE,105,105,EN,2025-12-18T23:00:00.000Z
MALARIA_EST_CASES,Estimated number of malaria cases,text,WPR,Western Pacific,Country,KOR,Republic of Korea,Year,2008,FALSE,1063,1063,EN,2025-12-18T23:00:00.000Z
MALARIA_EST_CASES,Estimated number of malaria cases,text,AMR,Americas,Country,COL,Colombia,Year,2008,FALSE,109966,109 966 [84 000-137 000],EN,2025-12-18T23:00:00.000Z
MALARIA_EST_CASES,Estimated number of malaria cases,text,AMR,Americas,Country,HND,Honduras,Year,2008,FALSE,11741,11 741 [8900-15 000],EN,2025-12-18T23:00:00.000Z
MALARIA_EST_CASES,Estimated number of malaria cases,text,AFR,Africa,Country,NAM,Namibia,Year,2008,FALSE,12094,12 094 [1600-33 000],EN,2025-12-18T23:00:00.000Z
MALARIA_EST_CASES,Estimated number of malaria cases,text,AFR,Africa,Country,UGA,Uganda,Year,2008,FALSE,12756439,12 756 439 [10 240 000-15 660 000],EN,2025-12-18T23:00:00.000Z
MALARIA_EST_CASES,Estimated number of malaria cases,text,SEAR,South-East Asia,Country,BGD,Bangladesh,Year,2008,FALSE,121043,121 043 [96 000-150 000],EN,2025-12-18T23:00:00.000Z
MALARIA_EST_CASES,Estimated number of malaria cases,text,AMR,Americas,Country,BOL,Bolivia (Plurinational State of),Year,2008,FALSE,13210,13 210 [10 000-16 000],EN,2025-12-18T23:00:00.000Z
MALARIA_EST_CASES,Estimated number of malaria cases,text,AFR,Africa,Country,GNB,Guinea-Bissau,Year,2008,FALSE,130206,130 206 [96 000-172 000],EN,2025-12-18T23:00:00.000Z
MALARIA_EST_CASES,Estimated number of malaria cases,text,SEAR,South-East Asia,Country,TLS,Timor-Leste,Year,2008,FALSE,134166,134 166 [89 000-185 000],EN,2025-12-18T23:00:00.000Z
MALARIA_EST_CASES,Estimated number of malaria cases,text,AMR,Americas,Country,GUY,Guyana,Year,2008,FALSE,16365,16 365 [14 000-19 000],EN,2025-12-18T23:00:00.000Z
MALARIA_EST_CASES,Estimated number of malaria cases,text,SEAR,South-East Asia,Country,IND,India,Year,2008,FALSE,16408857,16 408 857 [12 360 000-21 980 000],EN,2025-12-18T23:00:00.000Z
MALARIA_EST_CASES,Estimated number of malaria cases,text,SEAR,South-East Asia,Country,PRK,Democratic People's Republic of Korea,Year,2008,FALSE,16611,16 611,EN,2025-12-18T23:00:00.000Z
MALARIA_EST_CASES,Estimated number of malaria cases,text,WPR,Western Pacific,Country,CHN,China,Year,2008,FALSE,16650,16 650,EN,2025-12-18T23:00:00.000Z
MALARIA_EST_CASES,Estimated number of malaria cases,text,EUR,Europe,Country,TUR,Türkiye,Year,2008,FALSE,166,166,EN,2025-12-18T23:00:00.000Z
MALARIA_EST_CASES,Estimated number of malaria cases,text,WPR,Western Pacific,Country,VNM,Viet Nam,Year,2008,FALSE,17911,17 911 [16 000-21 000],EN,2025-12-18T23:00:00.000Z
MALARIA_EST_CASES,Estimated number of malaria cases,text,EUR,Europe,Country,KGZ,Kyrgyzstan,Year,2008,FALSE,18,18,EN,2025-12-18T23:00:00.000Z
MALARIA_EST_CASES,Estimated number of malaria cases,text,AFR,Africa,Country,MYT,Mayotte,Year,2008,FALSE,198,198 [198-198],EN,2025-12-18T23:00:00.000Z
MALARIA_EST_CASES,Estimated number of malaria cases,text,AFR,Africa,Country,GAB,Gabon,Year,2008,FALSE,199956,199 956 [97 000-366 000],EN,2025-12-18T23:00:00.000Z
MALARIA_EST_CASES,Estimated number of malaria cases,text,EMR,Eastern Mediterranean,Country,IRQ,Iraq,Year,2008,FALSE,2,2,EN,2025-12-18T23:00:00.000Z
MALARIA_EST_CASES,Estimated number of malaria cases,text,AFR,Africa,Country,CAF,Central African Republic,Year,2008,FALSE,2123317,2 123 317 [1 423 000-3 053 000],EN,2025-12-18T23:00:00.000Z
MALARIA_EST_CASES,Estimated number of malaria cases,text,AFR,Africa,Country,ZMB,Zambia,Year,2008,FALSE,2234659,2 234 659 [1 734 000-2 814 000],EN,2025-12-18T23:00:00.000Z
MALARIA_EST_CASES,Estimated number of malaria cases,text,AFR,Africa,Country,SSD,South Sudan,Year,2008,FALSE,2364003,2 364 003 [1 873 000-2 943 000],EN,2025-12-18T23:00:00.000Z
MALARIA_EST_CASES,Estimated number of malaria cases,text,AFR,Africa,Country,BDI,Burundi,Year,2008,FALSE,2456214,2 456 214 [1 747 000-3 359 000],EN,2025-12-18T23:00:00.000Z
MALARIA_EST_CASES,Estimated number of malaria cases,text,AFR,Africa,Country,SLE,Sierra Leone,Year,2008,FALSE,2517625,2 517 625 [1 887 000-3 291 000],EN,2025-12-18T23:00:00.000Z
MALARIA_EST_CASES,Estimated number of malaria cases,text,AFR,Africa,Country,TGO,Togo,Year,2008,FALSE,2524148,2 524 148 [1 859 000-3 338 000],EN,2025-12-18T23:00:00.000Z
MALARIA_EST_CASES,Estimated number of malaria cases,text,AFR,Africa,Country,TCD,Chad,Year,2008,FALSE,2699810,2 699 810 [1 846 000-3 808 000],EN,2025-12-18T23:00:00.000Z
MALARIA_EST_CASES,Estimated number of malaria cases,text,AFR,Africa,Country,ERI,Eritrea,Year,2008,FALSE,20767,20 767 [13 000-29 000],EN,2025-12-18T23:00:00.000Z
MALARIA_EST_CASES,Estimated number of malaria cases,text,EMR,Eastern Mediterranean,Country,DJI,Djibouti,Year,2008,FALSE,2057,2057,EN,2025-12-18T23:00:00.000Z
MALARIA_EST_CASES,Estimated number of malaria cases,text,AFR,Africa,Country,MRT,Mauritania,Year,2008,FALSE,208443,208 443 [50 000-418 000],EN,2025-12-18T23:00:00.000Z
MALARIA_EST_CASES,Estimated number of malaria cases,text,AMR,Americas,Country,SUR,Suriname,Year,2008,FALSE,2086,2086,EN,2025-12-18T23:00:00.000Z
MALARIA_EST_CASES,Estimated number of malaria cases,text,WPR,Western Pacific,Country,KHM,Cambodia,Year,2008,FALSE,214883,214 883 [162 000-292 000],EN,2025-12-18T23:00:00.000Z
MALARIA_EST_CASES,Estimated number of malaria cases,text,AMR,Americas,Country,MEX,Mexico,Year,2008,FALSE,2357,2357,EN,2025-12-18T23:00:00.000Z
MALARIA_EST_CASES,Estimated number of malaria cases,text,AMR,Americas,Country,DOM,Dominican Republic,Year,2008,FALSE,2365,2365 [1900-2800],EN,2025-12-18T23:00:00.000Z
MALARIA_EST_CASES,Estimated number of malaria cases,text,AFR,Africa,Country,BWA,Botswana,Year,2008,FALSE,2457,2457 [1200-4900],EN,2025-12-18T23:00:00.000Z
MALARIA_EST_CASES,Estimated number of malaria cases,text,WPR,Western Pacific,Country,VUT,Vanuatu,Year,2008,FALSE,26771,26 771 [13 000-122 000],EN,2025-12-18T23:00:00.000Z
MALARIA_EST_CASES,Estimated number of malaria cases,text,AFR,Africa,Country,COD,Democratic Republic of the Congo,Year,2008,FALSE,27676892,27 676 892 [22 500 000-33 670 000],EN,2025-12-18T23:00:00.000Z
MALARIA_EST_CASES,Estimated number of malaria cases,text,SEAR,South-East Asia,Country,THA,Thailand,Year,2008,FALSE,28569,28 569,EN,2025-12-18T23:00:00.000Z
MALARIA_EST_CASES,Estimated number of malaria cases,text,AFR,Africa,Country,DZA,Algeria,Year,2008,FALSE,3,3,EN,2025-12-18T23:00:00.000Z
MALARIA_EST_CASES,Estimated number of malaria cases,text,AFR,Africa,Country,KEN,Kenya,Year,2008,FALSE,3127750,3 127 750 [2 359 000-4 059 000],EN,2025-12-18T23:00:00.000Z
MALARIA_EST_CASES,Estimated number of malaria cases,text,AFR,Africa,Country,GIN,Guinea,Year,2008,FALSE,3749499,3 749 499 [2 738 000-5 037 000],EN,2025-12-18T23:00:00.000Z
MALARIA_EST_CASES,Estimated number of malaria cases,text,SEAR,South-East Asia,Country,NPL,Nepal,Year,2008,FALSE,31003,31 003 [13 000-74 000],EN,2025-12-18T23:00:00.000Z
MALARIA_EST_CASES,Estimated number of malaria cases,text,EUR,Europe,Country,TJK,Tajikistan,Year,2008,FALSE,318,318,EN,2025-12-18T23:00:00.000Z
MALARIA_EST_CASES,Estimated number of malaria cases,text,SEAR,South-East Asia,Country,BTN,Bhutan,Year,2008,FALSE,329,329,EN,2025-12-18T23:00:00.000Z
MALARIA_EST_CASES,Estimated number of malaria cases,text,AMR,Americas,Country,SLV,El Salvador,Year,2008,FALSE,33,33,EN,2025-12-18T23:00:00.000Z
MALARIA_EST_CASES,Estimated number of malaria cases,text,AMR,Americas,Country,PRY,Paraguay,Year,2008,FALSE,331,331,EN,2025-12-18T23:00:00.000Z
MALARIA_EST_CASES,Estimated number of malaria cases,text,AMR,Americas,Country,BRA,Brazil,Year,2008,FALSE,335694,335 694 [322 000-358 000],EN,2025-12-18T23:00:00.000Z
MALARIA_EST_CASES,Estimated number of malaria cases,text,AFR,Africa,Country,CPV,Cabo Verde,Year,2008,FALSE,35,35,EN,2025-12-18T23:00:00.000Z
MALARIA_EST_CASES,Estimated number of malaria cases,text,AFR,Africa,Country,COM,Comoros,Year,2008,FALSE,35626,35 626,EN,2025-12-18T23:00:00.000Z
MALARIA_EST_CASES,Estimated number of malaria cases,text,AFR,Africa,Country,GNQ,Equatorial Guinea,Year,2008,FALSE,360743,360 743 [258 000-489 000],EN,2025-12-18T23:00:00.000Z
MALARIA_EST_CASES,Estimated number of malaria cases,text,AMR,Americas,Country,VEN,Venezuela (Bolivarian Republic of),Year,2008,FALSE,37482,37 482 [33 000-43 000],EN,2025-12-18T23:00:00.000Z
MALARIA_EST_CASES,Estimated number of malaria cases,text,AMR,Americas,Country,GUF,French Guiana,Year,2008,FALSE,3884,3884 [3500-4500],EN,2025-12-18T23:00:00.000Z
MALARIA_EST_CASES,Estimated number of malaria cases,text,AFR,Africa,Country,BEN,Benin,Year,2008,FALSE,4369795,4 369 795 [3 436 000-5 452 000],EN,2025-12-18T23:00:00.000Z
MALARIA_EST_CASES,Estimated number of malaria cases,text,AFR,Africa,Country,AGO,Angola,Year,2008,FALSE,4921164,4 921 164 [3 729 000-6 392 000],EN,2025-12-18T23:00:00.000Z
MALARIA_EST_CASES,Estimated number of malaria cases,text,EMR,Eastern Mediterranean,Country,AFG,Afghanistan,Year,2008,FALSE,402909,402 909 [211 000-709 000],EN,2025-12-18T23:00:00.000Z
MALARIA_EST_CASES,Estimated number of malaria cases,text,WPR,Western Pacific,Country,LAO,Lao People's Democratic Republic,Year,2008,FALSE,41446,41 446 [28 000-58 000],EN,2025-12-18T23:00:00.000Z
MALARIA_EST_CASES,Estimated number of malaria cases,text,AFR,Africa,Country,GMB,Gambia,Year,2008,FALSE,448751,448 751 [330 000-583 000],EN,2025-12-18T23:00:00.000Z
MALARIA_EST_CASES,Estimated number of malaria cases,text,AMR,Americas,Country,ECU,Ecuador,Year,2008,FALSE,4891,4891,EN,2025-12-18T23:00:00.000Z
MALARIA_EST_CASES,Estimated number of malaria cases,text,AFR,Africa,Country,MWI,Malawi,Year,2008,FALSE,5022535,5 022 535 [3 955 000-6 292 000],EN,2025-12-18T23:00:00.000Z
MALARIA_EST_CASES,Estimated number of malaria cases,text,AFR,Africa,Country,NER,Niger,Year,2008,FALSE,5403729,5 403 729 [3 756 000-7 532 000],EN,2025-12-18T23:00:00.000Z
MALARIA_EST_CASES,Estimated number of malaria cases,text,AFR,Africa,Country,MLI,Mali,Year,2008,FALSE,5515727,5 515 727 [3 813 000-7 710 000],EN,2025-12-18T23:00:00.000Z
MALARIA_EST_CASES,Estimated number of malaria cases,text,AFR,Africa,Country,ETH,Ethiopia,Year,2008,FALSE,5601990,5 601 990 [2 029 000-16 480 000],EN,2025-12-18T23:00:00.000Z
MALARIA_EST_CASES,Estimated number of malaria cases,text,EMR,Eastern Mediterranean,Country,YEM,Yemen,Year,2008,FALSE,539905,539 905 [278 000-1 199 000],EN,2025-12-18T23:00:00.000Z
MALARIA_EST_CASES,Estimated number of malaria cases,text,AMR,Americas,Country,PER,Peru,Year,2008,FALSE,54608,54 608 [47 000-63 000],EN,2025-12-18T23:00:00.000Z
MALARIA_EST_CASES,Estimated number of malaria cases,text,AMR,Americas,Country,BLZ,Belize,Year,2008,FALSE,540,540,EN,2025-12-18T23:00:00.000Z
MALARIA_EST_CASES,Estimated number of malaria cases,text,AFR,Africa,Country,SWZ,Eswatini,Year,2008,FALSE,58,58,EN,2025-12-18T23:00:00.000Z
MALARIA_EST_CASES,Estimated number of malaria cases,text,EUR,Europe,Country,GEO,Georgia,Year,2008,FALSE,6,6,EN,2025-12-18T23:00:00.000Z
MALARIA_EST_CASES,Estimated number of malaria cases,text,WPR,Western Pacific,Country,MYS,Malaysia,Year,2008,FALSE,6071,6071,EN,2025-12-18T23:00:00.000Z
MALARIA_EST_CASES,Estimated number of malaria cases,text,EMR,Eastern Mediterranean,Country,SAU,Saudi Arabia,Year,2008,FALSE,61,61,EN,2025-12-18T23:00:00.000Z
MALARIA_EST_CASES,Estimated number of malaria cases,text,AFR,Africa,Country,MDG,Madagascar,Year,2008,FALSE,625589,625 589 [326 000-1 089 000],EN,2025-12-18T23:00:00.000Z
MALARIA_EST_CASES,Estimated number of malaria cases,text,AFR,Africa,Country,STP,Sao Tome and Principe,Year,2008,FALSE,6258,6258,EN,2025-12-18T23:00:00.000Z
MALARIA_EST_CASES,Estimated number of malaria cases,text,AFR,Africa,Country,SEN,Senegal,Year,2008,FALSE,628766,628 766 [397 000-912 000],EN,2025-12-18T23:00:00.000Z
MALARIA_EST_CASES,Estimated number of malaria cases,text,AFR,Africa,Country,NGA,Nigeria,Year,2008,FALSE,63355538,63 355 538 [51 780 000-76 750 000],EN,2025-12-18T23:00:00.000Z
MALARIA_EST_CASES,Estimated number of malaria cases,text,SEAR,South-East Asia,Country,LKA,Sri Lanka,Year,2008,FALSE,649,649,EN,2025-12-18T23:00:00.000Z
MALARIA_EST_CASES,Estimated number of malaria cases,text,AFR,Africa,Country,RWA,Rwanda,Year,2008,FALSE,683661,683 661 [421 000-1 001 000],EN,2025-12-18T23:00:00.000Z
MALARIA_EST_CASES,Estimated number of malaria cases,text,AFR,Africa,Country,ZWE,Zimbabwe,Year,2008,FALSE,688884,688 884 [141 000-1 369 000],EN,2025-12-18T23:00:00.000Z
MALARIA_EST_CASES,Estimated number of malaria cases,text,EUR,Europe,Country,UZB,Uzbekistan,Year,2008,FALSE,7,7,EN,2025-12-18T23:00:00.000Z
MALARIA_EST_CASES,Estimated number of malaria cases,text,AFR,Africa,Country,CMR,Cameroon,Year,2008,FALSE,7274246,7 274 246 [5 673 000-9 193 000],EN,2025-12-18T23:00:00.000Z
MALARIA_EST_CASES,Estimated number of malaria cases,text,AFR,Africa,Country,TZA,United Republic of Tanzania,Year,2008,FALSE,7431115,7 431 115 [5 531 000-9 752 000],EN,2025-12-18T23:00:00.000Z
MALARIA_EST_CASES,Estimated number of malaria cases,text,AFR,Africa,Country,GHA,Ghana,Year,2008,FALSE,7628569,7 628 569 [5 997 000-9 524 000],EN,2025-12-18T23:00:00.000Z
MALARIA_EST_CASES,Estimated number of malaria cases,text,EMR,Eastern Mediterranean,Country,SOM,Somalia,Year,2008,FALSE,700155,700 155 [502 000-953 000],EN,2025-12-18T23:00:00.000Z
MALARIA_EST_CASES,Estimated number of malaria cases,text,EUR,Europe,Country,AZE,Azerbaijan,Year,2008,FALSE,72,72,EN,2025-12-18T23:00:00.000Z
MALARIA_EST_CASES,Estimated number of malaria cases,text,WPR,Western Pacific,Country,PHL,Philippines,Year,2008,FALSE,74621,74 621 [50 000-103 000],EN,2025-12-18T23:00:00.000Z
MALARIA_EST_CASES,Estimated number of malaria cases,text,EMR,Eastern Mediterranean,Country,PAK,Pakistan,Year,2008,FALSE,763800,763 800 [279 000-1 964 000],EN,2025-12-18T23:00:00.000Z
MALARIA_EST_CASES,Estimated number of malaria cases,text,AFR,Africa,Country,ZAF,South Africa,Year,2008,FALSE,7796,7796,EN,2025-12-18T23:00:00.000Z
MALARIA_EST_CASES,Estimated number of malaria cases,text,AMR,Americas,Country,PAN,Panama,Year,2008,FALSE,783,783 [750-840],EN,2025-12-18T23:00:00.000Z
MALARIA_EST_CASES,Estimated number of malaria cases,text,AFR,Africa,Country,MOZ,Mozambique,Year,2008,FALSE,8064618,8 064 618 [6 644 000-9 685 000],EN,2025-12-18T23:00:00.000Z
MALARIA_EST_CASES,Estimated number of malaria cases,text,AFR,Africa,Country,BFA,Burkina Faso,Year,2008,FALSE,8386574,8 386 574 [6 759 000-10 290 000],EN,2025-12-18T23:00:00.000Z
MALARIA_EST_CASES,Estimated number of malaria cases,text,AFR,Africa,Country,CIV,Cote d'Ivoire,Year,2008,FALSE,8454440,8 454 440 [6 917 000-10 320 000],EN,2025-12-18T23:00:00.000Z
MALARIA_EST_CASES,Estimated number of malaria cases,text,EMR,Eastern Mediterranean,Country,IRN,Iran (Islamic Republic of),Year,2008,FALSE,8349,8349,EN,2025-12-18T23:00:00.000Z
MALARIA_EST_CASES,Estimated number of malaria cases,text,AMR,Americas,Country,GTM,Guatemala,Year,2008,FALSE,8421,8421 [7500-9800],EN,2025-12-18T23:00:00.000Z
MALARIA_EST_CASES,Estimated number of malaria cases,text,AMR,Americas,Country,HTI,Haiti,Year,2008,FALSE,89554,89 554 [53 000-141 000],EN,2025-12-18T23:00:00.000Z
MALARIA_EST_CASES,Estimated number of malaria cases,text,WPR,Western Pacific,Country,SLB,Solomon Islands,Year,2008,FALSE,93119,93 119 [67 000-133 000],EN,2025-12-18T23:00:00.000Z
MALARIA_EST_CASES,Estimated number of malaria cases,text,AFR,Africa,Country,COG,Congo,Year,2008,FALSE,931359,931 359 [632 000-1 328 000],EN,2025-12-18T23:00:00.000Z
MALARIA_EST_CASES,Estimated number of malaria cases,text,AMR,Americas,Country,NIC,Nicaragua,Year,2008,FALSE,965,965 [800-1100],EN,2025-12-18T23:00:00.000Z
MALARIA_EST_CASES,Estimated number of malaria cases,text,AMR,Americas,Country,CRI,Costa Rica,Year,2008,FALSE,966,966,EN,2025-12-18T23:00:00.000Z
MALARIA_EST_CASES,Estimated number of malaria cases,text,EUR,Europe,Country,ARM,Armenia,Year,2007,FALSE,0,0,EN,2025-12-18T23:00:00.000Z
MALARIA_EST_CASES,Estimated number of malaria cases,text,EMR,Eastern Mediterranean,Country,EGY,Egypt,Year,2007,FALSE,0,0,EN,2025-12-18T23:00:00.000Z
MALARIA_EST_CASES,Estimated number of malaria cases,text,EUR,Europe,Country,KAZ,Kazakhstan,Year,2007,FALSE,0,0,EN,2025-12-18T23:00:00.000Z
MALARIA_EST_CASES,Estimated number of malaria cases,text,EMR,Eastern Mediterranean,Country,MAR,Morocco,Year,2007,FALSE,0,0,EN,2025-12-18T23:00:00.000Z
MALARIA_EST_CASES,Estimated number of malaria cases,text,EMR,Eastern Mediterranean,Country,SYR,Syrian Arab Republic,Year,2007,FALSE,0,0,EN,2025-12-18T23:00:00.000Z
MALARIA_EST_CASES,Estimated number of malaria cases,text,EUR,Europe,Country,TKM,Turkmenistan,Year,2007,FALSE,0,0,EN,2025-12-18T23:00:00.000Z
MALARIA_EST_CASES,Estimated number of malaria cases,text,EMR,Eastern Mediterranean,Country,ARE,United Arab Emirates,Year,2007,FALSE,0,0,EN,2025-12-18T23:00:00.000Z
MALARIA_EST_CASES,Estimated number of malaria cases,text,AFR,Africa,Country,COG,Congo,Year,2007,FALSE,1014897,1 014 897 [683 000-1 442 000],EN,2025-12-18T23:00:00.000Z
MALARIA_EST_CASES,Estimated number of malaria cases,text,EMR,Eastern Mediterranean,Country,SOM,Somalia,Year,2007,FALSE,1085874,1 085 874 [802 000-1 438 000],EN,2025-12-18T23:00:00.000Z
MALARIA_EST_CASES,Estimated number of malaria cases,text,AFR,Africa,Country,SEN,Senegal,Year,2007,FALSE,1160145,1 160 145 [350 000-2 163 000],EN,2025-12-18T23:00:00.000Z
MALARIA_EST_CASES,Estimated number of malaria cases,text,WPR,Western Pacific,Country,PNG,Papua New Guinea,Year,2007,FALSE,1251261,1 251 261 [409 000-2 283 000],EN,2025-12-18T23:00:00.000Z
MALARIA_EST_CASES,Estimated number of malaria cases,text,WPR,Western Pacific,Country,IDN,Indonesia,Year,2007,FALSE,1252609,1 252 609 [1 035 000-1 546 000],EN,2025-12-18T23:00:00.000Z
MALARIA_EST_CASES,Estimated number of malaria cases,text,SEAR,South-East Asia,Country,MMR,Myanmar,Year,2007,FALSE,1285206,1 285 206 [944 000-1 838 000],EN,2025-12-18T23:00:00.000Z
MALARIA_EST_CASES,Estimated number of malaria cases,text,AFR,Africa,Country,LBR,Liberia,Year,2007,FALSE,1367374,1 367 374 [1 048 000-1 760 000],EN,2025-12-18T23:00:00.000Z
MALARIA_EST_CASES,Estimated number of malaria cases,text,EMR,Eastern Mediterranean,Country,SDN,Sudan,Year,2007,FALSE,1477070,1 477 070 [1 078 000-1 984 000],EN,2025-12-18T23:00:00.000Z
MALARIA_EST_CASES,Estimated number of malaria cases,text,AFR,Africa,Country,ZWE,Zimbabwe,Year,2007,FALSE,1690025,1 690 025 [726 000-2 946 000],EN,2025-12-18T23:00:00.000Z
MALARIA_EST_CASES,Estimated number of malaria cases,text,EUR,Europe,Country,AZE,Azerbaijan,Year,2007,FALSE,108,108,EN,2025-12-18T23:00:00.000Z
MALARIA_EST_CASES,Estimated number of malaria cases,text,AMR,Americas,Country,SUR,Suriname,Year,2007,FALSE,1104,1104,EN,2025-12-18T23:00:00.000Z
MALARIA_EST_CASES,Estimated number of malaria cases,text,AFR,Africa,Country,GNB,Guinea-Bissau,Year,2007,FALSE,111006,111 006 [76 000-154 000],EN,2025-12-18T23:00:00.000Z
MALARIA_EST_CASES,Estimated number of malaria cases,text,WPR,Western Pacific,Country,PHL,Philippines,Year,2007,FALSE,112751,112 751 [77 000-152 000],EN,2025-12-18T23:00:00.000Z
MALARIA_EST_CASES,Estimated number of malaria cases,text,SEAR,South-East Asia,Country,TLS,Timor-Leste,Year,2007,FALSE,114693,114 693 [82 000-153 000],EN,2025-12-18T23:00:00.000Z
MALARIA_EST_CASES,Estimated number of malaria cases,text,AFR,Africa,Country,UGA,Uganda,Year,2007,FALSE,12392325,12 392 325 [9 891 000-15 320 000],EN,2025-12-18T23:00:00.000Z
MALARIA_EST_CASES,Estimated number of malaria cases,text,AMR,Americas,Country,CRI,Costa Rica,Year,2007,FALSE,1223,1223,EN,2025-12-18T23:00:00.000Z
MALARIA_EST_CASES,Estimated number of malaria cases,text,SEAR,South-East Asia,Country,BGD,Bangladesh,Year,2007,FALSE,126937,126 937 [77 000-185 000],EN,2025-12-18T23:00:00.000Z
MALARIA_EST_CASES,Estimated number of malaria cases,text,AFR,Africa,Country,BWA,Botswana,Year,2007,FALSE,1292,1292 [490-3200],EN,2025-12-18T23:00:00.000Z
MALARIA_EST_CASES,Estimated number of malaria cases,text,AMR,Americas,Country,PRY,Paraguay,Year,2007,FALSE,1337,1337,EN,2025-12-18T23:00:00.000Z
MALARIA_EST_CASES,Estimated number of malaria cases,text,AMR,Americas,Country,PAN,Panama,Year,2007,FALSE,1349,1349 [1300-1400],EN,2025-12-18T23:00:00.000Z
MALARIA_EST_CASES,Estimated number of malaria cases,text,AMR,Americas,Country,HND,Honduras,Year,2007,FALSE,14962,14 962 [11 000-19 000],EN,2025-12-18T23:00:00.000Z
MALARIA_EST_CASES,Estimated number of malaria cases,text,AMR,Americas,Country,GUY,Guyana,Year,2007,FALSE,15697,15 697 [13 000-18 000],EN,2025-12-18T23:00:00.000Z
MALARIA_EST_CASES,Estimated number of malaria cases,text,EMR,Eastern Mediterranean,Country,IRN,Iran (Islamic Republic of),Year,2007,FALSE,15712,15 712,EN,2025-12-18T23:00:00.000Z
MALARIA_EST_CASES,Estimated number of malaria cases,text,WPR,Western Pacific,Country,SLB,Solomon Islands,Year,2007,FALSE,155491,155 491 [110 000-224 000],EN,2025-12-18T23:00:00.000Z
MALARIA_EST_CASES,Estimated number of malaria cases,text,SEAR,South-East Asia,Country,IND,India,Year,2007,FALSE,16579536,16 579 536 [12 540 000-22 260 000],EN,2025-12-18T23:00:00.000Z
MALARIA_EST_CASES,Estimated number of malaria cases,text,AMR,Americas,Country,GTM,Guatemala,Year,2007,FALSE,17992,17 992 [16 000-21 000],EN,2025-12-18T23:00:00.000Z
MALARIA_EST_CASES,Estimated number of malaria cases,text,AMR,Americas,Country,NIC,Nicaragua,Year,2007,FALSE,1717,1717 [1400-2000],EN,2025-12-18T23:00:00.000Z
MALARIA_EST_CASES,Estimated number of malaria cases,text,AMR,Americas,Country,COL,Colombia,Year,2007,FALSE,173191,173 191 [133 000-215 000],EN,2025-12-18T23:00:00.000Z
MALARIA_EST_CASES,Estimated number of malaria cases,text,AFR,Africa,Country,CPV,Cabo Verde,Year,2007,FALSE,18,18,EN,2025-12-18T23:00:00.000Z
MALARIA_EST_CASES,Estimated number of malaria cases,text,AFR,Africa,Country,GAB,Gabon,Year,2007,FALSE,188623,188 623 [98 000-324 000],EN,2025-12-18T23:00:00.000Z
MALARIA_EST_CASES,Estimated number of malaria cases,text,AMR,Americas,Country,BOL,Bolivia (Plurinational State of),Year,2007,FALSE,19799,19 799 [15 000-24 000],EN,2025-12-18T23:00:00.000Z
MALARIA_EST_CASES,Estimated number of malaria cases,text,WPR,Western Pacific,Country,KHM,Cambodia,Year,2007,FALSE,191165,191 165 [141 000-275 000],EN,2025-12-18T23:00:00.000Z
MALARIA_EST_CASES,Estimated number of malaria cases,text,SEAR,South-East Asia,Country,LKA,Sri Lanka,Year,2007,FALSE,198,198,EN,2025-12-18T23:00:00.000Z
MALARIA_EST_CASES,Estimated number of malaria cases,text,EMR,Eastern Mediterranean,Country,IRQ,Iraq,Year,2007,FALSE,2,2,EN,2025-12-18T23:00:00.000Z
MALARIA_EST_CASES,Estimated number of malaria cases,text,AFR,Africa,Country,CAF,Central African Republic,Year,2007,FALSE,2086760,2 086 760 [1 399 000-3 000 000],EN,2025-12-18T23:00:00.000Z
MALARIA_EST_CASES,Estimated number of malaria cases,text,AFR,Africa,Country,SSD,South Sudan,Year,2007,FALSE,2305236,2 305 236 [1 769 000-2 936 000],EN,2025-12-18T23:00:00.000Z
MALARIA_EST_CASES,Estimated number of malaria cases,text,AFR,Africa,Country,SLE,Sierra Leone,Year,2007,FALSE,2329327,2 329 327 [1 690 000-3 153 000],EN,2025-12-18T23:00:00.000Z
MALARIA_EST_CASES,Estimated number of malaria cases,text,AFR,Africa,Country,BDI,Burundi,Year,2007,FALSE,2350141,2 350 141 [1 676 000-3 207 000],EN,2025-12-18T23:00:00.000Z
MALARIA_EST_CASES,Estimated number of malaria cases,text,AFR,Africa,Country,ZMB,Zambia,Year,2007,FALSE,2445911,2 445 911 [1 903 000-3 094 000],EN,2025-12-18T23:00:00.000Z
MALARIA_EST_CASES,Estimated number of malaria cases,text,AFR,Africa,Country,TCD,Chad,Year,2007,FALSE,2588205,2 588 205 [1 664 000-3 825 000],EN,2025-12-18T23:00:00.000Z
MALARIA_EST_CASES,Estimated number of malaria cases,text,AFR,Africa,Country,TGO,Togo,Year,2007,FALSE,2767828,2 767 828 [2 120 000-3 563 000],EN,2025-12-18T23:00:00.000Z
MALARIA_EST_CASES,Estimated number of malaria cases,text,AFR,Africa,Country,NAM,Namibia,Year,2007,FALSE,20663,20 663 [6300-48 000],EN,2025-12-18T23:00:00.000Z
MALARIA_EST_CASES,Estimated number of malaria cases,text,EMR,Eastern Mediterranean,Country,DJI,Djibouti,Year,2007,FALSE,2015,2015,EN,2025-12-18T23:00:00.000Z
MALARIA_EST_CASES,Estimated number of malaria cases,text,WPR,Western Pacific,Country,KOR,Republic of Korea,Year,2007,FALSE,2227,2227,EN,2025-12-18T23:00:00.000Z
MALARIA_EST_CASES,Estimated number of malaria cases,text,AFR,Africa,Country,MRT,Mauritania,Year,2007,FALSE,234453,234 453 [64 000-484 000],EN,2025-12-18T23:00:00.000Z
MALARIA_EST_CASES,Estimated number of malaria cases,text,AMR,Americas,Country,MEX,Mexico,Year,2007,FALSE,2361,2361,EN,2025-12-18T23:00:00.000Z
MALARIA_EST_CASES,Estimated number of malaria cases,text,EUR,Europe,Country,GEO,Georgia,Year,2007,FALSE,24,24,EN,2025-12-18T23:00:00.000Z
MALARIA_EST_CASES,Estimated number of malaria cases,text,AFR,Africa,Country,STP,Sao Tome and Principe,Year,2007,FALSE,2421,2421,EN,2025-12-18T23:00:00.000Z
MALARIA_EST_CASES,Estimated number of malaria cases,text,AFR,Africa,Country,DZA,Algeria,Year,2007,FALSE,26,26,EN,2025-12-18T23:00:00.000Z
MALARIA_EST_CASES,Estimated number of malaria cases,text,WPR,Western Pacific,Country,VUT,Vanuatu,Year,2007,FALSE,27312,27 312 [15 000-119 000],EN,2025-12-18T23:00:00.000Z
MALARIA_EST_CASES,Estimated number of malaria cases,text,AFR,Africa,Country,COD,Democratic Republic of the Congo,Year,2007,FALSE,28009892,28 009 892 [22 720 000-34 170 000],EN,2025-12-18T23:00:00.000Z
MALARIA_EST_CASES,Estimated number of malaria cases,text,WPR,Western Pacific,Country,VNM,Viet Nam,Year,2007,FALSE,28022,28 022 [24 000-34 000],EN,2025-12-18T23:00:00.000Z
MALARIA_EST_CASES,Estimated number of malaria cases,text,WPR,Western Pacific,Country,CHN,China,Year,2007,FALSE,29304,29 304,EN,2025-12-18T23:00:00.000Z
MALARIA_EST_CASES,Estimated number of malaria cases,text,AFR,Africa,Country,MYT,Mayotte,Year,2007,FALSE,292,292 [292-292],EN,2025-12-18T23:00:00.000Z
MALARIA_EST_CASES,Estimated number of malaria cases,text,AFR,Africa,Country,KEN,Kenya,Year,2007,FALSE,3607181,3 607 181 [2 702 000-4 738 000],EN,2025-12-18T23:00:00.000Z
MALARIA_EST_CASES,Estimated number of malaria cases,text,AFR,Africa,Country,GIN,Guinea,Year,2007,FALSE,3715054,3 715 054 [2 649 000-5 066 000],EN,2025-12-18T23:00:00.000Z
MALARIA_EST_CASES,Estimated number of malaria cases,text,EUR,Europe,Country,UZB,Uzbekistan,Year,2007,FALSE,30,30,EN,2025-12-18T23:00:00.000Z
MALARIA_EST_CASES,Estimated number of malaria cases,text,EUR,Europe,Country,TUR,Türkiye,Year,2007,FALSE,313,313,EN,2025-12-18T23:00:00.000Z
MALARIA_EST_CASES,Estimated number of malaria cases,text,AMR,Americas,Country,ARG,Argentina,Year,2007,FALSE,328,328,EN,2025-12-18T23:00:00.000Z
MALARIA_EST_CASES,Estimated number of malaria cases,text,SEAR,South-East Asia,Country,THA,Thailand,Year,2007,FALSE,33178,33 178,EN,2025-12-18T23:00:00.000Z
MALARIA_EST_CASES,Estimated number of malaria cases,text,AMR,Americas,Country,DOM,Dominican Republic,Year,2007,FALSE,3478,3478 [2900-4100],EN,2025-12-18T23:00:00.000Z
MALARIA_EST_CASES,Estimated number of malaria cases,text,AFR,Africa,Country,COM,Comoros,Year,2007,FALSE,35628,35 628,EN,2025-12-18T23:00:00.000Z
MALARIA_EST_CASES,Estimated number of malaria cases,text,AFR,Africa,Country,GNQ,Equatorial Guinea,Year,2007,FALSE,366395,366 395 [269 000-490 000],EN,2025-12-18T23:00:00.000Z
MALARIA_EST_CASES,Estimated number of malaria cases,text,AFR,Africa,Country,ERI,Eritrea,Year,2007,FALSE,37568,37 568 [24 000-53 000],EN,2025-12-18T23:00:00.000Z
MALARIA_EST_CASES,Estimated number of malaria cases,text,EMR,Eastern Mediterranean,Country,OMN,Oman,Year,2007,FALSE,4,4,EN,2025-12-18T23:00:00.000Z
MALARIA_EST_CASES,Estimated number of malaria cases,text,AFR,Africa,Country,BEN,Benin,Year,2007,FALSE,4447902,4 447 902 [3 535 000-5 509 000],EN,2025-12-18T23:00:00.000Z
MALARIA_EST_CASES,Estimated number of malaria cases,text,AFR,Africa,Country,NER,Niger,Year,2007,FALSE,4668666,4 668 666 [2 984 000-6 934 000],EN,2025-12-18T23:00:00.000Z
MALARIA_EST_CASES,Estimated number of malaria cases,text,AFR,Africa,Country,MWI,Malawi,Year,2007,FALSE,4734946,4 734 946 [3 722 000-5 904 000],EN,2025-12-18T23:00:00.000Z
MALARIA_EST_CASES,Estimated number of malaria cases,text,AMR,Americas,Country,SLV,El Salvador,Year,2007,FALSE,40,40,EN,2025-12-18T23:00:00.000Z
MALARIA_EST_CASES,Estimated number of malaria cases,text,WPR,Western Pacific,Country,MYS,Malaysia,Year,2007,FALSE,4048,4048,EN,2025-12-18T23:00:00.000Z
MALARIA_EST_CASES,Estimated number of malaria cases,text,SEAR,South-East Asia,Country,NPL,Nepal,Year,2007,FALSE,42145,42 145 [18 000-90 000],EN,2025-12-18T23:00:00.000Z
MALARIA_EST_CASES,Estimated number of malaria cases,text,AFR,Africa,Country,GMB,Gambia,Year,2007,FALSE,448775,448 775 [332 000-579 000],EN,2025-12-18T23:00:00.000Z
MALARIA_EST_CASES,Estimated number of malaria cases,text,WPR,Western Pacific,Country,LAO,Lao People's Democratic Republic,Year,2007,FALSE,45688,45 688 [29 000-67 000],EN,2025-12-18T23:00:00.000Z
MALARIA_EST_CASES,Estimated number of malaria cases,text,EMR,Eastern Mediterranean,Country,AFG,Afghanistan,Year,2007,FALSE,452626,452 626 [238 000-776 000],EN,2025-12-18T23:00:00.000Z
MALARIA_EST_CASES,Estimated number of malaria cases,text,EMR,Eastern Mediterranean,Country,SAU,Saudi Arabia,Year,2007,FALSE,467,467,EN,2025-12-18T23:00:00.000Z
MALARIA_EST_CASES,Estimated number of malaria cases,text,SEAR,South-East Asia,Country,PRK,Democratic People's Republic of Korea,Year,2007,FALSE,4795,4795,EN,2025-12-18T23:00:00.000Z
MALARIA_EST_CASES,Estimated number of malaria cases,text,AMR,Americas,Country,VEN,Venezuela (Bolivarian Republic of),Year,2007,FALSE,48834,48 834 [44 000-57 000],EN,2025-12-18T23:00:00.000Z
MALARIA_EST_CASES,Estimated number of malaria cases,text,AFR,Africa,Country,MLI,Mali,Year,2007,FALSE,5474736,5 474 736 [3 825 000-7 702 000],EN,2025-12-18T23:00:00.000Z
MALARIA_EST_CASES,Estimated number of malaria cases,text,AFR,Africa,Country,AGO,Angola,Year,2007,FALSE,5600525,5 600 525 [4 302 000-7 129 000],EN,2025-12-18T23:00:00.000Z
MALARIA_EST_CASES,Estimated number of malaria cases,text,AMR,Americas,Country,BRA,Brazil,Year,2007,FALSE,534516,534 516 [478 000-578 000],EN,2025-12-18T23:00:00.000Z
MALARIA_EST_CASES,Estimated number of malaria cases,text,AMR,Americas,Country,GUF,French Guiana,Year,2007,FALSE,5647,5647 [5000-6600],EN,2025-12-18T23:00:00.000Z
MALARIA_EST_CASES,Estimated number of malaria cases,text,AFR,Africa,Country,ETH,Ethiopia,Year,2007,FALSE,6575924,6 575 924 [1 930 000-20 880 000],EN,2025-12-18T23:00:00.000Z
MALARIA_EST_CASES,Estimated number of malaria cases,text,AFR,Africa,Country,NGA,Nigeria,Year,2007,FALSE,61400329,61 400 329 [49 660 000-75 070 000],EN,2025-12-18T23:00:00.000Z
MALARIA_EST_CASES,Estimated number of malaria cases,text,AMR,Americas,Country,PER,Peru,Year,2007,FALSE,62633,62 633 [53 000-73 000],EN,2025-12-18T23:00:00.000Z
MALARIA_EST_CASES,Estimated number of malaria cases,text,AFR,Africa,Country,MDG,Madagascar,Year,2007,FALSE,623274,623 274 [179 000-1 204 000],EN,2025-12-18T23:00:00.000Z
MALARIA_EST_CASES,Estimated number of malaria cases,text,AFR,Africa,Country,ZAF,South Africa,Year,2007,FALSE,6327,6327,EN,2025-12-18T23:00:00.000Z
MALARIA_EST_CASES,Estimated number of malaria cases,text,EUR,Europe,Country,TJK,Tajikistan,Year,2007,FALSE,635,635,EN,2025-12-18T23:00:00.000Z
MALARIA_EST_CASES,Estimated number of malaria cases,text,AFR,Africa,Country,GHA,Ghana,Year,2007,FALSE,7230534,7 230 534 [5 727 000-9 045 000],EN,2025-12-18T23:00:00.000Z
MALARIA_EST_CASES,Estimated number of malaria cases,text,AFR,Africa,Country,CMR,Cameroon,Year,2007,FALSE,7399514,7 399 514 [5 799 000-9 296 000],EN,2025-12-18T23:00:00.000Z
MALARIA_EST_CASES,Estimated number of malaria cases,text,AFR,Africa,Country,BFA,Burkina Faso,Year,2007,FALSE,7693631,7 693 631 [6 064 000-9 614 000],EN,2025-12-18T23:00:00.000Z
MALARIA_EST_CASES,Estimated number of malaria cases,text,AMR,Americas,Country,HTI,Haiti,Year,2007,FALSE,73292,73 292 [43 000-116 000],EN,2025-12-18T23:00:00.000Z
MALARIA_EST_CASES,Estimated number of malaria cases,text,SEAR,South-East Asia,Country,BTN,Bhutan,Year,2007,FALSE,793,793,EN,2025-12-18T23:00:00.000Z
MALARIA_EST_CASES,Estimated number of malaria cases,text,AFR,Africa,Country,TZA,United Republic of Tanzania,Year,2007,FALSE,8199655,8 199 655 [6 184 000-10 610 000],EN,2025-12-18T23:00:00.000Z
MALARIA_EST_CASES,Estimated number of malaria cases,text,AFR,Africa,Country,CIV,Cote d'Ivoire,Year,2007,FALSE,8233616,8 233 616 [6 698 000-10 020 000],EN,2025-12-18T23:00:00.000Z
MALARIA_EST_CASES,Estimated number of malaria cases,text,AFR,Africa,Country,MOZ,Mozambique,Year,2007,FALSE,8260033,8 260 033 [6 814 000-9 917 000],EN,2025-12-18T23:00:00.000Z
MALARIA_EST_CASES,Estimated number of malaria cases,text,AMR,Americas,Country,ECU,Ecuador,Year,2007,FALSE,8194,8194,EN,2025-12-18T23:00:00.000Z
MALARIA_EST_CASES,Estimated number of malaria cases,text,EMR,Eastern Mediterranean,Country,PAK,Pakistan,Year,2007,FALSE,835398,835 398 [354 000-2 029 000],EN,2025-12-18T23:00:00.000Z
MALARIA_EST_CASES,Estimated number of malaria cases,text,AFR,Africa,Country,SWZ,Eswatini,Year,2007,FALSE,84,84,EN,2025-12-18T23:00:00.000Z
MALARIA_EST_CASES,Estimated number of malaria cases,text,AFR,Africa,Country,RWA,Rwanda,Year,2007,FALSE,840559,840 559 [508 000-1 258 000],EN,2025-12-18T23:00:00.000Z
MALARIA_EST_CASES,Estimated number of malaria cases,text,AMR,Americas,Country,BLZ,Belize,Year,2007,FALSE,845,845,EN,2025-12-18T23:00:00.000Z
MALARIA_EST_CASES,Estimated number of malaria cases,text,EMR,Eastern Mediterranean,Country,YEM,Yemen,Year,2007,FALSE,852425,852 425 [434 000-1 821 000],EN,2025-12-18T23:00:00.000Z
MALARIA_EST_CASES,Estimated number of malaria cases,text,EUR,Europe,Country,KGZ,Kyrgyzstan,Year,2007,FALSE,96,96,EN,2025-12-18T23:00:00.000Z
MALARIA_EST_CASES,Estimated number of malaria cases,text,EUR,Europe,Country,ARM,Armenia,Year,2006,FALSE,0,0,EN,2025-12-18T23:00:00.000Z
MALARIA_EST_CASES,Estimated number of malaria cases,text,EMR,Eastern Mediterranean,Country,EGY,Egypt,Year,2006,FALSE,0,0,EN,2025-12-18T23:00:00.000Z
MALARIA_EST_CASES,Estimated number of malaria cases,text,EUR,Europe,Country,KAZ,Kazakhstan,Year,2006,FALSE,0,0,EN,2025-12-18T23:00:00.000Z
MALARIA_EST_CASES,Estimated number of malaria cases,text,EMR,Eastern Mediterranean,Country,MAR,Morocco,Year,2006,FALSE,0,0,EN,2025-12-18T23:00:00.000Z
MALARIA_EST_CASES,Estimated number of malaria cases,text,EMR,Eastern Mediterranean,Country,OMN,Oman,Year,2006,FALSE,0,0,EN,2025-12-18T23:00:00.000Z
MALARIA_EST_CASES,Estimated number of malaria cases,text,EMR,Eastern Mediterranean,Country,SYR,Syrian Arab Republic,Year,2006,FALSE,0,0,EN,2025-12-18T23:00:00.000Z
MALARIA_EST_CASES,Estimated number of malaria cases,text,EMR,Eastern Mediterranean,Country,ARE,United Arab Emirates,Year,2006,FALSE,0,0,EN,2025-12-18T23:00:00.000Z
MALARIA_EST_CASES,Estimated number of malaria cases,text,AFR,Africa,Country,DZA,Algeria,Year,2006,FALSE,1,1,EN,2025-12-18T23:00:00.000Z
MALARIA_EST_CASES,Estimated number of malaria cases,text,EUR,Europe,Country,TKM,Turkmenistan,Year,2006,FALSE,1,1,EN,2025-12-18T23:00:00.000Z
MALARIA_EST_CASES,Estimated number of malaria cases,text,SEAR,South-East Asia,Country,MMR,Myanmar,Year,2006,FALSE,1017913,1 017 913 [656 000-1 571 000],EN,2025-12-18T23:00:00.000Z
MALARIA_EST_CASES,Estimated number of malaria cases,text,AFR,Africa,Country,ZWE,Zimbabwe,Year,2006,FALSE,1020784,1 020 784 [234 000-2 562 000],EN,2025-12-18T23:00:00.000Z
MALARIA_EST_CASES,Estimated number of malaria cases,text,AFR,Africa,Country,COG,Congo,Year,2006,FALSE,1100740,1 100 740 [708 000-1 638 000],EN,2025-12-18T23:00:00.000Z
MALARIA_EST_CASES,Estimated number of malaria cases,text,EMR,Eastern Mediterranean,Country,YEM,Yemen,Year,2006,FALSE,1201845,1 201 845 [537 000-5 676 000],EN,2025-12-18T23:00:00.000Z
MALARIA_EST_CASES,Estimated number of malaria cases,text,EMR,Eastern Mediterranean,Country,SOM,Somalia,Year,2006,FALSE,1306012,1 306 012 [960 000-1 743 000],EN,2025-12-18T23:00:00.000Z
MALARIA_EST_CASES,Estimated number of malaria cases,text,AFR,Africa,Country,LBR,Liberia,Year,2006,FALSE,1364179,1 364 179 [988 000-1 828 000],EN,2025-12-18T23:00:00.000Z
MALARIA_EST_CASES,Estimated number of malaria cases,text,WPR,Western Pacific,Country,IDN,Indonesia,Year,2006,FALSE,1385963,1 385 963 [1 248 000-1 549 000],EN,2025-12-18T23:00:00.000Z
MALARIA_EST_CASES,Estimated number of malaria cases,text,AFR,Africa,Country,RWA,Rwanda,Year,2006,FALSE,1395452,1 395 452 [330 000-2 213 000],EN,2025-12-18T23:00:00.000Z
MALARIA_EST_CASES,Estimated number of malaria cases,text,AFR,Africa,Country,SEN,Senegal,Year,2006,FALSE,1397650,1 397 650 [442 000-2 466 000],EN,2025-12-18T23:00:00.000Z
MALARIA_EST_CASES,Estimated number of malaria cases,text,WPR,Western Pacific,Country,PNG,Papua New Guinea,Year,2006,FALSE,1481681,1 481 681 [525 000-2 620 000],EN,2025-12-18T23:00:00.000Z
MALARIA_EST_CASES,Estimated number of malaria cases,text,EMR,Eastern Mediterranean,Country,SDN,Sudan,Year,2006,FALSE,1670134,1 670 134 [1 181 000-2 300 000],EN,2025-12-18T23:00:00.000Z
MALARIA_EST_CASES,Estimated number of malaria cases,text,WPR,Western Pacific,Country,PHL,Philippines,Year,2006,FALSE,102993,102 993 [73 000-137 000],EN,2025-12-18T23:00:00.000Z
MALARIA_EST_CASES,Estimated number of malaria cases,text,AFR,Africa,Country,GNB,Guinea-Bissau,Year,2006,FALSE,110694,110 694 [64 000-182 000],EN,2025-12-18T23:00:00.000Z
MALARIA_EST_CASES,Estimated number of malaria cases,text,AFR,Africa,Country,ZAF,South Africa,Year,2006,FALSE,12098,12 098,EN,2025-12-18T23:00:00.000Z
MALARIA_EST_CASES,Estimated number of malaria cases,text,AFR,Africa,Country,UGA,Uganda,Year,2006,FALSE,12255369,12 255 369 [9 575 000-15 400 000],EN,2025-12-18T23:00:00.000Z
MALARIA_EST_CASES,Estimated number of malaria cases,text,EMR,Eastern Mediterranean,Country,SAU,Saudi Arabia,Year,2006,FALSE,1278,1278,EN,2025-12-18T23:00:00.000Z
MALARIA_EST_CASES,Estimated number of malaria cases,text,EUR,Europe,Country,TJK,Tajikistan,Year,2006,FALSE,1344,1344,EN,2025-12-18T23:00:00.000Z
MALARIA_EST_CASES,Estimated number of malaria cases,text,EUR,Europe,Country,AZE,Azerbaijan,Year,2006,FALSE,141,141,EN,2025-12-18T23:00:00.000Z
MALARIA_EST_CASES,Estimated number of malaria cases,text,EMR,Eastern Mediterranean,Country,IRN,Iran (Islamic Republic of),Year,2006,FALSE,15909,15 909,EN,2025-12-18T23:00:00.000Z
MALARIA_EST_CASES,Estimated number of malaria cases,text,AFR,Africa,Country,SWZ,Eswatini,Year,2006,FALSE,155,155,EN,2025-12-18T23:00:00.000Z
MALARIA_EST_CASES,Estimated number of malaria cases,text,AFR,Africa,Country,ERI,Eritrea,Year,2006,FALSE,16438,16 438 [10 000-23 000],EN,2025-12-18T23:00:00.000Z
MALARIA_EST_CASES,Estimated number of malaria cases,text,SEAR,South-East Asia,Country,TLS,Timor-Leste,Year,2006,FALSE,164285,164 285 [101 000-234 000],EN,2025-12-18T23:00:00.000Z
MALARIA_EST_CASES,Estimated number of malaria cases,text,AMR,Americas,Country,COL,Colombia,Year,2006,FALSE,165418,165 418 [128 000-205 000],EN,2025-12-18T23:00:00.000Z
MALARIA_EST_CASES,Estimated number of malaria cases,text,AMR,Americas,Country,HND,Honduras,Year,2006,FALSE,17218,17 218 [13 000-22 000],EN,2025-12-18T23:00:00.000Z
MALARIA_EST_CASES,Estimated number of malaria cases,text,AMR,Americas,Country,ARG,Argentina,Year,2006,FALSE,172,172,EN,2025-12-18T23:00:00.000Z
MALARIA_EST_CASES,Estimated number of malaria cases,text,AMR,Americas,Country,PAN,Panama,Year,2006,FALSE,1751,1751 [1700-1900],EN,2025-12-18T23:00:00.000Z
MALARIA_EST_CASES,Estimated number of malaria cases,text,SEAR,South-East Asia,Country,IND,India,Year,2006,FALSE,18085201,18 085 201 [13 680 000-24 220 000],EN,2025-12-18T23:00:00.000Z
MALARIA_EST_CASES,Estimated number of malaria cases,text,SEAR,South-East Asia,Country,BTN,Bhutan,Year,2006,FALSE,1868,1868,EN,2025-12-18T23:00:00.000Z
MALARIA_EST_CASES,Estimated number of malaria cases,text,EMR,Eastern Mediterranean,Country,DJI,Djibouti,Year,2006,FALSE,1972,1972,EN,2025-12-18T23:00:00.000Z
MALARIA_EST_CASES,Estimated number of malaria cases,text,AFR,Africa,Country,GAB,Gabon,Year,2006,FALSE,198783,198 783 [116 000-317 000],EN,2025-12-18T23:00:00.000Z
MALARIA_EST_CASES,Estimated number of malaria cases,text,AFR,Africa,Country,CAF,Central African Republic,Year,2006,FALSE,2048395,2 048 395 [1 327 000-2 998 000],EN,2025-12-18T23:00:00.000Z
MALARIA_EST_CASES,Estimated number of malaria cases,text,AFR,Africa,Country,SLE,Sierra Leone,Year,2006,FALSE,2236559,2 236 559 [1 569 000-3 109 000],EN,2025-12-18T23:00:00.000Z
MALARIA_EST_CASES,Estimated number of malaria cases,text,AFR,Africa,Country,BDI,Burundi,Year,2006,FALSE,2263569,2 263 569 [1 661 000-3 002 000],EN,2025-12-18T23:00:00.000Z
MALARIA_EST_CASES,Estimated number of malaria cases,text,AFR,Africa,Country,SSD,South Sudan,Year,2006,FALSE,2335204,2 335 204 [1 690 000-3 144 000],EN,2025-12-18T23:00:00.000Z
MALARIA_EST_CASES,Estimated number of malaria cases,text,AFR,Africa,Country,TCD,Chad,Year,2006,FALSE,2564689,2 564 689 [1 578 000-3 918 000],EN,2025-12-18T23:00:00.000Z
MALARIA_EST_CASES,Estimated number of malaria cases,text,AFR,Africa,Country,ZMB,Zambia,Year,2006,FALSE,2740468,2 740 468 [2 144 000-3 455 000],EN,2025-12-18T23:00:00.000Z
MALARIA_EST_CASES,Estimated number of malaria cases,text,AFR,Africa,Country,TGO,Togo,Year,2006,FALSE,2854710,2 854 710 [2 238 000-3 564 000],EN,2025-12-18T23:00:00.000Z
MALARIA_EST_CASES,Estimated number of malaria cases,text,WPR,Western Pacific,Country,KOR,Republic of Korea,Year,2006,FALSE,2051,2051,EN,2025-12-18T23:00:00.000Z
MALARIA_EST_CASES,Estimated number of malaria cases,text,WPR,Western Pacific,Country,VUT,Vanuatu,Year,2006,FALSE,22943,22 943 [14 000-35 000],EN,2025-12-18T23:00:00.000Z
MALARIA_EST_CASES,Estimated number of malaria cases,text,AFR,Africa,Country,MRT,Mauritania,Year,2006,FALSE,230284,230 284 [61 000-444 000],EN,2025-12-18T23:00:00.000Z
MALARIA_EST_CASES,Estimated number of malaria cases,text,EMR,Eastern Mediterranean,Country,IRQ,Iraq,Year,2006,FALSE,24,24,EN,2025-12-18T23:00:00.000Z
MALARIA_EST_CASES,Estimated number of malaria cases,text,AMR,Americas,Country,BOL,Bolivia (Plurinational State of),Year,2006,FALSE,25742,25 742 [20 000-32 000],EN,2025-12-18T23:00:00.000Z
MALARIA_EST_CASES,Estimated number of malaria cases,text,AMR,Americas,Country,MEX,Mexico,Year,2006,FALSE,2514,2514,EN,2025-12-18T23:00:00.000Z
MALARIA_EST_CASES,Estimated number of malaria cases,text,AMR,Americas,Country,GUY,Guyana,Year,2006,FALSE,27629,27 629 [24 000-32 000],EN,2025-12-18T23:00:00.000Z
MALARIA_EST_CASES,Estimated number of malaria cases,text,AFR,Africa,Country,COD,Democratic Republic of the Congo,Year,2006,FALSE,28174396,28 174 396 [22 800 000-34 460 000],EN,2025-12-18T23:00:00.000Z
MALARIA_EST_CASES,Estimated number of malaria cases,text,WPR,Western Pacific,Country,SLB,Solomon Islands,Year,2006,FALSE,281888,281 888 [147 000-468 000],EN,2025-12-18T23:00:00.000Z
MALARIA_EST_CASES,Estimated number of malaria cases,text,AMR,Americas,Country,CRI,Costa Rica,Year,2006,FALSE,2903,2903,EN,2025-12-18T23:00:00.000Z
MALARIA_EST_CASES,Estimated number of malaria cases,text,AFR,Africa,Country,GIN,Guinea,Year,2006,FALSE,3823613,3 823 613 [2 735 000-5 206 000],EN,2025-12-18T23:00:00.000Z
MALARIA_EST_CASES,Estimated number of malaria cases,text,SEAR,South-East Asia,Country,THA,Thailand,Year,2006,FALSE,30294,30 294,EN,2025-12-18T23:00:00.000Z
MALARIA_EST_CASES,Estimated number of malaria cases,text,EUR,Europe,Country,KGZ,Kyrgyzstan,Year,2006,FALSE,318,318,EN,2025-12-18T23:00:00.000Z
MALARIA_EST_CASES,Estimated number of malaria cases,text,AFR,Africa,Country,MYT,Mayotte,Year,2006,FALSE,318,318 [318-318],EN,2025-12-18T23:00:00.000Z
MALARIA_EST_CASES,Estimated number of malaria cases,text,AMR,Americas,Country,SUR,Suriname,Year,2006,FALSE,3289,3289,EN,2025-12-18T23:00:00.000Z
MALARIA_EST_CASES,Estimated number of malaria cases,text,WPR,Western Pacific,Country,CHN,China,Year,2006,FALSE,35383,35 383,EN,2025-12-18T23:00:00.000Z
MALARIA_EST_CASES,Estimated number of malaria cases,text,SEAR,South-East Asia,Country,NPL,Nepal,Year,2006,FALSE,35567,35 567 [15 000-81 000],EN,2025-12-18T23:00:00.000Z
MALARIA_EST_CASES,Estimated number of malaria cases,text,AFR,Africa,Country,COM,Comoros,Year,2006,FALSE,35626,35 626,EN,2025-12-18T23:00:00.000Z
MALARIA_EST_CASES,Estimated number of malaria cases,text,AFR,Africa,Country,GNQ,Equatorial Guinea,Year,2006,FALSE,353242,353 242 [262 000-470 000],EN,2025-12-18T23:00:00.000Z
MALARIA_EST_CASES,Estimated number of malaria cases,text,AMR,Americas,Country,GTM,Guatemala,Year,2006,FALSE,36610,36 610 [32 000-43 000],EN,2025-12-18T23:00:00.000Z
MALARIA_EST_CASES,Estimated number of malaria cases,text,AMR,Americas,Country,NIC,Nicaragua,Year,2006,FALSE,3943,3943 [3300-4700],EN,2025-12-18T23:00:00.000Z
MALARIA_EST_CASES,Estimated number of malaria cases,text,AFR,Africa,Country,NER,Niger,Year,2006,FALSE,4386050,4 386 050 [2 712 000-6 753 000],EN,2025-12-18T23:00:00.000Z
MALARIA_EST_CASES,Estimated number of malaria cases,text,AFR,Africa,Country,BEN,Benin,Year,2006,FALSE,4424230,4 424 230 [3 563 000-5 432 000],EN,2025-12-18T23:00:00.000Z
MALARIA_EST_CASES,Estimated number of malaria cases,text,AFR,Africa,Country,KEN,Kenya,Year,2006,FALSE,4632386,4 632 386 [3 423 000-6 146 000],EN,2025-12-18T23:00:00.000Z
MALARIA_EST_CASES,Estimated number of malaria cases,text,AFR,Africa,Country,MWI,Malawi,Year,2006,FALSE,4740334,4 740 334 [3 763 000-5 892 000],EN,2025-12-18T23:00:00.000Z
MALARIA_EST_CASES,Estimated number of malaria cases,text,EMR,Eastern Mediterranean,Country,AFG,Afghanistan,Year,2006,FALSE,418216,418 216 [221 000-717 000],EN,2025-12-18T23:00:00.000Z
MALARIA_EST_CASES,Estimated number of malaria cases,text,WPR,Western Pacific,Country,VNM,Viet Nam,Year,2006,FALSE,43620,43 620 [37 000-54 000],EN,2025-12-18T23:00:00.000Z
MALARIA_EST_CASES,Estimated number of malaria cases,text,AMR,Americas,Country,VEN,Venezuela (Bolivarian Republic of),Year,2006,FALSE,43638,43 638 [39 000-51 000],EN,2025-12-18T23:00:00.000Z
MALARIA_EST_CASES,Estimated number of malaria cases,text,WPR,Western Pacific,Country,KHM,Cambodia,Year,2006,FALSE,437975,437 975 [339 000-577 000],EN,2025-12-18T23:00:00.000Z
MALARIA_EST_CASES,Estimated number of malaria cases,text,AFR,Africa,Country,GMB,Gambia,Year,2006,FALSE,448795,448 795 [333 000-586 000],EN,2025-12-18T23:00:00.000Z
MALARIA_EST_CASES,Estimated number of malaria cases,text,AMR,Americas,Country,DOM,Dominican Republic,Year,2006,FALSE,4535,4535 [3700-5400],EN,2025-12-18T23:00:00.000Z
MALARIA_EST_CASES,Estimated number of malaria cases,text,AMR,Americas,Country,GUF,French Guiana,Year,2006,FALSE,4796,4796 [4200-5600],EN,2025-12-18T23:00:00.000Z
MALARIA_EST_CASES,Estimated number of malaria cases,text,WPR,Western Pacific,Country,LAO,Lao People's Democratic Republic,Year,2006,FALSE,48965,48 965 [31 000-74 000],EN,2025-12-18T23:00:00.000Z
MALARIA_EST_CASES,Estimated number of malaria cases,text,AFR,Africa,Country,BWA,Botswana,Year,2006,FALSE,4803,4803 [3200-7800],EN,2025-12-18T23:00:00.000Z
MALARIA_EST_CASES,Estimated number of malaria cases,text,AMR,Americas,Country,SLV,El Salvador,Year,2006,FALSE,49,49,EN,2025-12-18T23:00:00.000Z
MALARIA_EST_CASES,Estimated number of malaria cases,text,AFR,Africa,Country,MLI,Mali,Year,2006,FALSE,5527211,5 527 211 [3 844 000-7 850 000],EN,2025-12-18T23:00:00.000Z
MALARIA_EST_CASES,Estimated number of malaria cases,text,AFR,Africa,Country,STP,Sao Tome and Principe,Year,2006,FALSE,5146,5146,EN,2025-12-18T23:00:00.000Z
MALARIA_EST_CASES,Estimated number of malaria cases,text,WPR,Western Pacific,Country,MYS,Malaysia,Year,2006,FALSE,5294,5294,EN,2025-12-18T23:00:00.000Z
MALARIA_EST_CASES,Estimated number of malaria cases,text,AMR,Americas,Country,BRA,Brazil,Year,2006,FALSE,584183,584 183 [561 000-623 000],EN,2025-12-18T23:00:00.000Z
MALARIA_EST_CASES,Estimated number of malaria cases,text,EUR,Europe,Country,GEO,Georgia,Year,2006,FALSE,59,59,EN,2025-12-18T23:00:00.000Z
MALARIA_EST_CASES,Estimated number of malaria cases,text,AFR,Africa,Country,NGA,Nigeria,Year,2006,FALSE,59418382,59 418 382 [47 900 000-72 790 000],EN,2025-12-18T23:00:00.000Z
MALARIA_EST_CASES,Estimated number of malaria cases,text,SEAR,South-East Asia,Country,LKA,Sri Lanka,Year,2006,FALSE,591,591,EN,2025-12-18T23:00:00.000Z
MALARIA_EST_CASES,Estimated number of malaria cases,text,AFR,Africa,Country,AGO,Angola,Year,2006,FALSE,6002681,6 002 681 [4 567 000-7 744 000],EN,2025-12-18T23:00:00.000Z
MALARIA_EST_CASES,Estimated number of malaria cases,text,AFR,Africa,Country,MDG,Madagascar,Year,2006,FALSE,666523,666 523 [23 000-1 464 000],EN,2025-12-18T23:00:00.000Z
MALARIA_EST_CASES,Estimated number of malaria cases,text,AFR,Africa,Country,NAM,Namibia,Year,2006,FALSE,68176,68 176 [41 000-113 000],EN,2025-12-18T23:00:00.000Z
MALARIA_EST_CASES,Estimated number of malaria cases,text,SEAR,South-East Asia,Country,BGD,Bangladesh,Year,2006,FALSE,68539,68 539 [41 000-103 000],EN,2025-12-18T23:00:00.000Z
MALARIA_EST_CASES,Estimated number of malaria cases,text,SEAR,South-East Asia,Country,PRK,Democratic People's Republic of Korea,Year,2006,FALSE,6913,6913,EN,2025-12-18T23:00:00.000Z
MALARIA_EST_CASES,Estimated number of malaria cases,text,AFR,Africa,Country,GHA,Ghana,Year,2006,FALSE,7173504,7 173 504 [5 733 000-8 827 000],EN,2025-12-18T23:00:00.000Z
MALARIA_EST_CASES,Estimated number of malaria cases,text,AFR,Africa,Country,BFA,Burkina Faso,Year,2006,FALSE,7347269,7 347 269 [5 772 000-9 212 000],EN,2025-12-18T23:00:00.000Z
MALARIA_EST_CASES,Estimated number of malaria cases,text,AFR,Africa,Country,CMR,Cameroon,Year,2006,FALSE,7475565,7 475 565 [5 956 000-9 251 000],EN,2025-12-18T23:00:00.000Z
MALARIA_EST_CASES,Estimated number of malaria cases,text,AFR,Africa,Country,ETH,Ethiopia,Year,2006,FALSE,7573908,7 573 908 [2 350 000-23 550 000],EN,2025-12-18T23:00:00.000Z
MALARIA_EST_CASES,Estimated number of malaria cases,text,EUR,Europe,Country,UZB,Uzbekistan,Year,2006,FALSE,73,73,EN,2025-12-18T23:00:00.000Z
MALARIA_EST_CASES,Estimated number of malaria cases,text,EUR,Europe,Country,TUR,Türkiye,Year,2006,FALSE,796,796,EN,2025-12-18T23:00:00.000Z
MALARIA_EST_CASES,Estimated number of malaria cases,text,AFR,Africa,Country,MOZ,Mozambique,Year,2006,FALSE,8676948,8 676 948 [7 089 000-10 560 000],EN,2025-12-18T23:00:00.000Z
MALARIA_EST_CASES,Estimated number of malaria cases,text,AFR,Africa,Country,CIV,Cote d'Ivoire,Year,2006,FALSE,8744926,8 744 926 [7 158 000-10 580 000],EN,2025-12-18T23:00:00.000Z
MALARIA_EST_CASES,Estimated number of malaria cases,text,AFR,Africa,Country,CPV,Cabo Verde,Year,2006,FALSE,80,80,EN,2025-12-18T23:00:00.000Z
MALARIA_EST_CASES,Estimated number of malaria cases,text,AMR,Americas,Country,PER,Peru,Year,2006,FALSE,80054,80 054 [68 000-93 000],EN,2025-12-18T23:00:00.000Z
MALARIA_EST_CASES,Estimated number of malaria cases,text,AMR,Americas,Country,HTI,Haiti,Year,2006,FALSE,81199,81 199 [47 000-129 000],EN,2025-12-18T23:00:00.000Z
MALARIA_EST_CASES,Estimated number of malaria cases,text,AMR,Americas,Country,PRY,Paraguay,Year,2006,FALSE,820,820,EN,2025-12-18T23:00:00.000Z
MALARIA_EST_CASES,Estimated number of malaria cases,text,AMR,Americas,Country,BLZ,Belize,Year,2006,FALSE,844,844,EN,2025-12-18T23:00:00.000Z
MALARIA_EST_CASES,Estimated number of malaria cases,text,EMR,Eastern Mediterranean,Country,PAK,Pakistan,Year,2006,FALSE,851104,851 104 [356 000-2 054 000],EN,2025-12-18T23:00:00.000Z
MALARIA_EST_CASES,Estimated number of malaria cases,text,AFR,Africa,Country,TZA,United Republic of Tanzania,Year,2006,FALSE,9095258,9 095 258 [6 953 000-11 730 000],EN,2025-12-18T23:00:00.000Z
MALARIA_EST_CASES,Estimated number of malaria cases,text,AMR,Americas,Country,ECU,Ecuador,Year,2006,FALSE,9863,9863,EN,2025-12-18T23:00:00.000Z
MALARIA_EST_CASES,Estimated number of malaria cases,text,EMR,Eastern Mediterranean,Country,EGY,Egypt,Year,2005,FALSE,0,0,EN,2025-12-18T23:00:00.000Z
MALARIA_EST_CASES,Estimated number of malaria cases,text,EUR,Europe,Country,KAZ,Kazakhstan,Year,2005,FALSE,0,0,EN,2025-12-18T23:00:00.000Z
MALARIA_EST_CASES,Estimated number of malaria cases,text,EMR,Eastern Mediterranean,Country,MAR,Morocco,Year,2005,FALSE,0,0,EN,2025-12-18T23:00:00.000Z
MALARIA_EST_CASES,Estimated number of malaria cases,text,EMR,Eastern Mediterranean,Country,OMN,Oman,Year,2005,FALSE,0,0,EN,2025-12-18T23:00:00.000Z
MALARIA_EST_CASES,Estimated number of malaria cases,text,EMR,Eastern Mediterranean,Country,SYR,Syrian Arab Republic,Year,2005,FALSE,0,0,EN,2025-12-18T23:00:00.000Z
MALARIA_EST_CASES,Estimated number of malaria cases,text,EMR,Eastern Mediterranean,Country,ARE,United Arab Emirates,Year,2005,FALSE,0,0,EN,2025-12-18T23:00:00.000Z
MALARIA_EST_CASES,Estimated number of malaria cases,text,AFR,Africa,Country,DZA,Algeria,Year,2005,FALSE,1,1,EN,2025-12-18T23:00:00.000Z
MALARIA_EST_CASES,Estimated number of malaria cases,text,EUR,Europe,Country,TKM,Turkmenistan,Year,2005,FALSE,1,1,EN,2025-12-18T23:00:00.000Z
MALARIA_EST_CASES,Estimated number of malaria cases,text,EMR,Eastern Mediterranean,Country,YEM,Yemen,Year,2005,FALSE,1002795,1 002 795 [444 000-4 790 000],EN,2025-12-18T23:00:00.000Z
MALARIA_EST_CASES,Estimated number of malaria cases,text,AFR,Africa,Country,ZWE,Zimbabwe,Year,2005,FALSE,1008423,1 008 423 [225 000-2 487 000],EN,2025-12-18T23:00:00.000Z
MALARIA_EST_CASES,Estimated number of malaria cases,text,AFR,Africa,Country,COG,Congo,Year,2005,FALSE,1142267,1 142 267 [712 000-1 733 000],EN,2025-12-18T23:00:00.000Z
MALARIA_EST_CASES,Estimated number of malaria cases,text,WPR,Western Pacific,Country,IDN,Indonesia,Year,2005,FALSE,1187260,1 187 260 [1 069 000-1 330 000],EN,2025-12-18T23:00:00.000Z
MALARIA_EST_CASES,Estimated number of malaria cases,text,AFR,Africa,Country,LBR,Liberia,Year,2005,FALSE,1330918,1 330 918 [911 000-1 842 000],EN,2025-12-18T23:00:00.000Z
MALARIA_EST_CASES,Estimated number of malaria cases,text,AFR,Africa,Country,RWA,Rwanda,Year,2005,FALSE,1376821,1 376 821 [309 000-2 311 000],EN,2025-12-18T23:00:00.000Z
MALARIA_EST_CASES,Estimated number of malaria cases,text,EMR,Eastern Mediterranean,Country,SOM,Somalia,Year,2005,FALSE,1401390,1 401 390 [1 021 000-1 864 000],EN,2025-12-18T23:00:00.000Z
MALARIA_EST_CASES,Estimated number of malaria cases,text,WPR,Western Pacific,Country,PNG,Papua New Guinea,Year,2005,FALSE,1413497,1 413 497 [467 000-2 568 000],EN,2025-12-18T23:00:00.000Z
MALARIA_EST_CASES,Estimated number of malaria cases,text,SEAR,South-East Asia,Country,MMR,Myanmar,Year,2005,FALSE,1421878,1 421 878 [999 000-2 126 000],EN,2025-12-18T23:00:00.000Z
MALARIA_EST_CASES,Estimated number of malaria cases,text,AFR,Africa,Country,SEN,Senegal,Year,2005,FALSE,1485983,1 485 983 [441 000-2 586 000],EN,2025-12-18T23:00:00.000Z
MALARIA_EST_CASES,Estimated number of malaria cases,text,EMR,Eastern Mediterranean,Country,SDN,Sudan,Year,2005,FALSE,1664615,1 664 615 [1 139 000-2 354 000],EN,2025-12-18T23:00:00.000Z
MALARIA_EST_CASES,Estimated number of malaria cases,text,AFR,Africa,Country,CAF,Central African Republic,Year,2005,FALSE,1995410,1 995 410 [1 271 000-3 006 000],EN,2025-12-18T23:00:00.000Z
MALARIA_EST_CASES,Estimated number of malaria cases,text,EUR,Europe,Country,UZB,Uzbekistan,Year,2005,FALSE,102,102,EN,2025-12-18T23:00:00.000Z
MALARIA_EST_CASES,Estimated number of malaria cases,text,SEAR,South-East Asia,Country,BGD,Bangladesh,Year,2005,FALSE,103195,103 195 [46 000-165 000],EN,2025-12-18T23:00:00.000Z
MALARIA_EST_CASES,Estimated number of malaria cases,text,EMR,Eastern Mediterranean,Country,SAU,Saudi Arabia,Year,2005,FALSE,1059,1059,EN,2025-12-18T23:00:00.000Z
MALARIA_EST_CASES,Estimated number of malaria cases,text,AMR,Americas,Country,PER,Peru,Year,2005,FALSE,108134,108 134 [92 000-126 000],EN,2025-12-18T23:00:00.000Z
MALARIA_EST_CASES,Estimated number of malaria cases,text,AFR,Africa,Country,UGA,Uganda,Year,2005,FALSE,11919970,11 919 970 [9 096 000-15 290 000],EN,2025-12-18T23:00:00.000Z
MALARIA_EST_CASES,Estimated number of malaria cases,text,AFR,Africa,Country,GNB,Guinea-Bissau,Year,2005,FALSE,128852,128 852 [59 000-249 000],EN,2025-12-18T23:00:00.000Z
MALARIA_EST_CASES,Estimated number of malaria cases,text,WPR,Western Pacific,Country,KOR,Republic of Korea,Year,2005,FALSE,1369,1369,EN,2025-12-18T23:00:00.000Z
MALARIA_EST_CASES,Estimated number of malaria cases,text,AFR,Africa,Country,BWA,Botswana,Year,2005,FALSE,1466,1466 [840-2800],EN,2025-12-18T23:00:00.000Z
MALARIA_EST_CASES,Estimated number of malaria cases,text,SEAR,South-East Asia,Country,TLS,Timor-Leste,Year,2005,FALSE,153748,153 748 [106 000-209 000],EN,2025-12-18T23:00:00.000Z
MALARIA_EST_CASES,Estimated number of malaria cases,text,AMR,Americas,Country,BLZ,Belize,Year,2005,FALSE,1549,1549,EN,2025-12-18T23:00:00.000Z
MALARIA_EST_CASES,Estimated number of malaria cases,text,EUR,Europe,Country,GEO,Georgia,Year,2005,FALSE,155,155,EN,2025-12-18T23:00:00.000Z
MALARIA_EST_CASES,Estimated number of malaria cases,text,SEAR,South-East Asia,Country,LKA,Sri Lanka,Year,2005,FALSE,1640,1640,EN,2025-12-18T23:00:00.000Z
MALARIA_EST_CASES,Estimated number of malaria cases,text,AMR,Americas,Country,COL,Colombia,Year,2005,FALSE,166899,166 899 [129 000-207 000],EN,2025-12-18T23:00:00.000Z
MALARIA_EST_CASES,Estimated number of malaria cases,text,AMR,Americas,Country,ECU,Ecuador,Year,2005,FALSE,17050,17 050,EN,2025-12-18T23:00:00.000Z
MALARIA_EST_CASES,Estimated number of malaria cases,text,AFR,Africa,Country,STP,Sao Tome and Principe,Year,2005,FALSE,18139,18 139,EN,2025-12-18T23:00:00.000Z
MALARIA_EST_CASES,Estimated number of malaria cases,text,EMR,Eastern Mediterranean,Country,IRN,Iran (Islamic Republic of),Year,2005,FALSE,18966,18 966,EN,2025-12-18T23:00:00.000Z
MALARIA_EST_CASES,Estimated number of malaria cases,text,SEAR,South-East Asia,Country,BTN,Bhutan,Year,2005,FALSE,1825,1825,EN,2025-12-18T23:00:00.000Z
MALARIA_EST_CASES,Estimated number of malaria cases,text,EMR,Eastern Mediterranean,Country,DJI,Djibouti,Year,2005,FALSE,1933,1933,EN,2025-12-18T23:00:00.000Z
MALARIA_EST_CASES,Estimated number of malaria cases,text,AFR,Africa,Country,BDI,Burundi,Year,2005,FALSE,2158458,2 158 458 [1 593 000-2 863 000],EN,2025-12-18T23:00:00.000Z
MALARIA_EST_CASES,Estimated number of malaria cases,text,AFR,Africa,Country,SLE,Sierra Leone,Year,2005,FALSE,2207239,2 207 239 [1 501 000-3 135 000],EN,2025-12-18T23:00:00.000Z
MALARIA_EST_CASES,Estimated number of malaria cases,text,AFR,Africa,Country,SSD,South Sudan,Year,2005,FALSE,2321502,2 321 502 [1 594 000-3 270 000],EN,2025-12-18T23:00:00.000Z
MALARIA_EST_CASES,Estimated number of malaria cases,text,AFR,Africa,Country,TCD,Chad,Year,2005,FALSE,2464532,2 464 532 [1 428 000-3 923 000],EN,2025-12-18T23:00:00.000Z
MALARIA_EST_CASES,Estimated number of malaria cases,text,AFR,Africa,Country,TGO,Togo,Year,2005,FALSE,2814225,2 814 225 [2 229 000-3 498 000],EN,2025-12-18T23:00:00.000Z
MALARIA_EST_CASES,Estimated number of malaria cases,text,EUR,Europe,Country,TUR,Türkiye,Year,2005,FALSE,2084,2084,EN,2025-12-18T23:00:00.000Z
MALARIA_EST_CASES,Estimated number of malaria cases,text,WPR,Western Pacific,Country,CHN,China,Year,2005,FALSE,21936,21 936,EN,2025-12-18T23:00:00.000Z
MALARIA_EST_CASES,Estimated number of malaria cases,text,EUR,Europe,Country,KGZ,Kyrgyzstan,Year,2005,FALSE,225,225,EN,2025-12-18T23:00:00.000Z
MALARIA_EST_CASES,Estimated number of malaria cases,text,AMR,Americas,Country,HND,Honduras,Year,2005,FALSE,23468,23 468 [17 000-30 000],EN,2025-12-18T23:00:00.000Z
MALARIA_EST_CASES,Estimated number of malaria cases,text,EUR,Europe,Country,TJK,Tajikistan,Year,2005,FALSE,2309,2309,EN,2025-12-18T23:00:00.000Z
MALARIA_EST_CASES,Estimated number of malaria cases,text,AMR,Americas,Country,ARG,Argentina,Year,2005,FALSE,231,231,EN,2025-12-18T23:00:00.000Z
MALARIA_EST_CASES,Estimated number of malaria cases,text,AFR,Africa,Country,GAB,Gabon,Year,2005,FALSE,231288,231 288 [141 000-355 000],EN,2025-12-18T23:00:00.000Z
MALARIA_EST_CASES,Estimated number of malaria cases,text,SEAR,South-East Asia,Country,IND,India,Year,2005,FALSE,24179932,24 179 932 [18 220 000-33 260 000],EN,2025-12-18T23:00:00.000Z
MALARIA_EST_CASES,Estimated number of malaria cases,text,EUR,Europe,Country,AZE,Azerbaijan,Year,2005,FALSE,242,242,EN,2025-12-18T23:00:00.000Z
MALARIA_EST_CASES,Estimated number of malaria cases,text,AFR,Africa,Country,MRT,Mauritania,Year,2005,FALSE,247845,247 845 [77 000-481 000],EN,2025-12-18T23:00:00.000Z
MALARIA_EST_CASES,Estimated number of malaria cases,text,WPR,Western Pacific,Country,VUT,Vanuatu,Year,2005,FALSE,25624,25 624 [17 000-39 000],EN,2025-12-18T23:00:00.000Z
MALARIA_EST_CASES,Estimated number of malaria cases,text,AMR,Americas,Country,BOL,Bolivia (Plurinational State of),Year,2005,FALSE,27296,27 296 [21 000-34 000],EN,2025-12-18T23:00:00.000Z
MALARIA_EST_CASES,Estimated number of malaria cases,text,AFR,Africa,Country,COD,Democratic Republic of the Congo,Year,2005,FALSE,27526510,27 526 510 [22 180 000-34 110 000],EN,2025-12-18T23:00:00.000Z
MALARIA_EST_CASES,Estimated number of malaria cases,text,AFR,Africa,Country,ERI,Eritrea,Year,2005,FALSE,27680,27 680 [16 000-42 000],EN,2025-12-18T23:00:00.000Z
MALARIA_EST_CASES,Estimated number of malaria cases,text,AFR,Africa,Country,SWZ,Eswatini,Year,2005,FALSE,279,279,EN,2025-12-18T23:00:00.000Z
MALARIA_EST_CASES,Estimated number of malaria cases,text,WPR,Western Pacific,Country,SLB,Solomon Islands,Year,2005,FALSE,286015,286 015 [153 000-464 000],EN,2025-12-18T23:00:00.000Z
MALARIA_EST_CASES,Estimated number of malaria cases,text,SEAR,South-East Asia,Country,THA,Thailand,Year,2005,FALSE,29782,29 782,EN,2025-12-18T23:00:00.000Z
MALARIA_EST_CASES,Estimated number of malaria cases,text,AMR,Americas,Country,MEX,Mexico,Year,2005,FALSE,2967,2967,EN,2025-12-18T23:00:00.000Z
MALARIA_EST_CASES,Estimated number of malaria cases,text,AFR,Africa,Country,ZMB,Zambia,Year,2005,FALSE,3076469,3 076 469 [2 396 000-3 909 000],EN,2025-12-18T23:00:00.000Z
MALARIA_EST_CASES,Estimated number of malaria cases,text,AFR,Africa,Country,GIN,Guinea,Year,2005,FALSE,3885452,3 885 452 [2 776 000-5 281 000],EN,2025-12-18T23:00:00.000Z
MALARIA_EST_CASES,Estimated number of malaria cases,text,AFR,Africa,Country,GNQ,Equatorial Guinea,Year,2005,FALSE,338812,338 812 [251 000-449 000],EN,2025-12-18T23:00:00.000Z
MALARIA_EST_CASES,Estimated number of malaria cases,text,WPR,Western Pacific,Country,LAO,Lao People's Democratic Republic,Year,2005,FALSE,35002,35 002 [23 000-51 000],EN,2025-12-18T23:00:00.000Z
MALARIA_EST_CASES,Estimated number of malaria cases,text,AFR,Africa,Country,COM,Comoros,Year,2005,FALSE,35616,35 616,EN,2025-12-18T23:00:00.000Z
MALARIA_EST_CASES,Estimated number of malaria cases,text,AMR,Americas,Country,CRI,Costa Rica,Year,2005,FALSE,3541,3541,EN,2025-12-18T23:00:00.000Z
MALARIA_EST_CASES,Estimated number of malaria cases,text,SEAR,South-East Asia,Country,NPL,Nepal,Year,2005,FALSE,36030,36 030 [15 000-83 000],EN,2025-12-18T23:00:00.000Z
MALARIA_EST_CASES,Estimated number of malaria cases,text,AMR,Americas,Country,PRY,Paraguay,Year,2005,FALSE,373,373,EN,2025-12-18T23:00:00.000Z
MALARIA_EST_CASES,Estimated number of malaria cases,text,AMR,Americas,Country,PAN,Panama,Year,2005,FALSE,3861,3861 [3700-4100],EN,2025-12-18T23:00:00.000Z
MALARIA_EST_CASES,Estimated number of malaria cases,text,WPR,Western Pacific,Country,KHM,Cambodia,Year,2005,FALSE,388706,388 706 [329 000-460 000],EN,2025-12-18T23:00:00.000Z
MALARIA_EST_CASES,Estimated number of malaria cases,text,AFR,Africa,Country,NER,Niger,Year,2005,FALSE,4271200,4 271 200 [2 688 000-6 443 000],EN,2025-12-18T23:00:00.000Z
MALARIA_EST_CASES,Estimated number of malaria cases,text,AFR,Africa,Country,BEN,Benin,Year,2005,FALSE,4298732,4 298 732 [3 442 000-5 290 000],EN,2025-12-18T23:00:00.000Z
MALARIA_EST_CASES,Estimated number of malaria cases,text,AFR,Africa,Country,MWI,Malawi,Year,2005,FALSE,4797659,4 797 659 [3 799 000-5 908 000],EN,2025-12-18T23:00:00.000Z
MALARIA_EST_CASES,Estimated number of malaria cases,text,AFR,Africa,Country,KEN,Kenya,Year,2005,FALSE,4972794,4 972 794 [3 650 000-6 686 000],EN,2025-12-18T23:00:00.000Z
MALARIA_EST_CASES,Estimated number of malaria cases,text,WPR,Western Pacific,Country,VNM,Viet Nam,Year,2005,FALSE,40604,40 604 [34 000-51 000],EN,2025-12-18T23:00:00.000Z
MALARIA_EST_CASES,Estimated number of malaria cases,text,AMR,Americas,Country,GUF,French Guiana,Year,2005,FALSE,4015,4015 [3600-4700],EN,2025-12-18T23:00:00.000Z
MALARIA_EST_CASES,Estimated number of malaria cases,text,AFR,Africa,Country,GMB,Gambia,Year,2005,FALSE,449027,449 027 [330 000-579 000],EN,2025-12-18T23:00:00.000Z
MALARIA_EST_CASES,Estimated number of malaria cases,text,AMR,Americas,Country,GTM,Guatemala,Year,2005,FALSE,46748,46 748 [41 000-55 000],EN,2025-12-18T23:00:00.000Z
MALARIA_EST_CASES,Estimated number of malaria cases,text,EMR,Eastern Mediterranean,Country,IRQ,Iraq,Year,2005,FALSE,47,47,EN,2025-12-18T23:00:00.000Z
MALARIA_EST_CASES,Estimated number of malaria cases,text,AMR,Americas,Country,DOM,Dominican Republic,Year,2005,FALSE,4950,4950 [4000-5900],EN,2025-12-18T23:00:00.000Z
MALARIA_EST_CASES,Estimated number of malaria cases,text,AFR,Africa,Country,MLI,Mali,Year,2005,FALSE,5683984,5 683 984 [3 946 000-8 192 000],EN,2025-12-18T23:00:00.000Z
MALARIA_EST_CASES,Estimated number of malaria cases,text,AFR,Africa,Country,MYT,Mayotte,Year,2005,FALSE,500,500 [500-500],EN,2025-12-18T23:00:00.000Z
MALARIA_EST_CASES,Estimated number of malaria cases,text,AMR,Americas,Country,VEN,Venezuela (Bolivarian Republic of),Year,2005,FALSE,52979,52 979 [47 000-62 000],EN,2025-12-18T23:00:00.000Z
MALARIA_EST_CASES,Estimated number of malaria cases,text,EMR,Eastern Mediterranean,Country,AFG,Afghanistan,Year,2005,FALSE,535477,535 477 [315 000-860 000],EN,2025-12-18T23:00:00.000Z
MALARIA_EST_CASES,Estimated number of malaria cases,text,AMR,Americas,Country,GUY,Guyana,Year,2005,FALSE,54583,54 583 [45 000-65 000],EN,2025-12-18T23:00:00.000Z
MALARIA_EST_CASES,Estimated number of malaria cases,text,WPR,Western Pacific,Country,MYS,Malaysia,Year,2005,FALSE,5569,5569,EN,2025-12-18T23:00:00.000Z
MALARIA_EST_CASES,Estimated number of malaria cases,text,AFR,Africa,Country,NGA,Nigeria,Year,2005,FALSE,57411916,57 411 916 [46 230 000-70 620 000],EN,2025-12-18T23:00:00.000Z
MALARIA_EST_CASES,Estimated number of malaria cases,text,AFR,Africa,Country,AGO,Angola,Year,2005,FALSE,6054977,6 054 977 [4 427 000-8 175 000],EN,2025-12-18T23:00:00.000Z
MALARIA_EST_CASES,Estimated number of malaria cases,text,AFR,Africa,Country,NAM,Namibia,Year,2005,FALSE,65303,65 303 [34 000-120 000],EN,2025-12-18T23:00:00.000Z
MALARIA_EST_CASES,Estimated number of malaria cases,text,AMR,Americas,Country,BRA,Brazil,Year,2005,FALSE,658276,658 276 [623 000-708 000],EN,2025-12-18T23:00:00.000Z
MALARIA_EST_CASES,Estimated number of malaria cases,text,AFR,Africa,Country,MDG,Madagascar,Year,2005,FALSE,662852,662 852 [25 000-1 517 000],EN,2025-12-18T23:00:00.000Z
MALARIA_EST_CASES,Estimated number of malaria cases,text,AMR,Americas,Country,SLV,El Salvador,Year,2005,FALSE,67,67,EN,2025-12-18T23:00:00.000Z
MALARIA_EST_CASES,Estimated number of malaria cases,text,SEAR,South-East Asia,Country,PRK,Democratic People's Republic of Korea,Year,2005,FALSE,6728,6728,EN,2025-12-18T23:00:00.000Z
MALARIA_EST_CASES,Estimated number of malaria cases,text,AFR,Africa,Country,CPV,Cabo Verde,Year,2005,FALSE,68,68,EN,2025-12-18T23:00:00.000Z
MALARIA_EST_CASES,Estimated number of malaria cases,text,EUR,Europe,Country,ARM,Armenia,Year,2005,FALSE,7,7,EN,2025-12-18T23:00:00.000Z
MALARIA_EST_CASES,Estimated number of malaria cases,text,AFR,Africa,Country,GHA,Ghana,Year,2005,FALSE,7267466,7 267 466 [5 744 000-9 100 000],EN,2025-12-18T23:00:00.000Z
MALARIA_EST_CASES,Estimated number of malaria cases,text,AFR,Africa,Country,BFA,Burkina Faso,Year,2005,FALSE,7363398,7 363 398 [5 819 000-9 204 000],EN,2025-12-18T23:00:00.000Z
MALARIA_EST_CASES,Estimated number of malaria cases,text,AFR,Africa,Country,CMR,Cameroon,Year,2005,FALSE,7437325,7 437 325 [5 908 000-9 249 000],EN,2025-12-18T23:00:00.000Z
MALARIA_EST_CASES,Estimated number of malaria cases,text,AFR,Africa,Country,ETH,Ethiopia,Year,2005,FALSE,7965655,7 965 655 [2 880 000-23 440 000],EN,2025-12-18T23:00:00.000Z
MALARIA_EST_CASES,Estimated number of malaria cases,text,AFR,Africa,Country,ZAF,South Africa,Year,2005,FALSE,7755,7755,EN,2025-12-18T23:00:00.000Z
MALARIA_EST_CASES,Estimated number of malaria cases,text,AMR,Americas,Country,HTI,Haiti,Year,2005,FALSE,78638,78 638 [45 000-127 000],EN,2025-12-18T23:00:00.000Z
MALARIA_EST_CASES,Estimated number of malaria cases,text,AFR,Africa,Country,MOZ,Mozambique,Year,2005,FALSE,8979666,8 979 666 [7 263 000-11 010 000],EN,2025-12-18T23:00:00.000Z
MALARIA_EST_CASES,Estimated number of malaria cases,text,WPR,Western Pacific,Country,PHL,Philippines,Year,2005,FALSE,83163,83 163 [60 000-110 000],EN,2025-12-18T23:00:00.000Z
MALARIA_EST_CASES,Estimated number of malaria cases,text,AMR,Americas,Country,NIC,Nicaragua,Year,2005,FALSE,8412,8412 [7000-9900],EN,2025-12-18T23:00:00.000Z
MALARIA_EST_CASES,Estimated number of malaria cases,text,EMR,Eastern Mediterranean,Country,PAK,Pakistan,Year,2005,FALSE,845170,845 170 [374 000-1 986 000],EN,2025-12-18T23:00:00.000Z
MALARIA_EST_CASES,Estimated number of malaria cases,text,AFR,Africa,Country,CIV,Cote d'Ivoire,Year,2005,FALSE,9358798,9 358 798 [7 643 000-11 350 000],EN,2025-12-18T23:00:00.000Z
MALARIA_EST_CASES,Estimated number of malaria cases,text,AFR,Africa,Country,TZA,United Republic of Tanzania,Year,2005,FALSE,9861299,9 861 299 [7 616 000-12 470 000],EN,2025-12-18T23:00:00.000Z
MALARIA_EST_CASES,Estimated number of malaria cases,text,AMR,Americas,Country,SUR,Suriname,Year,2005,FALSE,9131,9131,EN,2025-12-18T23:00:00.000Z
MALARIA_EST_CASES,Estimated number of malaria cases,text,EMR,Eastern Mediterranean,Country,EGY,Egypt,Year,2004,FALSE,0,0,EN,2025-12-18T23:00:00.000Z
MALARIA_EST_CASES,Estimated number of malaria cases,text,EUR,Europe,Country,KAZ,Kazakhstan,Year,2004,FALSE,0,0,EN,2025-12-18T23:00:00.000Z
MALARIA_EST_CASES,Estimated number of malaria cases,text,EMR,Eastern Mediterranean,Country,OMN,Oman,Year,2004,FALSE,0,0,EN,2025-12-18T23:00:00.000Z
MALARIA_EST_CASES,Estimated number of malaria cases,text,EMR,Eastern Mediterranean,Country,ARE,United Arab Emirates,Year,2004,FALSE,0,0,EN,2025-12-18T23:00:00.000Z
MALARIA_EST_CASES,Estimated number of malaria cases,text,EMR,Eastern Mediterranean,Country,MAR,Morocco,Year,2004,FALSE,1,1,EN,2025-12-18T23:00:00.000Z
MALARIA_EST_CASES,Estimated number of malaria cases,text,EMR,Eastern Mediterranean,Country,SYR,Syrian Arab Republic,Year,2004,FALSE,1,1,EN,2025-12-18T23:00:00.000Z
MALARIA_EST_CASES,Estimated number of malaria cases,text,AFR,Africa,Country,RWA,Rwanda,Year,2004,FALSE,1078659,1 078 659 [405 000-1 815 000],EN,2025-12-18T23:00:00.000Z
MALARIA_EST_CASES,Estimated number of malaria cases,text,WPR,Western Pacific,Country,IDN,Indonesia,Year,2004,FALSE,1087185,1 087 185 [982 000-1 212 000],EN,2025-12-18T23:00:00.000Z
MALARIA_EST_CASES,Estimated number of malaria cases,text,AFR,Africa,Country,COG,Congo,Year,2004,FALSE,1161632,1 161 632 [745 000-1 715 000],EN,2025-12-18T23:00:00.000Z
MALARIA_EST_CASES,Estimated number of malaria cases,text,EMR,Eastern Mediterranean,Country,SOM,Somalia,Year,2004,FALSE,1241167,1 241 167 [884 000-1 687 000],EN,2025-12-18T23:00:00.000Z
MALARIA_EST_CASES,Estimated number of malaria cases,text,AFR,Africa,Country,LBR,Liberia,Year,2004,FALSE,1282098,1 282 098 [874 000-1 818 000],EN,2025-12-18T23:00:00.000Z
MALARIA_EST_CASES,Estimated number of malaria cases,text,SEAR,South-East Asia,Country,MMR,Myanmar,Year,2004,FALSE,1410800,1 410 800 [985 000-2 089 000],EN,2025-12-18T23:00:00.000Z
MALARIA_EST_CASES,Estimated number of malaria cases,text,AFR,Africa,Country,SEN,Senegal,Year,2004,FALSE,1418032,1 418 032 [308 000-2 643 000],EN,2025-12-18T23:00:00.000Z
MALARIA_EST_CASES,Estimated number of malaria cases,text,EMR,Eastern Mediterranean,Country,SDN,Sudan,Year,2004,FALSE,1658470,1 658 470 [1 131 000-2 337 000],EN,2025-12-18T23:00:00.000Z
MALARIA_EST_CASES,Estimated number of malaria cases,text,WPR,Western Pacific,Country,PNG,Papua New Guinea,Year,2004,FALSE,1708217,1 708 217 [568 000-3 044 000],EN,2025-12-18T23:00:00.000Z
MALARIA_EST_CASES,Estimated number of malaria cases,text,AFR,Africa,Country,CAF,Central African Republic,Year,2004,FALSE,1934032,1 934 032 [1 199 000-2 969 000],EN,2025-12-18T23:00:00.000Z
MALARIA_EST_CASES,Estimated number of malaria cases,text,AFR,Africa,Country,TZA,United Republic of Tanzania,Year,2004,FALSE,10097043,10 097 043 [7 884 000-12 780 000],EN,2025-12-18T23:00:00.000Z
MALARIA_EST_CASES,Estimated number of malaria cases,text,SEAR,South-East Asia,Country,BGD,Bangladesh,Year,2004,FALSE,101902,101 902 [44 000-165 000],EN,2025-12-18T23:00:00.000Z
MALARIA_EST_CASES,Estimated number of malaria cases,text,AFR,Africa,Country,NAM,Namibia,Year,2004,FALSE,105493,105 493 [52 000-201 000],EN,2025-12-18T23:00:00.000Z
MALARIA_EST_CASES,Estimated number of malaria cases,text,AMR,Americas,Country,BLZ,Belize,Year,2004,FALSE,1066,1066,EN,2025-12-18T23:00:00.000Z
MALARIA_EST_CASES,Estimated number of malaria cases,text,AFR,Africa,Country,ETH,Ethiopia,Year,2004,FALSE,11271667,11 271 667 [4 042 000-33 750 000],EN,2025-12-18T23:00:00.000Z
MALARIA_EST_CASES,Estimated number of malaria cases,text,AMR,Americas,Country,SLV,El Salvador,Year,2004,FALSE,112,112,EN,2025-12-18T23:00:00.000Z
MALARIA_EST_CASES,Estimated number of malaria cases,text,AMR,Americas,Country,PER,Peru,Year,2004,FALSE,115387,115 387 [98 000-134 000],EN,2025-12-18T23:00:00.000Z
MALARIA_EST_CASES,Estimated number of malaria cases,text,AMR,Americas,Country,ARG,Argentina,Year,2004,FALSE,116,116,EN,2025-12-18T23:00:00.000Z
MALARIA_EST_CASES,Estimated number of malaria cases,text,AFR,Africa,Country,UGA,Uganda,Year,2004,FALSE,12023589,12 023 589 [9 324 000-15 320 000],EN,2025-12-18T23:00:00.000Z
MALARIA_EST_CASES,Estimated number of malaria cases,text,AFR,Africa,Country,BWA,Botswana,Year,2004,FALSE,1218,1218 [250-3600],EN,2025-12-18T23:00:00.000Z
MALARIA_EST_CASES,Estimated number of malaria cases,text,EMR,Eastern Mediterranean,Country,SAU,Saudi Arabia,Year,2004,FALSE,1232,1232,EN,2025-12-18T23:00:00.000Z
MALARIA_EST_CASES,Estimated number of malaria cases,text,AMR,Americas,Country,CRI,Costa Rica,Year,2004,FALSE,1289,1289,EN,2025-12-18T23:00:00.000Z
MALARIA_EST_CASES,Estimated number of malaria cases,text,AFR,Africa,Country,ZAF,South Africa,Year,2004,FALSE,13399,13 399,EN,2025-12-18T23:00:00.000Z
MALARIA_EST_CASES,Estimated number of malaria cases,text,EMR,Eastern Mediterranean,Country,IRN,Iran (Islamic Republic of),Year,2004,FALSE,13821,13 821,EN,2025-12-18T23:00:00.000Z
MALARIA_EST_CASES,Estimated number of malaria cases,text,AFR,Africa,Country,ERI,Eritrea,Year,2004,FALSE,15093,15 093 [7500-26 000],EN,2025-12-18T23:00:00.000Z
MALARIA_EST_CASES,Estimated number of malaria cases,text,SEAR,South-East Asia,Country,PRK,Democratic People's Republic of Korea,Year,2004,FALSE,15827,15 827,EN,2025-12-18T23:00:00.000Z
MALARIA_EST_CASES,Estimated number of malaria cases,text,EMR,Eastern Mediterranean,Country,IRQ,Iraq,Year,2004,FALSE,155,155,EN,2025-12-18T23:00:00.000Z
MALARIA_EST_CASES,Estimated number of malaria cases,text,AFR,Africa,Country,GNB,Guinea-Bissau,Year,2004,FALSE,163608,163 608 [73 000-320 000],EN,2025-12-18T23:00:00.000Z
MALARIA_EST_CASES,Estimated number of malaria cases,text,EMR,Eastern Mediterranean,Country,DJI,Djibouti,Year,2004,FALSE,1903,1903,EN,2025-12-18T23:00:00.000Z
MALARIA_EST_CASES,Estimated number of malaria cases,text,AMR,Americas,Country,COL,Colombia,Year,2004,FALSE,197464,197 464 [151 000-246 000],EN,2025-12-18T23:00:00.000Z
MALARIA_EST_CASES,Estimated number of malaria cases,text,AFR,Africa,Country,DZA,Algeria,Year,2004,FALSE,2,2,EN,2025-12-18T23:00:00.000Z
MALARIA_EST_CASES,Estimated number of malaria cases,text,AFR,Africa,Country,BDI,Burundi,Year,2004,FALSE,2163756,2 163 756 [1 601 000-2 858 000],EN,2025-12-18T23:00:00.000Z
MALARIA_EST_CASES,Estimated number of malaria cases,text,AFR,Africa,Country,SLE,Sierra Leone,Year,2004,FALSE,2171163,2 171 163 [1 461 000-3 100 000],EN,2025-12-18T23:00:00.000Z
MALARIA_EST_CASES,Estimated number of malaria cases,text,AFR,Africa,Country,SSD,South Sudan,Year,2004,FALSE,2281992,2 281 992 [1 534 000-3 284 000],EN,2025-12-18T23:00:00.000Z
MALARIA_EST_CASES,Estimated number of malaria cases,text,AFR,Africa,Country,TCD,Chad,Year,2004,FALSE,2329146,2 329 146 [1 310 000-3 874 000],EN,2025-12-18T23:00:00.000Z
MALARIA_EST_CASES,Estimated number of malaria cases,text,AFR,Africa,Country,TGO,Togo,Year,2004,FALSE,2726770,2 726 770 [2 158 000-3 394 000],EN,2025-12-18T23:00:00.000Z
MALARIA_EST_CASES,Estimated number of malaria cases,text,AMR,Americas,Country,BOL,Bolivia (Plurinational State of),Year,2004,FALSE,20206,20 206 [16 000-25 000],EN,2025-12-18T23:00:00.000Z
MALARIA_EST_CASES,Estimated number of malaria cases,text,SEAR,South-East Asia,Country,IND,India,Year,2004,FALSE,23090987,23 090 987 [17 790 000-30 220 000],EN,2025-12-18T23:00:00.000Z
MALARIA_EST_CASES,Estimated number of malaria cases,text,SEAR,South-East Asia,Country,TLS,Timor-Leste,Year,2004,FALSE,234045,234 045 [142 000-326 000],EN,2025-12-18T23:00:00.000Z
MALARIA_EST_CASES,Estimated number of malaria cases,text,AFR,Africa,Country,MRT,Mauritania,Year,2004,FALSE,247772,247 772 [89 000-478 000],EN,2025-12-18T23:00:00.000Z
MALARIA_EST_CASES,Estimated number of malaria cases,text,AMR,Americas,Country,HND,Honduras,Year,2004,FALSE,25353,25 353 [18 000-33 000],EN,2025-12-18T23:00:00.000Z
MALARIA_EST_CASES,Estimated number of malaria cases,text,EUR,Europe,Country,GEO,Georgia,Year,2004,FALSE,257,257,EN,2025-12-18T23:00:00.000Z
MALARIA_EST_CASES,Estimated number of malaria cases,text,AFR,Africa,Country,COD,Democratic Republic of the Congo,Year,2004,FALSE,26653386,26 653 386 [21 380 000-32 910 000],EN,2025-12-18T23:00:00.000Z
MALARIA_EST_CASES,Estimated number of malaria cases,text,SEAR,South-East Asia,Country,THA,Thailand,Year,2004,FALSE,26690,26 690,EN,2025-12-18T23:00:00.000Z
MALARIA_EST_CASES,Estimated number of malaria cases,text,SEAR,South-East Asia,Country,BTN,Bhutan,Year,2004,FALSE,2670,2670,EN,2025-12-18T23:00:00.000Z
MALARIA_EST_CASES,Estimated number of malaria cases,text,WPR,Western Pacific,Country,CHN,China,Year,2004,FALSE,27197,27 197,EN,2025-12-18T23:00:00.000Z
MALARIA_EST_CASES,Estimated number of malaria cases,text,AFR,Africa,Country,GAB,Gabon,Year,2004,FALSE,279571,279 571 [177 000-422 000],EN,2025-12-18T23:00:00.000Z
MALARIA_EST_CASES,Estimated number of malaria cases,text,AMR,Americas,Country,ECU,Ecuador,Year,2004,FALSE,28730,28 730,EN,2025-12-18T23:00:00.000Z
MALARIA_EST_CASES,Estimated number of malaria cases,text,EUR,Europe,Country,TKM,Turkmenistan,Year,2004,FALSE,3,3,EN,2025-12-18T23:00:00.000Z
MALARIA_EST_CASES,Estimated number of malaria cases,text,AFR,Africa,Country,ZMB,Zambia,Year,2004,FALSE,3411557,3 411 557 [2 691 000-4 276 000],EN,2025-12-18T23:00:00.000Z
MALARIA_EST_CASES,Estimated number of malaria cases,text,AFR,Africa,Country,GIN,Guinea,Year,2004,FALSE,3854890,3 854 890 [2 760 000-5 231 000],EN,2025-12-18T23:00:00.000Z
MALARIA_EST_CASES,Estimated number of malaria cases,text,WPR,Western Pacific,Country,VUT,Vanuatu,Year,2004,FALSE,30560,30 560 [21 000-41 000],EN,2025-12-18T23:00:00.000Z
MALARIA_EST_CASES,Estimated number of malaria cases,text,AMR,Americas,Country,DOM,Dominican Republic,Year,2004,FALSE,3046,3046 [2500-3600],EN,2025-12-18T23:00:00.000Z
MALARIA_EST_CASES,Estimated number of malaria cases,text,AFR,Africa,Country,GNQ,Equatorial Guinea,Year,2004,FALSE,311580,311 580 [225 000-423 000],EN,2025-12-18T23:00:00.000Z
MALARIA_EST_CASES,Estimated number of malaria cases,text,WPR,Western Pacific,Country,SLB,Solomon Islands,Year,2004,FALSE,337823,337 823 [188 000-546 000],EN,2025-12-18T23:00:00.000Z
MALARIA_EST_CASES,Estimated number of malaria cases,text,AMR,Americas,Country,GTM,Guatemala,Year,2004,FALSE,34124,34 124 [30 000-40 000],EN,2025-12-18T23:00:00.000Z
MALARIA_EST_CASES,Estimated number of malaria cases,text,SEAR,South-East Asia,Country,NPL,Nepal,Year,2004,FALSE,34773,34 773 [15 000-77 000],EN,2025-12-18T23:00:00.000Z
MALARIA_EST_CASES,Estimated number of malaria cases,text,AMR,Americas,Country,MEX,Mexico,Year,2004,FALSE,3406,3406,EN,2025-12-18T23:00:00.000Z
MALARIA_EST_CASES,Estimated number of malaria cases,text,AFR,Africa,Country,COM,Comoros,Year,2004,FALSE,35601,35 601,EN,2025-12-18T23:00:00.000Z
MALARIA_EST_CASES,Estimated number of malaria cases,text,AMR,Americas,Country,GUF,French Guiana,Year,2004,FALSE,3580,3580 [3200-4200],EN,2025-12-18T23:00:00.000Z
MALARIA_EST_CASES,Estimated number of malaria cases,text,EUR,Europe,Country,TJK,Tajikistan,Year,2004,FALSE,3588,3588,EN,2025-12-18T23:00:00.000Z
MALARIA_EST_CASES,Estimated number of malaria cases,text,SEAR,South-East Asia,Country,LKA,Sri Lanka,Year,2004,FALSE,3720,3720,EN,2025-12-18T23:00:00.000Z
MALARIA_EST_CASES,Estimated number of malaria cases,text,EUR,Europe,Country,AZE,Azerbaijan,Year,2004,FALSE,386,386,EN,2025-12-18T23:00:00.000Z
MALARIA_EST_CASES,Estimated number of malaria cases,text,AFR,Africa,Country,NER,Niger,Year,2004,FALSE,4016648,4 016 648 [2 525 000-6 010 000],EN,2025-12-18T23:00:00.000Z
MALARIA_EST_CASES,Estimated number of malaria cases,text,AFR,Africa,Country,BEN,Benin,Year,2004,FALSE,4043263,4 043 263 [3 205 000-4 990 000],EN,2025-12-18T23:00:00.000Z
MALARIA_EST_CASES,Estimated number of malaria cases,text,AFR,Africa,Country,MWI,Malawi,Year,2004,FALSE,4706808,4 706 808 [3 750 000-5 816 000],EN,2025-12-18T23:00:00.000Z
MALARIA_EST_CASES,Estimated number of malaria cases,text,WPR,Western Pacific,Country,LAO,Lao People's Democratic Republic,Year,2004,FALSE,40333,40 333 [28 000-56 000],EN,2025-12-18T23:00:00.000Z
MALARIA_EST_CASES,Estimated number of malaria cases,text,AMR,Americas,Country,GUY,Guyana,Year,2004,FALSE,40416,40 416 [33 000-48 000],EN,2025-12-18T23:00:00.000Z
MALARIA_EST_CASES,Estimated number of malaria cases,text,WPR,Western Pacific,Country,KHM,Cambodia,Year,2004,FALSE,403094,403 094 [328 000-496 000],EN,2025-12-18T23:00:00.000Z
MALARIA_EST_CASES,Estimated number of malaria cases,text,AFR,Africa,Country,GMB,Gambia,Year,2004,FALSE,449504,449 504 [331 000-584 000],EN,2025-12-18T23:00:00.000Z
MALARIA_EST_CASES,Estimated number of malaria cases,text,AFR,Africa,Country,CPV,Cabo Verde,Year,2004,FALSE,45,45,EN,2025-12-18T23:00:00.000Z
MALARIA_EST_CASES,Estimated number of malaria cases,text,AFR,Africa,Country,STP,Sao Tome and Principe,Year,2004,FALSE,46486,46 486,EN,2025-12-18T23:00:00.000Z
MALARIA_EST_CASES,Estimated number of malaria cases,text,EUR,Europe,Country,ARM,Armenia,Year,2004,FALSE,47,47,EN,2025-12-18T23:00:00.000Z
MALARIA_EST_CASES,Estimated number of malaria cases,text,AFR,Africa,Country,MLI,Mali,Year,2004,FALSE,5475357,5 475 357 [3 741 000-7 761 000],EN,2025-12-18T23:00:00.000Z
MALARIA_EST_CASES,Estimated number of malaria cases,text,AFR,Africa,Country,AGO,Angola,Year,2004,FALSE,5815364,5 815 364 [4 100 000-8 045 000],EN,2025-12-18T23:00:00.000Z
MALARIA_EST_CASES,Estimated number of malaria cases,text,AMR,Americas,Country,BRA,Brazil,Year,2004,FALSE,516739,516 739 [481 000-562 000],EN,2025-12-18T23:00:00.000Z
MALARIA_EST_CASES,Estimated number of malaria cases,text,EUR,Europe,Country,TUR,Türkiye,Year,2004,FALSE,5302,5302,EN,2025-12-18T23:00:00.000Z
MALARIA_EST_CASES,Estimated number of malaria cases,text,AMR,Americas,Country,PAN,Panama,Year,2004,FALSE,5365,5365 [5200-5700],EN,2025-12-18T23:00:00.000Z
MALARIA_EST_CASES,Estimated number of malaria cases,text,AMR,Americas,Country,VEN,Venezuela (Bolivarian Republic of),Year,2004,FALSE,54984,54 984 [49 000-65 000],EN,2025-12-18T23:00:00.000Z
MALARIA_EST_CASES,Estimated number of malaria cases,text,AFR,Africa,Country,NGA,Nigeria,Year,2004,FALSE,55028747,55 028 747 [43 690 000-68 160 000],EN,2025-12-18T23:00:00.000Z
MALARIA_EST_CASES,Estimated number of malaria cases,text,WPR,Western Pacific,Country,VNM,Viet Nam,Year,2004,FALSE,56559,56 559 [46 000-72 000],EN,2025-12-18T23:00:00.000Z
MALARIA_EST_CASES,Estimated number of malaria cases,text,AFR,Africa,Country,SWZ,Eswatini,Year,2004,FALSE,574,574,EN,2025-12-18T23:00:00.000Z
MALARIA_EST_CASES,Estimated number of malaria cases,text,AFR,Africa,Country,KEN,Kenya,Year,2004,FALSE,6401876,6 401 876 [4 831 000-8 338 000],EN,2025-12-18T23:00:00.000Z
MALARIA_EST_CASES,Estimated number of malaria cases,text,WPR,Western Pacific,Country,MYS,Malaysia,Year,2004,FALSE,6154,6154,EN,2025-12-18T23:00:00.000Z
MALARIA_EST_CASES,Estimated number of malaria cases,text,EUR,Europe,Country,UZB,Uzbekistan,Year,2004,FALSE,66,66,EN,2025-12-18T23:00:00.000Z
MALARIA_EST_CASES,Estimated number of malaria cases,text,EMR,Eastern Mediterranean,Country,PAK,Pakistan,Year,2004,FALSE,683580,683 580 [381 000-1 334 000],EN,2025-12-18T23:00:00.000Z
MALARIA_EST_CASES,Estimated number of malaria cases,text,AMR,Americas,Country,PRY,Paraguay,Year,2004,FALSE,692,692,EN,2025-12-18T23:00:00.000Z
MALARIA_EST_CASES,Estimated number of malaria cases,text,AFR,Africa,Country,CMR,Cameroon,Year,2004,FALSE,7287579,7 287 579 [5 773 000-9 156 000],EN,2025-12-18T23:00:00.000Z
MALARIA_EST_CASES,Estimated number of malaria cases,text,AFR,Africa,Country,GHA,Ghana,Year,2004,FALSE,7439832,7 439 832 [5 909 000-9 222 000],EN,2025-12-18T23:00:00.000Z
MALARIA_EST_CASES,Estimated number of malaria cases,text,AFR,Africa,Country,BFA,Burkina Faso,Year,2004,FALSE,7546925,7 546 925 [6 050 000-9 280 000],EN,2025-12-18T23:00:00.000Z
MALARIA_EST_CASES,Estimated number of malaria cases,text,EMR,Eastern Mediterranean,Country,AFG,Afghanistan,Year,2004,FALSE,716954,716 954 [480 000-1 072 000],EN,2025-12-18T23:00:00.000Z
MALARIA_EST_CASES,Estimated number of malaria cases,text,AFR,Africa,Country,MYT,Mayotte,Year,2004,FALSE,743,743 [743-743],EN,2025-12-18T23:00:00.000Z
MALARIA_EST_CASES,Estimated number of malaria cases,text,AMR,Americas,Country,HTI,Haiti,Year,2004,FALSE,77327,77 327 [44 000-125 000],EN,2025-12-18T23:00:00.000Z
MALARIA_EST_CASES,Estimated number of malaria cases,text,AFR,Africa,Country,MDG,Madagascar,Year,2004,FALSE,834134,834 134 [30 000-1 888 000],EN,2025-12-18T23:00:00.000Z
MALARIA_EST_CASES,Estimated number of malaria cases,text,AMR,Americas,Country,SUR,Suriname,Year,2004,FALSE,8378,8378,EN,2025-12-18T23:00:00.000Z
MALARIA_EST_CASES,Estimated number of malaria cases,text,WPR,Western Pacific,Country,KOR,Republic of Korea,Year,2004,FALSE,864,864,EN,2025-12-18T23:00:00.000Z
MALARIA_EST_CASES,Estimated number of malaria cases,text,AMR,Americas,Country,NIC,Nicaragua,Year,2004,FALSE,8735,8735 [7300-10 000],EN,2025-12-18T23:00:00.000Z
MALARIA_EST_CASES,Estimated number of malaria cases,text,AFR,Africa,Country,MOZ,Mozambique,Year,2004,FALSE,9112751,9 112 751 [7 379 000-11 020 000],EN,2025-12-18T23:00:00.000Z
MALARIA_EST_CASES,Estimated number of malaria cases,text,AFR,Africa,Country,CIV,Cote d'Ivoire,Year,2004,FALSE,9804501,9 804 501 [7 982 000-11 880 000],EN,2025-12-18T23:00:00.000Z
MALARIA_EST_CASES,Estimated number of malaria cases,text,EUR,Europe,Country,KGZ,Kyrgyzstan,Year,2004,FALSE,91,91,EN,2025-12-18T23:00:00.000Z
MALARIA_EST_CASES,Estimated number of malaria cases,text,WPR,Western Pacific,Country,PHL,Philippines,Year,2004,FALSE,91225,91 225 [67 000-119 000],EN,2025-12-18T23:00:00.000Z
MALARIA_EST_CASES,Estimated number of malaria cases,text,EMR,Eastern Mediterranean,Country,YEM,Yemen,Year,2004,FALSE,956179,956 179 [440 000-4 499 000],EN,2025-12-18T23:00:00.000Z
MALARIA_EST_CASES,Estimated number of malaria cases,text,AFR,Africa,Country,ZWE,Zimbabwe,Year,2004,FALSE,998929,998 929 [214 000-2 448 000],EN,2025-12-18T23:00:00.000Z
MALARIA_EST_CASES,Estimated number of malaria cases,text,EMR,Eastern Mediterranean,Country,EGY,Egypt,Year,2003,FALSE,0,0,EN,2025-12-18T23:00:00.000Z
MALARIA_EST_CASES,Estimated number of malaria cases,text,EUR,Europe,Country,KAZ,Kazakhstan,Year,2003,FALSE,0,0,EN,2025-12-18T23:00:00.000Z
MALARIA_EST_CASES,Estimated number of malaria cases,text,EMR,Eastern Mediterranean,Country,ARE,United Arab Emirates,Year,2003,FALSE,0,0,EN,2025-12-18T23:00:00.000Z
MALARIA_EST_CASES,Estimated number of malaria cases,text,AFR,Africa,Country,COG,Congo,Year,2003,FALSE,1129894,1 129 894 [739 000-1 641 000],EN,2025-12-18T23:00:00.000Z
MALARIA_EST_CASES,Estimated number of malaria cases,text,AFR,Africa,Country,MDG,Madagascar,Year,2003,FALSE,1180072,1 180 072 [27 000-2 677 000],EN,2025-12-18T23:00:00.000Z
MALARIA_EST_CASES,Estimated number of malaria cases,text,EMR,Eastern Mediterranean,Country,YEM,Yemen,Year,2003,FALSE,1188478,1 188 478 [499 000-5 189 000],EN,2025-12-18T23:00:00.000Z
MALARIA_EST_CASES,Estimated number of malaria cases,text,WPR,Western Pacific,Country,IDN,Indonesia,Year,2003,FALSE,1189126,1 189 126 [983 000-1 460 000],EN,2025-12-18T23:00:00.000Z
MALARIA_EST_CASES,Estimated number of malaria cases,text,AFR,Africa,Country,RWA,Rwanda,Year,2003,FALSE,1195476,1 195 476 [615 000-1 880 000],EN,2025-12-18T23:00:00.000Z
MALARIA_EST_CASES,Estimated number of malaria cases,text,EMR,Eastern Mediterranean,Country,AFG,Afghanistan,Year,2003,FALSE,1242906,1 242 906 [810 000-1 916 000],EN,2025-12-18T23:00:00.000Z
MALARIA_EST_CASES,Estimated number of malaria cases,text,EMR,Eastern Mediterranean,Country,SOM,Somalia,Year,2003,FALSE,1309916,1 309 916 [851 000-1 917 000],EN,2025-12-18T23:00:00.000Z
MALARIA_EST_CASES,Estimated number of malaria cases,text,AFR,Africa,Country,LBR,Liberia,Year,2003,FALSE,1320231,1 320 231 [922 000-1 828 000],EN,2025-12-18T23:00:00.000Z
MALARIA_EST_CASES,Estimated number of malaria cases,text,WPR,Western Pacific,Country,PNG,Papua New Guinea,Year,2003,FALSE,1333205,1 333 205 [421 000-2 450 000],EN,2025-12-18T23:00:00.000Z
MALARIA_EST_CASES,Estimated number of malaria cases,text,SEAR,South-East Asia,Country,MMR,Myanmar,Year,2003,FALSE,1398763,1 398 763 [973 000-2 061 000],EN,2025-12-18T23:00:00.000Z
MALARIA_EST_CASES,Estimated number of malaria cases,text,AFR,Africa,Country,SEN,Senegal,Year,2003,FALSE,1802075,1 802 075 [726 000-2 817 000],EN,2025-12-18T23:00:00.000Z
MALARIA_EST_CASES,Estimated number of malaria cases,text,EMR,Eastern Mediterranean,Country,SDN,Sudan,Year,2003,FALSE,1806443,1 806 443 [1 244 000-2 535 000],EN,2025-12-18T23:00:00.000Z
MALARIA_EST_CASES,Estimated number of malaria cases,text,AFR,Africa,Country,CAF,Central African Republic,Year,2003,FALSE,1867878,1 867 878 [1 137 000-2 879 000],EN,2025-12-18T23:00:00.000Z
MALARIA_EST_CASES,Estimated number of malaria cases,text,AFR,Africa,Country,TZA,United Republic of Tanzania,Year,2003,FALSE,10335118,10 335 118 [8 017 000-13 060 000],EN,2025-12-18T23:00:00.000Z
MALARIA_EST_CASES,Estimated number of malaria cases,text,AFR,Africa,Country,ETH,Ethiopia,Year,2003,FALSE,10490089,10 490 089 [4 331 000-25 010 000],EN,2025-12-18T23:00:00.000Z
MALARIA_EST_CASES,Estimated number of malaria cases,text,SEAR,South-East Asia,Country,LKA,Sri Lanka,Year,2003,FALSE,10510,10 510,EN,2025-12-18T23:00:00.000Z
MALARIA_EST_CASES,Estimated number of malaria cases,text,AMR,Americas,Country,SUR,Suriname,Year,2003,FALSE,10982,10 982,EN,2025-12-18T23:00:00.000Z
MALARIA_EST_CASES,Estimated number of malaria cases,text,WPR,Western Pacific,Country,PHL,Philippines,Year,2003,FALSE,100493,100 493 [76 000-128 000],EN,2025-12-18T23:00:00.000Z
MALARIA_EST_CASES,Estimated number of malaria cases,text,SEAR,South-East Asia,Country,BGD,Bangladesh,Year,2003,FALSE,100524,100 524 [44 000-159 000],EN,2025-12-18T23:00:00.000Z
MALARIA_EST_CASES,Estimated number of malaria cases,text,AMR,Americas,Country,PER,Peru,Year,2003,FALSE,111816,111 816 [93 000-132 000],EN,2025-12-18T23:00:00.000Z
MALARIA_EST_CASES,Estimated number of malaria cases,text,WPR,Western Pacific,Country,KOR,Republic of Korea,Year,2003,FALSE,1171,1171,EN,2025-12-18T23:00:00.000Z
MALARIA_EST_CASES,Estimated number of malaria cases,text,AFR,Africa,Country,UGA,Uganda,Year,2003,FALSE,12632227,12 632 227 [10 050 000-15 660 000],EN,2025-12-18T23:00:00.000Z
MALARIA_EST_CASES,Estimated number of malaria cases,text,AMR,Americas,Country,ARG,Argentina,Year,2003,FALSE,124,124,EN,2025-12-18T23:00:00.000Z
MALARIA_EST_CASES,Estimated number of malaria cases,text,AFR,Africa,Country,ZAF,South Africa,Year,2003,FALSE,13459,13 459,EN,2025-12-18T23:00:00.000Z
MALARIA_EST_CASES,Estimated number of malaria cases,text,AMR,Americas,Country,BLZ,Belize,Year,2003,FALSE,1324,1324,EN,2025-12-18T23:00:00.000Z
MALARIA_EST_CASES,Estimated number of malaria cases,text,AMR,Americas,Country,PRY,Paraguay,Year,2003,FALSE,1388,1388,EN,2025-12-18T23:00:00.000Z
MALARIA_EST_CASES,Estimated number of malaria cases,text,SEAR,South-East Asia,Country,PRK,Democratic People's Republic of Korea,Year,2003,FALSE,16538,16 538,EN,2025-12-18T23:00:00.000Z
MALARIA_EST_CASES,Estimated number of malaria cases,text,EMR,Eastern Mediterranean,Country,SAU,Saudi Arabia,Year,2003,FALSE,1724,1724,EN,2025-12-18T23:00:00.000Z
MALARIA_EST_CASES,Estimated number of malaria cases,text,AFR,Africa,Country,BWA,Botswana,Year,2003,FALSE,1864,1864 [750-4500],EN,2025-12-18T23:00:00.000Z
MALARIA_EST_CASES,Estimated number of malaria cases,text,EMR,Eastern Mediterranean,Country,DJI,Djibouti,Year,2003,FALSE,1874,1874,EN,2025-12-18T23:00:00.000Z
MALARIA_EST_CASES,Estimated number of malaria cases,text,AMR,Americas,Country,DOM,Dominican Republic,Year,2003,FALSE,1983,1983 [1600-2400],EN,2025-12-18T23:00:00.000Z
MALARIA_EST_CASES,Estimated number of malaria cases,text,EMR,Eastern Mediterranean,Country,SYR,Syrian Arab Republic,Year,2003,FALSE,2,2,EN,2025-12-18T23:00:00.000Z
MALARIA_EST_CASES,Estimated number of malaria cases,text,AFR,Africa,Country,SLE,Sierra Leone,Year,2003,FALSE,2145109,2 145 109 [1 458 000-3 045 000],EN,2025-12-18T23:00:00.000Z
MALARIA_EST_CASES,Estimated number of malaria cases,text,AFR,Africa,Country,TCD,Chad,Year,2003,FALSE,2255307,2 255 307 [1 276 000-3 740 000],EN,2025-12-18T23:00:00.000Z
MALARIA_EST_CASES,Estimated number of malaria cases,text,AFR,Africa,Country,SSD,South Sudan,Year,2003,FALSE,2276524,2 276 524 [1 576 000-3 156 000],EN,2025-12-18T23:00:00.000Z
MALARIA_EST_CASES,Estimated number of malaria cases,text,AFR,Africa,Country,BDI,Burundi,Year,2003,FALSE,2418956,2 418 956 [1 813 000-3 154 000],EN,2025-12-18T23:00:00.000Z
MALARIA_EST_CASES,Estimated number of malaria cases,text,AFR,Africa,Country,TGO,Togo,Year,2003,FALSE,2588469,2 588 469 [2 002 000-3 280 000],EN,2025-12-18T23:00:00.000Z
MALARIA_EST_CASES,Estimated number of malaria cases,text,AMR,Americas,Country,HND,Honduras,Year,2003,FALSE,20706,20 706 [15 000-27 000],EN,2025-12-18T23:00:00.000Z
MALARIA_EST_CASES,Estimated number of malaria cases,text,SEAR,South-East Asia,Country,IND,India,Year,2003,FALSE,21160827,21 160 827 [16 530 000-27 120 000],EN,2025-12-18T23:00:00.000Z
MALARIA_EST_CASES,Estimated number of malaria cases,text,EMR,Eastern Mediterranean,Country,IRN,Iran (Islamic Republic of),Year,2003,FALSE,23562,23 562,EN,2025-12-18T23:00:00.000Z
MALARIA_EST_CASES,Estimated number of malaria cases,text,WPR,Western Pacific,Country,SLB,Solomon Islands,Year,2003,FALSE,239181,239 181 [168 000-346 000],EN,2025-12-18T23:00:00.000Z
MALARIA_EST_CASES,Estimated number of malaria cases,text,AFR,Africa,Country,GNB,Guinea-Bissau,Year,2003,FALSE,240402,240 402 [123 000-420 000],EN,2025-12-18T23:00:00.000Z
MALARIA_EST_CASES,Estimated number of malaria cases,text,AFR,Africa,Country,COD,Democratic Republic of the Congo,Year,2003,FALSE,25865414,25 865 414 [20 770 000-31 980 000],EN,2025-12-18T23:00:00.000Z
MALARIA_EST_CASES,Estimated number of malaria cases,text,AMR,Americas,Country,COL,Colombia,Year,2003,FALSE,254224,254 224 [192 000-318 000],EN,2025-12-18T23:00:00.000Z
MALARIA_EST_CASES,Estimated number of malaria cases,text,AFR,Africa,Country,MRT,Mauritania,Year,2003,FALSE,269014,269 014 [118 000-554 000],EN,2025-12-18T23:00:00.000Z
MALARIA_EST_CASES,Estimated number of malaria cases,text,AMR,Americas,Country,BOL,Bolivia (Plurinational State of),Year,2003,FALSE,27568,27 568 [22 000-34 000],EN,2025-12-18T23:00:00.000Z
MALARIA_EST_CASES,Estimated number of malaria cases,text,WPR,Western Pacific,Country,CHN,China,Year,2003,FALSE,28491,28 491,EN,2025-12-18T23:00:00.000Z
MALARIA_EST_CASES,Estimated number of malaria cases,text,AFR,Africa,Country,GNQ,Equatorial Guinea,Year,2003,FALSE,282158,282 158 [195 000-396 000],EN,2025-12-18T23:00:00.000Z
MALARIA_EST_CASES,Estimated number of malaria cases,text,EUR,Europe,Country,ARM,Armenia,Year,2003,FALSE,29,29,EN,2025-12-18T23:00:00.000Z
MALARIA_EST_CASES,Estimated number of malaria cases,text,AFR,Africa,Country,BEN,Benin,Year,2003,FALSE,3745277,3 745 277 [2 913 000-4 745 000],EN,2025-12-18T23:00:00.000Z
MALARIA_EST_CASES,Estimated number of malaria cases,text,AFR,Africa,Country,GIN,Guinea,Year,2003,FALSE,3771658,3 771 658 [2 666 000-5 159 000],EN,2025-12-18T23:00:00.000Z
MALARIA_EST_CASES,Estimated number of malaria cases,text,AFR,Africa,Country,ZMB,Zambia,Year,2003,FALSE,3822568,3 822 568 [3 016 000-4 783 000],EN,2025-12-18T23:00:00.000Z
MALARIA_EST_CASES,Estimated number of malaria cases,text,AFR,Africa,Country,NER,Niger,Year,2003,FALSE,3825282,3 825 282 [2 266 000-6 086 000],EN,2025-12-18T23:00:00.000Z
MALARIA_EST_CASES,Estimated number of malaria cases,text,EUR,Europe,Country,GEO,Georgia,Year,2003,FALSE,316,316,EN,2025-12-18T23:00:00.000Z
MALARIA_EST_CASES,Estimated number of malaria cases,text,AFR,Africa,Country,SWZ,Eswatini,Year,2003,FALSE,342,342,EN,2025-12-18T23:00:00.000Z
MALARIA_EST_CASES,Estimated number of malaria cases,text,EMR,Eastern Mediterranean,Country,IRQ,Iraq,Year,2003,FALSE,347,347,EN,2025-12-18T23:00:00.000Z
MALARIA_EST_CASES,Estimated number of malaria cases,text,AFR,Africa,Country,COM,Comoros,Year,2003,FALSE,35644,35 644,EN,2025-12-18T23:00:00.000Z
MALARIA_EST_CASES,Estimated number of malaria cases,text,AFR,Africa,Country,GAB,Gabon,Year,2003,FALSE,358082,358 082 [228 000-533 000],EN,2025-12-18T23:00:00.000Z
MALARIA_EST_CASES,Estimated number of malaria cases,text,AMR,Americas,Country,GTM,Guatemala,Year,2003,FALSE,36810,36 810 [33 000-43 000],EN,2025-12-18T23:00:00.000Z
MALARIA_EST_CASES,Estimated number of malaria cases,text,SEAR,South-East Asia,Country,THA,Thailand,Year,2003,FALSE,37355,37 355,EN,2025-12-18T23:00:00.000Z
MALARIA_EST_CASES,Estimated number of malaria cases,text,AMR,Americas,Country,VEN,Venezuela (Bolivarian Republic of),Year,2003,FALSE,37510,37 510 [33 000-44 000],EN,2025-12-18T23:00:00.000Z
MALARIA_EST_CASES,Estimated number of malaria cases,text,AMR,Americas,Country,GUY,Guyana,Year,2003,FALSE,38681,38 681 [32 000-46 000],EN,2025-12-18T23:00:00.000Z
MALARIA_EST_CASES,Estimated number of malaria cases,text,SEAR,South-East Asia,Country,BTN,Bhutan,Year,2003,FALSE,3806,3806,EN,2025-12-18T23:00:00.000Z
MALARIA_EST_CASES,Estimated number of malaria cases,text,AMR,Americas,Country,MEX,Mexico,Year,2003,FALSE,3819,3819,EN,2025-12-18T23:00:00.000Z
MALARIA_EST_CASES,Estimated number of malaria cases,text,EMR,Eastern Mediterranean,Country,MAR,Morocco,Year,2003,FALSE,4,4,EN,2025-12-18T23:00:00.000Z
MALARIA_EST_CASES,Estimated number of malaria cases,text,AFR,Africa,Country,MWI,Malawi,Year,2003,FALSE,4925161,4 925 161 [3 941 000-6 052 000],EN,2025-12-18T23:00:00.000Z
MALARIA_EST_CASES,Estimated number of malaria cases,text,AFR,Africa,Country,STP,Sao Tome and Principe,Year,2003,FALSE,42656,42 656,EN,2025-12-18T23:00:00.000Z
MALARIA_EST_CASES,Estimated number of malaria cases,text,WPR,Western Pacific,Country,VUT,Vanuatu,Year,2003,FALSE,42687,42 687 [28 000-64 000],EN,2025-12-18T23:00:00.000Z
MALARIA_EST_CASES,Estimated number of malaria cases,text,WPR,Western Pacific,Country,LAO,Lao People's Democratic Republic,Year,2003,FALSE,45710,45 710 [32 000-62 000],EN,2025-12-18T23:00:00.000Z
MALARIA_EST_CASES,Estimated number of malaria cases,text,AFR,Africa,Country,GMB,Gambia,Year,2003,FALSE,450016,450 016 [334 000-586 000],EN,2025-12-18T23:00:00.000Z
MALARIA_EST_CASES,Estimated number of malaria cases,text,AMR,Americas,Country,GUF,French Guiana,Year,2003,FALSE,4540,4540 [4000-5300],EN,2025-12-18T23:00:00.000Z
MALARIA_EST_CASES,Estimated number of malaria cases,text,EUR,Europe,Country,KGZ,Kyrgyzstan,Year,2003,FALSE,461,461,EN,2025-12-18T23:00:00.000Z
MALARIA_EST_CASES,Estimated number of malaria cases,text,WPR,Western Pacific,Country,KHM,Cambodia,Year,2003,FALSE,464899,464 899 [364 000-587 000],EN,2025-12-18T23:00:00.000Z
MALARIA_EST_CASES,Estimated number of malaria cases,text,AMR,Americas,Country,BRA,Brazil,Year,2003,FALSE,465651,465 651 [424 000-514 000],EN,2025-12-18T23:00:00.000Z
MALARIA_EST_CASES,Estimated number of malaria cases,text,AMR,Americas,Country,PAN,Panama,Year,2003,FALSE,4739,4739 [4600-5100],EN,2025-12-18T23:00:00.000Z
MALARIA_EST_CASES,Estimated number of malaria cases,text,EUR,Europe,Country,AZE,Azerbaijan,Year,2003,FALSE,480,480,EN,2025-12-18T23:00:00.000Z
MALARIA_EST_CASES,Estimated number of malaria cases,text,AFR,Africa,Country,ERI,Eritrea,Year,2003,FALSE,49490,49 490 [23 000-86 000],EN,2025-12-18T23:00:00.000Z
MALARIA_EST_CASES,Estimated number of malaria cases,text,AFR,Africa,Country,DZA,Algeria,Year,2003,FALSE,5,5,EN,2025-12-18T23:00:00.000Z
MALARIA_EST_CASES,Estimated number of malaria cases,text,AFR,Africa,Country,MLI,Mali,Year,2003,FALSE,5230718,5 230 718 [3 492 000-7 473 000],EN,2025-12-18T23:00:00.000Z
MALARIA_EST_CASES,Estimated number of malaria cases,text,AFR,Africa,Country,AGO,Angola,Year,2003,FALSE,5729203,5 729 203 [3 977 000-7 987 000],EN,2025-12-18T23:00:00.000Z
MALARIA_EST_CASES,Estimated number of malaria cases,text,AMR,Americas,Country,ECU,Ecuador,Year,2003,FALSE,52065,52 065,EN,2025-12-18T23:00:00.000Z
MALARIA_EST_CASES,Estimated number of malaria cases,text,AFR,Africa,Country,NGA,Nigeria,Year,2003,FALSE,52423482,52 423 482 [40 940 000-66 420 000],EN,2025-12-18T23:00:00.000Z
MALARIA_EST_CASES,Estimated number of malaria cases,text,EUR,Europe,Country,TJK,Tajikistan,Year,2003,FALSE,5428,5428,EN,2025-12-18T23:00:00.000Z
MALARIA_EST_CASES,Estimated number of malaria cases,text,EMR,Eastern Mediterranean,Country,OMN,Oman,Year,2003,FALSE,6,6,EN,2025-12-18T23:00:00.000Z
MALARIA_EST_CASES,Estimated number of malaria cases,text,WPR,Western Pacific,Country,MYS,Malaysia,Year,2003,FALSE,6338,6338,EN,2025-12-18T23:00:00.000Z
MALARIA_EST_CASES,Estimated number of malaria cases,text,SEAR,South-East Asia,Country,TLS,Timor-Leste,Year,2003,FALSE,67524,67 524 [57 000-79 000],EN,2025-12-18T23:00:00.000Z
MALARIA_EST_CASES,Estimated number of malaria cases,text,AFR,Africa,Country,NAM,Namibia,Year,2003,FALSE,67564,67 564 [28 000-139 000],EN,2025-12-18T23:00:00.000Z
MALARIA_EST_CASES,Estimated number of malaria cases,text,AFR,Africa,Country,CPV,Cabo Verde,Year,2003,FALSE,68,68,EN,2025-12-18T23:00:00.000Z
MALARIA_EST_CASES,Estimated number of malaria cases,text,EUR,Europe,Country,TKM,Turkmenistan,Year,2003,FALSE,7,7,EN,2025-12-18T23:00:00.000Z
MALARIA_EST_CASES,Estimated number of malaria cases,text,AFR,Africa,Country,CMR,Cameroon,Year,2003,FALSE,7133253,7 133 253 [5 667 000-8 816 000],EN,2025-12-18T23:00:00.000Z
MALARIA_EST_CASES,Estimated number of malaria cases,text,AFR,Africa,Country,KEN,Kenya,Year,2003,FALSE,7408148,7 408 148 [5 845 000-9 233 000],EN,2025-12-18T23:00:00.000Z
MALARIA_EST_CASES,Estimated number of malaria cases,text,AFR,Africa,Country,BFA,Burkina Faso,Year,2003,FALSE,7615906,7 615 906 [6 110 000-9 373 000],EN,2025-12-18T23:00:00.000Z
MALARIA_EST_CASES,Estimated number of malaria cases,text,AFR,Africa,Country,GHA,Ghana,Year,2003,FALSE,7794154,7 794 154 [6 165 000-9 700 000],EN,2025-12-18T23:00:00.000Z
MALARIA_EST_CASES,Estimated number of malaria cases,text,AMR,Americas,Country,CRI,Costa Rica,Year,2003,FALSE,718,718,EN,2025-12-18T23:00:00.000Z
MALARIA_EST_CASES,Estimated number of malaria cases,text,SEAR,South-East Asia,Country,NPL,Nepal,Year,2003,FALSE,72856,72 856 [30 000-150 000],EN,2025-12-18T23:00:00.000Z
MALARIA_EST_CASES,Estimated number of malaria cases,text,EUR,Europe,Country,UZB,Uzbekistan,Year,2003,FALSE,74,74,EN,2025-12-18T23:00:00.000Z
MALARIA_EST_CASES,Estimated number of malaria cases,text,AMR,Americas,Country,HTI,Haiti,Year,2003,FALSE,76022,76 022 [44 000-123 000],EN,2025-12-18T23:00:00.000Z
MALARIA_EST_CASES,Estimated number of malaria cases,text,AFR,Africa,Country,MYT,Mayotte,Year,2003,FALSE,792,792 [792-792],EN,2025-12-18T23:00:00.000Z
MALARIA_EST_CASES,Estimated number of malaria cases,text,AMR,Americas,Country,SLV,El Salvador,Year,2003,FALSE,85,85,EN,2025-12-18T23:00:00.000Z
MALARIA_EST_CASES,Estimated number of malaria cases,text,AMR,Americas,Country,NIC,Nicaragua,Year,2003,FALSE,8507,8507 [7100-10 000],EN,2025-12-18T23:00:00.000Z
MALARIA_EST_CASES,Estimated number of malaria cases,text,AFR,Africa,Country,MOZ,Mozambique,Year,2003,FALSE,9383083,9 383 083 [7 703 000-11 330 000],EN,2025-12-18T23:00:00.000Z
MALARIA_EST_CASES,Estimated number of malaria cases,text,AFR,Africa,Country,CIV,Cote d'Ivoire,Year,2003,FALSE,9746639,9 746 639 [7 941 000-11 870 000],EN,2025-12-18T23:00:00.000Z
MALARIA_EST_CASES,Estimated number of malaria cases,text,EUR,Europe,Country,TUR,Türkiye,Year,2003,FALSE,9222,9222,EN,2025-12-18T23:00:00.000Z
MALARIA_EST_CASES,Estimated number of malaria cases,text,EMR,Eastern Mediterranean,Country,PAK,Pakistan,Year,2003,FALSE,924733,924 733 [397 000-2 161 000],EN,2025-12-18T23:00:00.000Z
MALARIA_EST_CASES,Estimated number of malaria cases,text,WPR,Western Pacific,Country,VNM,Viet Nam,Year,2003,FALSE,96592,96 592 [78 000-124 000],EN,2025-12-18T23:00:00.000Z
MALARIA_EST_CASES,Estimated number of malaria cases,text,AFR,Africa,Country,ZWE,Zimbabwe,Year,2003,FALSE,988139,988 139 [228 000-2 469 000],EN,2025-12-18T23:00:00.000Z
MALARIA_EST_CASES,Estimated number of malaria cases,text,EMR,Eastern Mediterranean,Country,EGY,Egypt,Year,2002,FALSE,0,0,EN,2025-12-18T23:00:00.000Z
MALARIA_EST_CASES,Estimated number of malaria cases,text,EUR,Europe,Country,KAZ,Kazakhstan,Year,2002,FALSE,0,0,EN,2025-12-18T23:00:00.000Z
MALARIA_EST_CASES,Estimated number of malaria cases,text,EMR,Eastern Mediterranean,Country,ARE,United Arab Emirates,Year,2002,FALSE,0,0,EN,2025-12-18T23:00:00.000Z
MALARIA_EST_CASES,Estimated number of malaria cases,text,AFR,Africa,Country,COG,Congo,Year,2002,FALSE,1095840,1 095 840 [720 000-1 601 000],EN,2025-12-18T23:00:00.000Z
MALARIA_EST_CASES,Estimated number of malaria cases,text,WPR,Western Pacific,Country,IDN,Indonesia,Year,2002,FALSE,1173489,1 173 489 [970 000-1 440 000],EN,2025-12-18T23:00:00.000Z
MALARIA_EST_CASES,Estimated number of malaria cases,text,WPR,Western Pacific,Country,PNG,Papua New Guinea,Year,2002,FALSE,1235844,1 235 844 [366 000-2 238 000],EN,2025-12-18T23:00:00.000Z
MALARIA_EST_CASES,Estimated number of malaria cases,text,EMR,Eastern Mediterranean,Country,SOM,Somalia,Year,2002,FALSE,1273736,1 273 736 [746 000-2 025 000],EN,2025-12-18T23:00:00.000Z
MALARIA_EST_CASES,Estimated number of malaria cases,text,AFR,Africa,Country,LBR,Liberia,Year,2002,FALSE,1285980,1 285 980 [864 000-1 828 000],EN,2025-12-18T23:00:00.000Z
MALARIA_EST_CASES,Estimated number of malaria cases,text,EMR,Eastern Mediterranean,Country,YEM,Yemen,Year,2002,FALSE,1307377,1 307 377 [624 000-5 796 000],EN,2025-12-18T23:00:00.000Z
MALARIA_EST_CASES,Estimated number of malaria cases,text,AFR,Africa,Country,RWA,Rwanda,Year,2002,FALSE,1318743,1 318 743 [676 000-2 347 000],EN,2025-12-18T23:00:00.000Z
MALARIA_EST_CASES,Estimated number of malaria cases,text,EMR,Eastern Mediterranean,Country,AFG,Afghanistan,Year,2002,FALSE,1382972,1 382 972 [916 000-2 106 000],EN,2025-12-18T23:00:00.000Z
MALARIA_EST_CASES,Estimated number of malaria cases,text,SEAR,South-East Asia,Country,MMR,Myanmar,Year,2002,FALSE,1385739,1 385 739 [967 000-2 037 000],EN,2025-12-18T23:00:00.000Z
MALARIA_EST_CASES,Estimated number of malaria cases,text,AFR,Africa,Country,SEN,Senegal,Year,2002,FALSE,1642967,1 642 967 [505 000-2 692 000],EN,2025-12-18T23:00:00.000Z
MALARIA_EST_CASES,Estimated number of malaria cases,text,AFR,Africa,Country,CAF,Central African Republic,Year,2002,FALSE,1794109,1 794 109 [1 096 000-2 780 000],EN,2025-12-18T23:00:00.000Z
MALARIA_EST_CASES,Estimated number of malaria cases,text,EMR,Eastern Mediterranean,Country,SDN,Sudan,Year,2002,FALSE,1914527,1 914 527 [1 307 000-2 697 000],EN,2025-12-18T23:00:00.000Z
MALARIA_EST_CASES,Estimated number of malaria cases,text,AFR,Africa,Country,DZA,Algeria,Year,2002,FALSE,10,10,EN,2025-12-18T23:00:00.000Z
MALARIA_EST_CASES,Estimated number of malaria cases,text,EUR,Europe,Country,TUR,Türkiye,Year,2002,FALSE,10224,10 224,EN,2025-12-18T23:00:00.000Z
MALARIA_EST_CASES,Estimated number of malaria cases,text,AFR,Africa,Country,TZA,United Republic of Tanzania,Year,2002,FALSE,10740103,10 740 103 [8 330 000-13 690 000],EN,2025-12-18T23:00:00.000Z
MALARIA_EST_CASES,Estimated number of malaria cases,text,AMR,Americas,Country,CRI,Costa Rica,Year,2002,FALSE,1021,1021,EN,2025-12-18T23:00:00.000Z
MALARIA_EST_CASES,Estimated number of malaria cases,text,SEAR,South-East Asia,Country,TLS,Timor-Leste,Year,2002,FALSE,104357,104 357 [71 000-142 000],EN,2025-12-18T23:00:00.000Z
MALARIA_EST_CASES,Estimated number of malaria cases,text,WPR,Western Pacific,Country,MYS,Malaysia,Year,2002,FALSE,11019,11 019,EN,2025-12-18T23:00:00.000Z
MALARIA_EST_CASES,Estimated number of malaria cases,text,AMR,Americas,Country,BLZ,Belize,Year,2002,FALSE,1134,1134,EN,2025-12-18T23:00:00.000Z
MALARIA_EST_CASES,Estimated number of malaria cases,text,AMR,Americas,Country,SLV,El Salvador,Year,2002,FALSE,117,117,EN,2025-12-18T23:00:00.000Z
MALARIA_EST_CASES,Estimated number of malaria cases,text,AFR,Africa,Country,UGA,Uganda,Year,2002,FALSE,12807776,12 807 776 [10 390 000-15 610 000],EN,2025-12-18T23:00:00.000Z
MALARIA_EST_CASES,Estimated number of malaria cases,text,AMR,Americas,Country,SUR,Suriname,Year,2002,FALSE,12837,12 837,EN,2025-12-18T23:00:00.000Z
MALARIA_EST_CASES,Estimated number of malaria cases,text,AMR,Americas,Country,ARG,Argentina,Year,2002,FALSE,125,125,EN,2025-12-18T23:00:00.000Z
MALARIA_EST_CASES,Estimated number of malaria cases,text,AMR,Americas,Country,PER,Peru,Year,2002,FALSE,128960,128 960 [105 000-154 000],EN,2025-12-18T23:00:00.000Z
MALARIA_EST_CASES,Estimated number of malaria cases,text,WPR,Western Pacific,Country,VNM,Viet Nam,Year,2002,FALSE,131451,131 451 [105 000-172 000],EN,2025-12-18T23:00:00.000Z
MALARIA_EST_CASES,Estimated number of malaria cases,text,EMR,Eastern Mediterranean,Country,SYR,Syrian Arab Republic,Year,2002,FALSE,15,15,EN,2025-12-18T23:00:00.000Z
MALARIA_EST_CASES,Estimated number of malaria cases,text,EMR,Eastern Mediterranean,Country,IRN,Iran (Islamic Republic of),Year,2002,FALSE,15558,15 558,EN,2025-12-18T23:00:00.000Z
MALARIA_EST_CASES,Estimated number of malaria cases,text,AFR,Africa,Country,ZAF,South Africa,Year,2002,FALSE,15649,15 649,EN,2025-12-18T23:00:00.000Z
MALARIA_EST_CASES,Estimated number of malaria cases,text,AMR,Americas,Country,DOM,Dominican Republic,Year,2002,FALSE,1685,1685 [1400-2000],EN,2025-12-18T23:00:00.000Z
MALARIA_EST_CASES,Estimated number of malaria cases,text,WPR,Western Pacific,Country,KOR,Republic of Korea,Year,2002,FALSE,1799,1799,EN,2025-12-18T23:00:00.000Z
MALARIA_EST_CASES,Estimated number of malaria cases,text,EUR,Europe,Country,TKM,Turkmenistan,Year,2002,FALSE,18,18,EN,2025-12-18T23:00:00.000Z
MALARIA_EST_CASES,Estimated number of malaria cases,text,EMR,Eastern Mediterranean,Country,DJI,Djibouti,Year,2002,FALSE,1833,1833,EN,2025-12-18T23:00:00.000Z
MALARIA_EST_CASES,Estimated number of malaria cases,text,EMR,Eastern Mediterranean,Country,MAR,Morocco,Year,2002,FALSE,19,19,EN,2025-12-18T23:00:00.000Z
MALARIA_EST_CASES,Estimated number of malaria cases,text,AMR,Americas,Country,BOL,Bolivia (Plurinational State of),Year,2002,FALSE,19768,19 768 [15 000-25 000],EN,2025-12-18T23:00:00.000Z
MALARIA_EST_CASES,Estimated number of malaria cases,text,AFR,Africa,Country,SLE,Sierra Leone,Year,2002,FALSE,2115738,2 115 738 [1 396 000-3 083 000],EN,2025-12-18T23:00:00.000Z
MALARIA_EST_CASES,Estimated number of malaria cases,text,AFR,Africa,Country,TCD,Chad,Year,2002,FALSE,2192558,2 192 558 [1 247 000-3 660 000],EN,2025-12-18T23:00:00.000Z
MALARIA_EST_CASES,Estimated number of malaria cases,text,AFR,Africa,Country,SSD,South Sudan,Year,2002,FALSE,2240881,2 240 881 [1 594 000-3 054 000],EN,2025-12-18T23:00:00.000Z
MALARIA_EST_CASES,Estimated number of malaria cases,text,AFR,Africa,Country,TGO,Togo,Year,2002,FALSE,2439233,2 439 233 [1 769 000-3 313 000],EN,2025-12-18T23:00:00.000Z
MALARIA_EST_CASES,Estimated number of malaria cases,text,AFR,Africa,Country,BDI,Burundi,Year,2002,FALSE,2648618,2 648 618 [1 969 000-3 454 000],EN,2025-12-18T23:00:00.000Z
MALARIA_EST_CASES,Estimated number of malaria cases,text,SEAR,South-East Asia,Country,IND,India,Year,2002,FALSE,20011547,20 011 547 [15 520 000-25 850 000],EN,2025-12-18T23:00:00.000Z
MALARIA_EST_CASES,Estimated number of malaria cases,text,AMR,Americas,Country,PAN,Panama,Year,2002,FALSE,2363,2363 [2300-2500],EN,2025-12-18T23:00:00.000Z
MALARIA_EST_CASES,Estimated number of malaria cases,text,AFR,Africa,Country,COD,Democratic Republic of the Congo,Year,2002,FALSE,24763078,24 763 078 [19 700 000-30 470 000],EN,2025-12-18T23:00:00.000Z
MALARIA_EST_CASES,Estimated number of malaria cases,text,AMR,Americas,Country,HND,Honduras,Year,2002,FALSE,25251,25 251 [18 000-32 000],EN,2025-12-18T23:00:00.000Z
MALARIA_EST_CASES,Estimated number of malaria cases,text,WPR,Western Pacific,Country,CHN,China,Year,2002,FALSE,25520,25 520,EN,2025-12-18T23:00:00.000Z
MALARIA_EST_CASES,Estimated number of malaria cases,text,AFR,Africa,Country,MRT,Mauritania,Year,2002,FALSE,253562,253 562 [112 000-479 000],EN,2025-12-18T23:00:00.000Z
MALARIA_EST_CASES,Estimated number of malaria cases,text,AFR,Africa,Country,GNQ,Equatorial Guinea,Year,2002,FALSE,259369,259 369 [175 000-372 000],EN,2025-12-18T23:00:00.000Z
MALARIA_EST_CASES,Estimated number of malaria cases,text,EMR,Eastern Mediterranean,Country,SAU,Saudi Arabia,Year,2002,FALSE,2612,2612,EN,2025-12-18T23:00:00.000Z
MALARIA_EST_CASES,Estimated number of malaria cases,text,EUR,Europe,Country,KGZ,Kyrgyzstan,Year,2002,FALSE,2725,2725,EN,2025-12-18T23:00:00.000Z
MALARIA_EST_CASES,Estimated number of malaria cases,text,AMR,Americas,Country,PRY,Paraguay,Year,2002,FALSE,2775,2775,EN,2025-12-18T23:00:00.000Z
MALARIA_EST_CASES,Estimated number of malaria cases,text,WPR,Western Pacific,Country,SLB,Solomon Islands,Year,2002,FALSE,280109,280 109 [153 000-459 000],EN,2025-12-18T23:00:00.000Z
MALARIA_EST_CASES,Estimated number of malaria cases,text,AMR,Americas,Country,COL,Colombia,Year,2002,FALSE,291432,291 432 [218 000-369 000],EN,2025-12-18T23:00:00.000Z
MALARIA_EST_CASES,Estimated number of malaria cases,text,AFR,Africa,Country,BEN,Benin,Year,2002,FALSE,3480523,3 480 523 [2 630 000-4 524 000],EN,2025-12-18T23:00:00.000Z
MALARIA_EST_CASES,Estimated number of malaria cases,text,AFR,Africa,Country,GIN,Guinea,Year,2002,FALSE,3634139,3 634 139 [2 536 000-5 061 000],EN,2025-12-18T23:00:00.000Z
MALARIA_EST_CASES,Estimated number of malaria cases,text,AFR,Africa,Country,ZMB,Zambia,Year,2002,FALSE,3939329,3 939 329 [3 060 000-4 989 000],EN,2025-12-18T23:00:00.000Z
MALARIA_EST_CASES,Estimated number of malaria cases,text,AMR,Americas,Country,GUY,Guyana,Year,2002,FALSE,30656,30 656 [25 000-37 000],EN,2025-12-18T23:00:00.000Z
MALARIA_EST_CASES,Estimated number of malaria cases,text,AFR,Africa,Country,ERI,Eritrea,Year,2002,FALSE,32823,32 823 [12 000-64 000],EN,2025-12-18T23:00:00.000Z
MALARIA_EST_CASES,Estimated number of malaria cases,text,AFR,Africa,Country,GNB,Guinea-Bissau,Year,2002,FALSE,323897,323 897 [177 000-550 000],EN,2025-12-18T23:00:00.000Z
MALARIA_EST_CASES,Estimated number of malaria cases,text,WPR,Western Pacific,Country,KHM,Cambodia,Year,2002,FALSE,349008,349 008 [256 000-463 000],EN,2025-12-18T23:00:00.000Z
MALARIA_EST_CASES,Estimated number of malaria cases,text,AMR,Americas,Country,VEN,Venezuela (Bolivarian Republic of),Year,2002,FALSE,35029,35 029 [31 000-41 000],EN,2025-12-18T23:00:00.000Z
MALARIA_EST_CASES,Estimated number of malaria cases,text,AFR,Africa,Country,COM,Comoros,Year,2002,FALSE,35665,35 665,EN,2025-12-18T23:00:00.000Z
MALARIA_EST_CASES,Estimated number of malaria cases,text,WPR,Western Pacific,Country,VUT,Vanuatu,Year,2002,FALSE,36655,36 655 [25 000-54 000],EN,2025-12-18T23:00:00.000Z
MALARIA_EST_CASES,Estimated number of malaria cases,text,AFR,Africa,Country,BWA,Botswana,Year,2002,FALSE,3666,3666 [2100-7300],EN,2025-12-18T23:00:00.000Z
MALARIA_EST_CASES,Estimated number of malaria cases,text,AFR,Africa,Country,NER,Niger,Year,2002,FALSE,4048859,4 048 859 [2 278 000-6 616 000],EN,2025-12-18T23:00:00.000Z
MALARIA_EST_CASES,Estimated number of malaria cases,text,AFR,Africa,Country,MLI,Mali,Year,2002,FALSE,4977784,4 977 784 [3 328 000-7 234 000],EN,2025-12-18T23:00:00.000Z
MALARIA_EST_CASES,Estimated number of malaria cases,text,AMR,Americas,Country,BRA,Brazil,Year,2002,FALSE,407200,407 200 [363 000-456 000],EN,2025-12-18T23:00:00.000Z
MALARIA_EST_CASES,Estimated number of malaria cases,text,SEAR,South-East Asia,Country,LKA,Sri Lanka,Year,2002,FALSE,41411,41 411,EN,2025-12-18T23:00:00.000Z
MALARIA_EST_CASES,Estimated number of malaria cases,text,AMR,Americas,Country,GTM,Guatemala,Year,2002,FALSE,42213,42 213 [37 000-50 000],EN,2025-12-18T23:00:00.000Z
MALARIA_EST_CASES,Estimated number of malaria cases,text,AFR,Africa,Country,GAB,Gabon,Year,2002,FALSE,434899,434 899 [285 000-639 000],EN,2025-12-18T23:00:00.000Z
MALARIA_EST_CASES,Estimated number of malaria cases,text,AMR,Americas,Country,GUF,French Guiana,Year,2002,FALSE,4348,4348 [3800-5100],EN,2025-12-18T23:00:00.000Z
MALARIA_EST_CASES,Estimated number of malaria cases,text,SEAR,South-East Asia,Country,THA,Thailand,Year,2002,FALSE,44555,44 555,EN,2025-12-18T23:00:00.000Z
MALARIA_EST_CASES,Estimated number of malaria cases,text,AFR,Africa,Country,GMB,Gambia,Year,2002,FALSE,450452,450 452 [334 000-583 000],EN,2025-12-18T23:00:00.000Z
MALARIA_EST_CASES,Estimated number of malaria cases,text,AMR,Americas,Country,MEX,Mexico,Year,2002,FALSE,4624,4624,EN,2025-12-18T23:00:00.000Z
MALARIA_EST_CASES,Estimated number of malaria cases,text,EUR,Europe,Country,GEO,Georgia,Year,2002,FALSE,474,474,EN,2025-12-18T23:00:00.000Z
MALARIA_EST_CASES,Estimated number of malaria cases,text,AFR,Africa,Country,MWI,Malawi,Year,2002,FALSE,5222098,5 222 098 [4 181 000-6 434 000],EN,2025-12-18T23:00:00.000Z
MALARIA_EST_CASES,Estimated number of malaria cases,text,AFR,Africa,Country,AGO,Angola,Year,2002,FALSE,5470306,5 470 306 [3 714 000-7 897 000],EN,2025-12-18T23:00:00.000Z
MALARIA_EST_CASES,Estimated number of malaria cases,text,WPR,Western Pacific,Country,LAO,Lao People's Democratic Republic,Year,2002,FALSE,50404,50 404 [37 000-66 000],EN,2025-12-18T23:00:00.000Z
MALARIA_EST_CASES,Estimated number of malaria cases,text,AFR,Africa,Country,STP,Sao Tome and Principe,Year,2002,FALSE,50586,50 586,EN,2025-12-18T23:00:00.000Z
MALARIA_EST_CASES,Estimated number of malaria cases,text,AFR,Africa,Country,NGA,Nigeria,Year,2002,FALSE,50952482,50 952 482 [39 530 000-64 780 000],EN,2025-12-18T23:00:00.000Z
MALARIA_EST_CASES,Estimated number of malaria cases,text,EUR,Europe,Country,AZE,Azerbaijan,Year,2002,FALSE,505,505,EN,2025-12-18T23:00:00.000Z
MALARIA_EST_CASES,Estimated number of malaria cases,text,EUR,Europe,Country,ARM,Armenia,Year,2002,FALSE,52,52,EN,2025-12-18T23:00:00.000Z
MALARIA_EST_CASES,Estimated number of malaria cases,text,EMR,Eastern Mediterranean,Country,OMN,Oman,Year,2002,FALSE,6,6,EN,2025-12-18T23:00:00.000Z
MALARIA_EST_CASES,Estimated number of malaria cases,text,AFR,Africa,Country,CMR,Cameroon,Year,2002,FALSE,6874791,6 874 791 [5 476 000-8 532 000],EN,2025-12-18T23:00:00.000Z
MALARIA_EST_CASES,Estimated number of malaria cases,text,EUR,Europe,Country,TJK,Tajikistan,Year,2002,FALSE,6160,6160,EN,2025-12-18T23:00:00.000Z
MALARIA_EST_CASES,Estimated number of malaria cases,text,SEAR,South-East Asia,Country,BTN,Bhutan,Year,2002,FALSE,6511,6511,EN,2025-12-18T23:00:00.000Z
MALARIA_EST_CASES,Estimated number of malaria cases,text,AFR,Africa,Country,SWZ,Eswatini,Year,2002,FALSE,670,670,EN,2025-12-18T23:00:00.000Z
MALARIA_EST_CASES,Estimated number of malaria cases,text,AFR,Africa,Country,KEN,Kenya,Year,2002,FALSE,7425059,7 425 059 [5 893 000-9 292 000],EN,2025-12-18T23:00:00.000Z
MALARIA_EST_CASES,Estimated number of malaria cases,text,AFR,Africa,Country,BFA,Burkina Faso,Year,2002,FALSE,7513033,7 513 033 [6 023 000-9 196 000],EN,2025-12-18T23:00:00.000Z
MALARIA_EST_CASES,Estimated number of malaria cases,text,AFR,Africa,Country,NAM,Namibia,Year,2002,FALSE,70395,70 395 [33 000-139 000],EN,2025-12-18T23:00:00.000Z
MALARIA_EST_CASES,Estimated number of malaria cases,text,WPR,Western Pacific,Country,PHL,Philippines,Year,2002,FALSE,70585,70 585 [53 000-91 000],EN,2025-12-18T23:00:00.000Z
MALARIA_EST_CASES,Estimated number of malaria cases,text,EUR,Europe,Country,UZB,Uzbekistan,Year,2002,FALSE,74,74,EN,2025-12-18T23:00:00.000Z
MALARIA_EST_CASES,Estimated number of malaria cases,text,AMR,Americas,Country,HTI,Haiti,Year,2002,FALSE,74701,74 701 [43 000-121 000],EN,2025-12-18T23:00:00.000Z
MALARIA_EST_CASES,Estimated number of malaria cases,text,AFR,Africa,Country,CPV,Cabo Verde,Year,2002,FALSE,76,76,EN,2025-12-18T23:00:00.000Z
MALARIA_EST_CASES,Estimated number of malaria cases,text,AFR,Africa,Country,GHA,Ghana,Year,2002,FALSE,8127918,8 127 918 [6 373 000-10 170 000],EN,2025-12-18T23:00:00.000Z
MALARIA_EST_CASES,Estimated number of malaria cases,text,SEAR,South-East Asia,Country,NPL,Nepal,Year,2002,FALSE,85217,85 217 [43 000-152 000],EN,2025-12-18T23:00:00.000Z
MALARIA_EST_CASES,Estimated number of malaria cases,text,AMR,Americas,Country,ECU,Ecuador,Year,2002,FALSE,86757,86 757,EN,2025-12-18T23:00:00.000Z
MALARIA_EST_CASES,Estimated number of malaria cases,text,AFR,Africa,Country,MDG,Madagascar,Year,2002,FALSE,898515,898 515 [22 000-2 051 000],EN,2025-12-18T23:00:00.000Z
MALARIA_EST_CASES,Estimated number of malaria cases,text,AFR,Africa,Country,MOZ,Mozambique,Year,2002,FALSE,9377791,9 377 791 [7 774 000-11 230 000],EN,2025-12-18T23:00:00.000Z
MALARIA_EST_CASES,Estimated number of malaria cases,text,AFR,Africa,Country,ETH,Ethiopia,Year,2002,FALSE,9428040,9 428 040 [3 382 000-18 340 000],EN,2025-12-18T23:00:00.000Z
MALARIA_EST_CASES,Estimated number of malaria cases,text,AFR,Africa,Country,CIV,Cote d'Ivoire,Year,2002,FALSE,9445298,9 445 298 [7 623 000-11 600 000],EN,2025-12-18T23:00:00.000Z
MALARIA_EST_CASES,Estimated number of malaria cases,text,EMR,Eastern Mediterranean,Country,IRQ,Iraq,Year,2002,FALSE,952,952,EN,2025-12-18T23:00:00.000Z
MALARIA_EST_CASES,Estimated number of malaria cases,text,EMR,Eastern Mediterranean,Country,PAK,Pakistan,Year,2002,FALSE,966325,966 325 [356 000-2 382 000],EN,2025-12-18T23:00:00.000Z
MALARIA_EST_CASES,Estimated number of malaria cases,text,AMR,Americas,Country,NIC,Nicaragua,Year,2002,FALSE,9745,9745 [8100-11 000],EN,2025-12-18T23:00:00.000Z
MALARIA_EST_CASES,Estimated number of malaria cases,text,AFR,Africa,Country,ZWE,Zimbabwe,Year,2002,FALSE,976452,976 452 [221 000-2 388 000],EN,2025-12-18T23:00:00.000Z
MALARIA_EST_CASES,Estimated number of malaria cases,text,SEAR,South-East Asia,Country,PRK,Democratic People's Republic of Korea,Year,2002,FALSE,98852,98 852,EN,2025-12-18T23:00:00.000Z
MALARIA_EST_CASES,Estimated number of malaria cases,text,SEAR,South-East Asia,Country,BGD,Bangladesh,Year,2002,FALSE,99072,99 072 [43 000-158 000],EN,2025-12-18T23:00:00.000Z
MALARIA_EST_CASES,Estimated number of malaria cases,text,EMR,Eastern Mediterranean,Country,EGY,Egypt,Year,2001,FALSE,0,0,EN,2025-12-18T23:00:00.000Z
MALARIA_EST_CASES,Estimated number of malaria cases,text,EUR,Europe,Country,KAZ,Kazakhstan,Year,2001,FALSE,0,0,EN,2025-12-18T23:00:00.000Z
MALARIA_EST_CASES,Estimated number of malaria cases,text,EMR,Eastern Mediterranean,Country,MAR,Morocco,Year,2001,FALSE,0,0,EN,2025-12-18T23:00:00.000Z
MALARIA_EST_CASES,Estimated number of malaria cases,text,EMR,Eastern Mediterranean,Country,ARE,United Arab Emirates,Year,2001,FALSE,0,0,EN,2025-12-18T23:00:00.000Z
MALARIA_EST_CASES,Estimated number of malaria cases,text,EMR,Eastern Mediterranean,Country,PAK,Pakistan,Year,2001,FALSE,1037774,1 037 774 [437 000-2 358 000],EN,2025-12-18T23:00:00.000Z
MALARIA_EST_CASES,Estimated number of malaria cases,text,AFR,Africa,Country,MDG,Madagascar,Year,2001,FALSE,1111496,1 111 496 [150 000-2 369 000],EN,2025-12-18T23:00:00.000Z
MALARIA_EST_CASES,Estimated number of malaria cases,text,AFR,Africa,Country,COG,Congo,Year,2001,FALSE,1142303,1 142 303 [780 000-1 622 000],EN,2025-12-18T23:00:00.000Z
MALARIA_EST_CASES,Estimated number of malaria cases,text,WPR,Western Pacific,Country,IDN,Indonesia,Year,2001,FALSE,1157687,1 157 687 [954 000-1 425 000],EN,2025-12-18T23:00:00.000Z
MALARIA_EST_CASES,Estimated number of malaria cases,text,EMR,Eastern Mediterranean,Country,YEM,Yemen,Year,2001,FALSE,1176056,1 176 056 [523 000-5 296 000],EN,2025-12-18T23:00:00.000Z
MALARIA_EST_CASES,Estimated number of malaria cases,text,AFR,Africa,Country,LBR,Liberia,Year,2001,FALSE,1224383,1 224 383 [800 000-1 789 000],EN,2025-12-18T23:00:00.000Z
MALARIA_EST_CASES,Estimated number of malaria cases,text,EMR,Eastern Mediterranean,Country,SOM,Somalia,Year,2001,FALSE,1297310,1 297 310 [749 000-2 097 000],EN,2025-12-18T23:00:00.000Z
MALARIA_EST_CASES,Estimated number of malaria cases,text,EMR,Eastern Mediterranean,Country,AFG,Afghanistan,Year,2001,FALSE,1312939,1 312 939 [849 000-2 007 000],EN,2025-12-18T23:00:00.000Z
MALARIA_EST_CASES,Estimated number of malaria cases,text,SEAR,South-East Asia,Country,MMR,Myanmar,Year,2001,FALSE,1371906,1 371 906 [958 000-2 009 000],EN,2025-12-18T23:00:00.000Z
MALARIA_EST_CASES,Estimated number of malaria cases,text,AFR,Africa,Country,RWA,Rwanda,Year,2001,FALSE,1419936,1 419 936 [683 000-2 649 000],EN,2025-12-18T23:00:00.000Z
MALARIA_EST_CASES,Estimated number of malaria cases,text,WPR,Western Pacific,Country,PNG,Papua New Guinea,Year,2001,FALSE,1443554,1 443 554 [510 000-2 578 000],EN,2025-12-18T23:00:00.000Z
MALARIA_EST_CASES,Estimated number of malaria cases,text,AFR,Africa,Country,CAF,Central African Republic,Year,2001,FALSE,1718721,1 718 721 [1 061 000-2 677 000],EN,2025-12-18T23:00:00.000Z
MALARIA_EST_CASES,Estimated number of malaria cases,text,AFR,Africa,Country,SEN,Senegal,Year,2001,FALSE,1803712,1 803 712 [669 000-2 715 000],EN,2025-12-18T23:00:00.000Z
MALARIA_EST_CASES,Estimated number of malaria cases,text,AFR,Africa,Country,SLE,Sierra Leone,Year,2001,FALSE,1994684,1 994 684 [1 303 000-2 956 000],EN,2025-12-18T23:00:00.000Z
MALARIA_EST_CASES,Estimated number of malaria cases,text,EUR,Europe,Country,TUR,Türkiye,Year,2001,FALSE,10812,10 812,EN,2025-12-18T23:00:00.000Z
MALARIA_EST_CASES,Estimated number of malaria cases,text,AFR,Africa,Country,NAM,Namibia,Year,2001,FALSE,102902,102 902 [56 000-185 000],EN,2025-12-18T23:00:00.000Z
MALARIA_EST_CASES,Estimated number of malaria cases,text,AMR,Americas,Country,PER,Peru,Year,2001,FALSE,105067,105 067 [83 000-128 000],EN,2025-12-18T23:00:00.000Z
MALARIA_EST_CASES,Estimated number of malaria cases,text,EUR,Europe,Country,AZE,Azerbaijan,Year,2001,FALSE,1054,1054,EN,2025-12-18T23:00:00.000Z
MALARIA_EST_CASES,Estimated number of malaria cases,text,AFR,Africa,Country,CPV,Cabo Verde,Year,2001,FALSE,107,107,EN,2025-12-18T23:00:00.000Z
MALARIA_EST_CASES,Estimated number of malaria cases,text,AMR,Americas,Country,ECU,Ecuador,Year,2001,FALSE,108903,108 903,EN,2025-12-18T23:00:00.000Z
MALARIA_EST_CASES,Estimated number of malaria cases,text,AFR,Africa,Country,TZA,United Republic of Tanzania,Year,2001,FALSE,11208998,11 208 998 [8 638 000-14 320 000],EN,2025-12-18T23:00:00.000Z
MALARIA_EST_CASES,Estimated number of malaria cases,text,EUR,Europe,Country,TJK,Tajikistan,Year,2001,FALSE,11387,11 387,EN,2025-12-18T23:00:00.000Z
MALARIA_EST_CASES,Estimated number of malaria cases,text,SEAR,South-East Asia,Country,PRK,Democratic People's Republic of Korea,Year,2001,FALSE,115615,115 615,EN,2025-12-18T23:00:00.000Z
MALARIA_EST_CASES,Estimated number of malaria cases,text,AMR,Americas,Country,BLZ,Belize,Year,2001,FALSE,1162,1162,EN,2025-12-18T23:00:00.000Z
MALARIA_EST_CASES,Estimated number of malaria cases,text,AFR,Africa,Country,UGA,Uganda,Year,2001,FALSE,12581378,12 581 378 [10 200 000-15 400 000],EN,2025-12-18T23:00:00.000Z
MALARIA_EST_CASES,Estimated number of malaria cases,text,WPR,Western Pacific,Country,MYS,Malaysia,Year,2001,FALSE,12780,12 780,EN,2025-12-18T23:00:00.000Z
MALARIA_EST_CASES,Estimated number of malaria cases,text,SEAR,South-East Asia,Country,TLS,Timor-Leste,Year,2001,FALSE,120990,120 990 [52 000-275 000],EN,2025-12-18T23:00:00.000Z
MALARIA_EST_CASES,Estimated number of malaria cases,text,EMR,Eastern Mediterranean,Country,IRQ,Iraq,Year,2001,FALSE,1265,1265,EN,2025-12-18T23:00:00.000Z
MALARIA_EST_CASES,Estimated number of malaria cases,text,AMR,Americas,Country,NIC,Nicaragua,Year,2001,FALSE,13275,13 275 [11 000-16 000],EN,2025-12-18T23:00:00.000Z
MALARIA_EST_CASES,Estimated number of malaria cases,text,AMR,Americas,Country,DOM,Dominican Republic,Year,2001,FALSE,1315,1315 [1100-1600],EN,2025-12-18T23:00:00.000Z
MALARIA_EST_CASES,Estimated number of malaria cases,text,AMR,Americas,Country,CRI,Costa Rica,Year,2001,FALSE,1363,1363,EN,2025-12-18T23:00:00.000Z
MALARIA_EST_CASES,Estimated number of malaria cases,text,AFR,Africa,Country,SWZ,Eswatini,Year,2001,FALSE,1395,1395,EN,2025-12-18T23:00:00.000Z
MALARIA_EST_CASES,Estimated number of malaria cases,text,EUR,Europe,Country,KGZ,Kyrgyzstan,Year,2001,FALSE,15,15,EN,2025-12-18T23:00:00.000Z
MALARIA_EST_CASES,Estimated number of malaria cases,text,AMR,Americas,Country,SUR,Suriname,Year,2001,FALSE,16003,16 003,EN,2025-12-18T23:00:00.000Z
MALARIA_EST_CASES,Estimated number of malaria cases,text,EMR,Eastern Mediterranean,Country,DJI,Djibouti,Year,2001,FALSE,1777,1777,EN,2025-12-18T23:00:00.000Z
MALARIA_EST_CASES,Estimated number of malaria cases,text,WPR,Western Pacific,Country,VUT,Vanuatu,Year,2001,FALSE,18702,18 702 [13 000-27 000],EN,2025-12-18T23:00:00.000Z
MALARIA_EST_CASES,Estimated number of malaria cases,text,WPR,Western Pacific,Country,VNM,Viet Nam,Year,2001,FALSE,185145,185 145 [148 000-241 000],EN,2025-12-18T23:00:00.000Z
MALARIA_EST_CASES,Estimated number of malaria cases,text,EMR,Eastern Mediterranean,Country,IRN,Iran (Islamic Republic of),Year,2001,FALSE,19303,19 303,EN,2025-12-18T23:00:00.000Z
MALARIA_EST_CASES,Estimated number of malaria cases,text,EMR,Eastern Mediterranean,Country,OMN,Oman,Year,2001,FALSE,2,2,EN,2025-12-18T23:00:00.000Z
MALARIA_EST_CASES,Estimated number of malaria cases,text,AFR,Africa,Country,SSD,South Sudan,Year,2001,FALSE,2175829,2 175 829 [1 572 000-2 941 000],EN,2025-12-18T23:00:00.000Z
MALARIA_EST_CASES,Estimated number of malaria cases,text,AFR,Africa,Country,TGO,Togo,Year,2001,FALSE,2331292,2 331 292 [1 643 000-3 180 000],EN,2025-12-18T23:00:00.000Z
MALARIA_EST_CASES,Estimated number of malaria cases,text,EMR,Eastern Mediterranean,Country,SDN,Sudan,Year,2001,FALSE,2382352,2 382 352 [1 675 000-3 262 000],EN,2025-12-18T23:00:00.000Z
MALARIA_EST_CASES,Estimated number of malaria cases,text,AFR,Africa,Country,TCD,Chad,Year,2001,FALSE,2408702,2 408 702 [1 409 000-3 875 000],EN,2025-12-18T23:00:00.000Z
MALARIA_EST_CASES,Estimated number of malaria cases,text,AFR,Africa,Country,BDI,Burundi,Year,2001,FALSE,2760685,2 760 685 [2 053 000-3 638 000],EN,2025-12-18T23:00:00.000Z
MALARIA_EST_CASES,Estimated number of malaria cases,text,WPR,Western Pacific,Country,CHN,China,Year,2001,FALSE,21237,21 237,EN,2025-12-18T23:00:00.000Z
MALARIA_EST_CASES,Estimated number of malaria cases,text,SEAR,South-East Asia,Country,IND,India,Year,2001,FALSE,21786449,21 786 449 [17 180 000-27 540 000],EN,2025-12-18T23:00:00.000Z
MALARIA_EST_CASES,Estimated number of malaria cases,text,AMR,Americas,Country,ARG,Argentina,Year,2001,FALSE,215,215,EN,2025-12-18T23:00:00.000Z
MALARIA_EST_CASES,Estimated number of malaria cases,text,AMR,Americas,Country,BOL,Bolivia (Plurinational State of),Year,2001,FALSE,22330,22 330 [17 000-28 000],EN,2025-12-18T23:00:00.000Z
MALARIA_EST_CASES,Estimated number of malaria cases,text,AMR,Americas,Country,VEN,Venezuela (Bolivarian Republic of),Year,2001,FALSE,23834,23 834 [21 000-28 000],EN,2025-12-18T23:00:00.000Z
MALARIA_EST_CASES,Estimated number of malaria cases,text,AFR,Africa,Country,COD,Democratic Republic of the Congo,Year,2001,FALSE,23855861,23 855 861 [19 030 000-29 410 000],EN,2025-12-18T23:00:00.000Z
MALARIA_EST_CASES,Estimated number of malaria cases,text,AFR,Africa,Country,GNQ,Equatorial Guinea,Year,2001,FALSE,248569,248 569 [164 000-359 000],EN,2025-12-18T23:00:00.000Z
MALARIA_EST_CASES,Estimated number of malaria cases,text,AFR,Africa,Country,MRT,Mauritania,Year,2001,FALSE,250929,250 929 [123 000-463 000],EN,2025-12-18T23:00:00.000Z
MALARIA_EST_CASES,Estimated number of malaria cases,text,WPR,Western Pacific,Country,KOR,Republic of Korea,Year,2001,FALSE,2556,2556,EN,2025-12-18T23:00:00.000Z
MALARIA_EST_CASES,Estimated number of malaria cases,text,AFR,Africa,Country,ZAF,South Africa,Year,2001,FALSE,26506,26 506,EN,2025-12-18T23:00:00.000Z
MALARIA_EST_CASES,Estimated number of malaria cases,text,AMR,Americas,Country,PRY,Paraguay,Year,2001,FALSE,2706,2706,EN,2025-12-18T23:00:00.000Z
MALARIA_EST_CASES,Estimated number of malaria cases,text,WPR,Western Pacific,Country,SLB,Solomon Islands,Year,2001,FALSE,285929,285 929 [155 000-465 000],EN,2025-12-18T23:00:00.000Z
MALARIA_EST_CASES,Estimated number of malaria cases,text,AFR,Africa,Country,BEN,Benin,Year,2001,FALSE,3233367,3 233 367 [2 425 000-4 244 000],EN,2025-12-18T23:00:00.000Z
MALARIA_EST_CASES,Estimated number of malaria cases,text,AFR,Africa,Country,GIN,Guinea,Year,2001,FALSE,3538841,3 538 841 [2 482 000-4 904 000],EN,2025-12-18T23:00:00.000Z
MALARIA_EST_CASES,Estimated number of malaria cases,text,AFR,Africa,Country,ZMB,Zambia,Year,2001,FALSE,3915640,3 915 640 [3 078 000-4 923 000],EN,2025-12-18T23:00:00.000Z
MALARIA_EST_CASES,Estimated number of malaria cases,text,EMR,Eastern Mediterranean,Country,SAU,Saudi Arabia,Year,2001,FALSE,3074,3074,EN,2025-12-18T23:00:00.000Z
MALARIA_EST_CASES,Estimated number of malaria cases,text,AMR,Americas,Country,COL,Colombia,Year,2001,FALSE,333024,333 024 [247 000-423 000],EN,2025-12-18T23:00:00.000Z
MALARIA_EST_CASES,Estimated number of malaria cases,text,AMR,Americas,Country,HND,Honduras,Year,2001,FALSE,35405,35 405 [26 000-45 000],EN,2025-12-18T23:00:00.000Z
MALARIA_EST_CASES,Estimated number of malaria cases,text,AFR,Africa,Country,COM,Comoros,Year,2001,FALSE,35608,35 608,EN,2025-12-18T23:00:00.000Z
MALARIA_EST_CASES,Estimated number of malaria cases,text,AMR,Americas,Country,SLV,El Salvador,Year,2001,FALSE,362,362,EN,2025-12-18T23:00:00.000Z
MALARIA_EST_CASES,Estimated number of malaria cases,text,AMR,Americas,Country,GUY,Guyana,Year,2001,FALSE,37974,37 974 [31 000-45 000],EN,2025-12-18T23:00:00.000Z
MALARIA_EST_CASES,Estimated number of malaria cases,text,WPR,Western Pacific,Country,KHM,Cambodia,Year,2001,FALSE,388681,388 681 [283 000-520 000],EN,2025-12-18T23:00:00.000Z
MALARIA_EST_CASES,Estimated number of malaria cases,text,AFR,Africa,Country,NER,Niger,Year,2001,FALSE,4180737,4 180 737 [2 346 000-6 946 000],EN,2025-12-18T23:00:00.000Z
MALARIA_EST_CASES,Estimated number of malaria cases,text,AFR,Africa,Country,MLI,Mali,Year,2001,FALSE,4719788,4 719 788 [3 192 000-6 804 000],EN,2025-12-18T23:00:00.000Z
MALARIA_EST_CASES,Estimated number of malaria cases,text,AFR,Africa,Country,GNB,Guinea-Bissau,Year,2001,FALSE,403827,403 827 [240 000-643 000],EN,2025-12-18T23:00:00.000Z
MALARIA_EST_CASES,Estimated number of malaria cases,text,AFR,Africa,Country,STP,Sao Tome and Principe,Year,2001,FALSE,42086,42 086,EN,2025-12-18T23:00:00.000Z
MALARIA_EST_CASES,Estimated number of malaria cases,text,AMR,Americas,Country,GTM,Guatemala,Year,2001,FALSE,42680,42 680 [37 000-51 000],EN,2025-12-18T23:00:00.000Z
MALARIA_EST_CASES,Estimated number of malaria cases,text,EUR,Europe,Country,GEO,Georgia,Year,2001,FALSE,438,438,EN,2025-12-18T23:00:00.000Z
MALARIA_EST_CASES,Estimated number of malaria cases,text,AFR,Africa,Country,GMB,Gambia,Year,2001,FALSE,450685,450 685 [333 000-584 000],EN,2025-12-18T23:00:00.000Z
MALARIA_EST_CASES,Estimated number of malaria cases,text,AMR,Americas,Country,GUF,French Guiana,Year,2001,FALSE,4554,4554 [4000-5400],EN,2025-12-18T23:00:00.000Z
MALARIA_EST_CASES,Estimated number of malaria cases,text,AFR,Africa,Country,GAB,Gabon,Year,2001,FALSE,463185,463 185 [318 000-655 000],EN,2025-12-18T23:00:00.000Z
MALARIA_EST_CASES,Estimated number of malaria cases,text,AMR,Americas,Country,BRA,Brazil,Year,2001,FALSE,467114,467 114 [406 000-533 000],EN,2025-12-18T23:00:00.000Z
MALARIA_EST_CASES,Estimated number of malaria cases,text,AMR,Americas,Country,MEX,Mexico,Year,2001,FALSE,4996,4996,EN,2025-12-18T23:00:00.000Z
MALARIA_EST_CASES,Estimated number of malaria cases,text,AFR,Africa,Country,MWI,Malawi,Year,2001,FALSE,5384693,5 384 693 [4 278 000-6 695 000],EN,2025-12-18T23:00:00.000Z
MALARIA_EST_CASES,Estimated number of malaria cases,text,AFR,Africa,Country,AGO,Angola,Year,2001,FALSE,5540053,5 540 053 [3 743 000-7 944 000],EN,2025-12-18T23:00:00.000Z
MALARIA_EST_CASES,Estimated number of malaria cases,text,AFR,Africa,Country,NGA,Nigeria,Year,2001,FALSE,51229713,51 229 713 [39 830 000-65 120 000],EN,2025-12-18T23:00:00.000Z
MALARIA_EST_CASES,Estimated number of malaria cases,text,AFR,Africa,Country,ERI,Eritrea,Year,2001,FALSE,54461,54 461 [19 000-107 000],EN,2025-12-18T23:00:00.000Z
MALARIA_EST_CASES,Estimated number of malaria cases,text,SEAR,South-East Asia,Country,NPL,Nepal,Year,2001,FALSE,55778,55 778 [22 000-120 000],EN,2025-12-18T23:00:00.000Z
MALARIA_EST_CASES,Estimated number of malaria cases,text,WPR,Western Pacific,Country,PHL,Philippines,Year,2001,FALSE,56147,56 147 [42 000-73 000],EN,2025-12-18T23:00:00.000Z
MALARIA_EST_CASES,Estimated number of malaria cases,text,SEAR,South-East Asia,Country,BTN,Bhutan,Year,2001,FALSE,5982,5982,EN,2025-12-18T23:00:00.000Z
MALARIA_EST_CASES,Estimated number of malaria cases,text,AFR,Africa,Country,DZA,Algeria,Year,2001,FALSE,6,6,EN,2025-12-18T23:00:00.000Z
MALARIA_EST_CASES,Estimated number of malaria cases,text,AFR,Africa,Country,CMR,Cameroon,Year,2001,FALSE,6526313,6 526 313 [5 139 000-8 159 000],EN,2025-12-18T23:00:00.000Z
MALARIA_EST_CASES,Estimated number of malaria cases,text,WPR,Western Pacific,Country,LAO,Lao People's Democratic Republic,Year,2001,FALSE,62084,62 084 [48 000-79 000],EN,2025-12-18T23:00:00.000Z
MALARIA_EST_CASES,Estimated number of malaria cases,text,EMR,Eastern Mediterranean,Country,SYR,Syrian Arab Republic,Year,2001,FALSE,63,63,EN,2025-12-18T23:00:00.000Z
MALARIA_EST_CASES,Estimated number of malaria cases,text,SEAR,South-East Asia,Country,THA,Thailand,Year,2001,FALSE,63528,63 528,EN,2025-12-18T23:00:00.000Z
MALARIA_EST_CASES,Estimated number of malaria cases,text,SEAR,South-East Asia,Country,LKA,Sri Lanka,Year,2001,FALSE,66522,66 522,EN,2025-12-18T23:00:00.000Z
MALARIA_EST_CASES,Estimated number of malaria cases,text,AFR,Africa,Country,BFA,Burkina Faso,Year,2001,FALSE,7346774,7 346 774 [5 865 000-9 048 000],EN,2025-12-18T23:00:00.000Z
MALARIA_EST_CASES,Estimated number of malaria cases,text,AFR,Africa,Country,KEN,Kenya,Year,2001,FALSE,7690612,7 690 612 [6 130 000-9 527 000],EN,2025-12-18T23:00:00.000Z
MALARIA_EST_CASES,Estimated number of malaria cases,text,AMR,Americas,Country,HTI,Haiti,Year,2001,FALSE,73384,73 384 [42 000-120 000],EN,2025-12-18T23:00:00.000Z
MALARIA_EST_CASES,Estimated number of malaria cases,text,EUR,Europe,Country,UZB,Uzbekistan,Year,2001,FALSE,77,77,EN,2025-12-18T23:00:00.000Z
MALARIA_EST_CASES,Estimated number of malaria cases,text,AFR,Africa,Country,BWA,Botswana,Year,2001,FALSE,7703,7703 [4700-15 000],EN,2025-12-18T23:00:00.000Z
MALARIA_EST_CASES,Estimated number of malaria cases,text,EUR,Europe,Country,ARM,Armenia,Year,2001,FALSE,79,79,EN,2025-12-18T23:00:00.000Z
MALARIA_EST_CASES,Estimated number of malaria cases,text,EUR,Europe,Country,TKM,Turkmenistan,Year,2001,FALSE,8,8,EN,2025-12-18T23:00:00.000Z
MALARIA_EST_CASES,Estimated number of malaria cases,text,AFR,Africa,Country,GHA,Ghana,Year,2001,FALSE,8292195,8 292 195 [6 457 000-10 500 000],EN,2025-12-18T23:00:00.000Z
MALARIA_EST_CASES,Estimated number of malaria cases,text,AFR,Africa,Country,MOZ,Mozambique,Year,2001,FALSE,9082421,9 082 421 [7 505 000-10 880 000],EN,2025-12-18T23:00:00.000Z
MALARIA_EST_CASES,Estimated number of malaria cases,text,AFR,Africa,Country,CIV,Cote d'Ivoire,Year,2001,FALSE,9130224,9 130 224 [7 291 000-11 310 000],EN,2025-12-18T23:00:00.000Z
MALARIA_EST_CASES,Estimated number of malaria cases,text,AFR,Africa,Country,ETH,Ethiopia,Year,2001,FALSE,9965187,9 965 187 [3 662 000-18 830 000],EN,2025-12-18T23:00:00.000Z
MALARIA_EST_CASES,Estimated number of malaria cases,text,AFR,Africa,Country,ZWE,Zimbabwe,Year,2001,FALSE,967102,967 102 [220 000-2 395 000],EN,2025-12-18T23:00:00.000Z
MALARIA_EST_CASES,Estimated number of malaria cases,text,SEAR,South-East Asia,Country,BGD,Bangladesh,Year,2001,FALSE,97554,97 554 [43 000-154 000],EN,2025-12-18T23:00:00.000Z
MALARIA_EST_CASES,Estimated number of malaria cases,text,AMR,Americas,Country,PAN,Panama,Year,2001,FALSE,977,977 [940-1000],EN,2025-12-18T23:00:00.000Z
MALARIA_EST_CASES,Estimated number of malaria cases,text,EMR,Eastern Mediterranean,Country,EGY,Egypt,Year,2000,FALSE,0,0,EN,2025-12-18T23:00:00.000Z
MALARIA_EST_CASES,Estimated number of malaria cases,text,EUR,Europe,Country,KAZ,Kazakhstan,Year,2000,FALSE,0,0,EN,2025-12-18T23:00:00.000Z
MALARIA_EST_CASES,Estimated number of malaria cases,text,EMR,Eastern Mediterranean,Country,ARE,United Arab Emirates,Year,2000,FALSE,0,0,EN,2025-12-18T23:00:00.000Z
MALARIA_EST_CASES,Estimated number of malaria cases,text,EMR,Eastern Mediterranean,Country,YEM,Yemen,Year,2000,FALSE,1052131,1 052 131 [449 000-4 562 000],EN,2025-12-18T23:00:00.000Z
MALARIA_EST_CASES,Estimated number of malaria cases,text,AFR,Africa,Country,COG,Congo,Year,2000,FALSE,1101712,1 101 712 [781 000-1 515 000],EN,2025-12-18T23:00:00.000Z
MALARIA_EST_CASES,Estimated number of malaria cases,text,WPR,Western Pacific,Country,IDN,Indonesia,Year,2000,FALSE,1141729,1 141 729 [945 000-1 401 000],EN,2025-12-18T23:00:00.000Z
MALARIA_EST_CASES,Estimated number of malaria cases,text,AFR,Africa,Country,LBR,Liberia,Year,2000,FALSE,1162684,1 162 684 [735 000-1 757 000],EN,2025-12-18T23:00:00.000Z
MALARIA_EST_CASES,Estimated number of malaria cases,text,EMR,Eastern Mediterranean,Country,SOM,Somalia,Year,2000,FALSE,1176864,1 176 864 [686 000-1 929 000],EN,2025-12-18T23:00:00.000Z
MALARIA_EST_CASES,Estimated number of malaria cases,text,EMR,Eastern Mediterranean,Country,AFG,Afghanistan,Year,2000,FALSE,1312939,1 312 939 [843 000-2 022 000],EN,2025-12-18T23:00:00.000Z
MALARIA_EST_CASES,Estimated number of malaria cases,text,SEAR,South-East Asia,Country,MMR,Myanmar,Year,2000,FALSE,1357510,1 357 510 [944 000-2 003 000],EN,2025-12-18T23:00:00.000Z
MALARIA_EST_CASES,Estimated number of malaria cases,text,WPR,Western Pacific,Country,PNG,Papua New Guinea,Year,2000,FALSE,1462249,1 462 249 [458 000-2 645 000],EN,2025-12-18T23:00:00.000Z
MALARIA_EST_CASES,Estimated number of malaria cases,text,AFR,Africa,Country,RWA,Rwanda,Year,2000,FALSE,1482057,1 482 057 [614 000-3 070 000],EN,2025-12-18T23:00:00.000Z
MALARIA_EST_CASES,Estimated number of malaria cases,text,AFR,Africa,Country,CAF,Central African Republic,Year,2000,FALSE,1679496,1 679 496 [1 044 000-2 568 000],EN,2025-12-18T23:00:00.000Z
MALARIA_EST_CASES,Estimated number of malaria cases,text,AFR,Africa,Country,SLE,Sierra Leone,Year,2000,FALSE,1878165,1 878 165 [1 260 000-2 768 000],EN,2025-12-18T23:00:00.000Z
MALARIA_EST_CASES,Estimated number of malaria cases,text,AMR,Americas,Country,ECU,Ecuador,Year,2000,FALSE,104528,104 528,EN,2025-12-18T23:00:00.000Z
MALARIA_EST_CASES,Estimated number of malaria cases,text,AMR,Americas,Country,PAN,Panama,Year,2000,FALSE,1091,1091 [1000-1200],EN,2025-12-18T23:00:00.000Z
MALARIA_EST_CASES,Estimated number of malaria cases,text,AMR,Americas,Country,SUR,Suriname,Year,2000,FALSE,11361,11 361,EN,2025-12-18T23:00:00.000Z
MALARIA_EST_CASES,Estimated number of malaria cases,text,EUR,Europe,Country,TUR,Türkiye,Year,2000,FALSE,11432,11 432,EN,2025-12-18T23:00:00.000Z
MALARIA_EST_CASES,Estimated number of malaria cases,text,AFR,Africa,Country,TZA,United Republic of Tanzania,Year,2000,FALSE,11463669,11 463 669 [8 797 000-14 670 000],EN,2025-12-18T23:00:00.000Z
MALARIA_EST_CASES,Estimated number of malaria cases,text,AFR,Africa,Country,UGA,Uganda,Year,2000,FALSE,11586580,11 586 580 [9 243 000-14 390 000],EN,2025-12-18T23:00:00.000Z
MALARIA_EST_CASES,Estimated number of malaria cases,text,SEAR,South-East Asia,Country,TLS,Timor-Leste,Year,2000,FALSE,110986,110 986 [48 000-251 000],EN,2025-12-18T23:00:00.000Z
MALARIA_EST_CASES,Estimated number of malaria cases,text,WPR,Western Pacific,Country,MYS,Malaysia,Year,2000,FALSE,12705,12 705,EN,2025-12-18T23:00:00.000Z
MALARIA_EST_CASES,Estimated number of malaria cases,text,EUR,Europe,Country,UZB,Uzbekistan,Year,2000,FALSE,126,126,EN,2025-12-18T23:00:00.000Z
MALARIA_EST_CASES,Estimated number of malaria cases,text,AMR,Americas,Country,PER,Peru,Year,2000,FALSE,137781,137 781 [95 000-198 000],EN,2025-12-18T23:00:00.000Z
MALARIA_EST_CASES,Estimated number of malaria cases,text,EUR,Europe,Country,ARM,Armenia,Year,2000,FALSE,141,141,EN,2025-12-18T23:00:00.000Z
MALARIA_EST_CASES,Estimated number of malaria cases,text,AFR,Africa,Country,CPV,Cabo Verde,Year,2000,FALSE,144,144,EN,2025-12-18T23:00:00.000Z
MALARIA_EST_CASES,Estimated number of malaria cases,text,AMR,Americas,Country,BLZ,Belize,Year,2000,FALSE,1486,1486,EN,2025-12-18T23:00:00.000Z
MALARIA_EST_CASES,Estimated number of malaria cases,text,AMR,Americas,Country,DOM,Dominican Republic,Year,2000,FALSE,1524,1524 [1300-1800],EN,2025-12-18T23:00:00.000Z
MALARIA_EST_CASES,Estimated number of malaria cases,text,EUR,Europe,Country,AZE,Azerbaijan,Year,2000,FALSE,1526,1526,EN,2025-12-18T23:00:00.000Z
MALARIA_EST_CASES,Estimated number of malaria cases,text,EMR,Eastern Mediterranean,Country,DJI,Djibouti,Year,2000,FALSE,1722,1722,EN,2025-12-18T23:00:00.000Z
MALARIA_EST_CASES,Estimated number of malaria cases,text,AFR,Africa,Country,ZAF,South Africa,Year,2000,FALSE,18202,18 202,EN,2025-12-18T23:00:00.000Z
MALARIA_EST_CASES,Estimated number of malaria cases,text,EMR,Eastern Mediterranean,Country,IRQ,Iraq,Year,2000,FALSE,1860,1860,EN,2025-12-18T23:00:00.000Z
MALARIA_EST_CASES,Estimated number of malaria cases,text,AMR,Americas,Country,CRI,Costa Rica,Year,2000,FALSE,1879,1879,EN,2025-12-18T23:00:00.000Z
MALARIA_EST_CASES,Estimated number of malaria cases,text,EUR,Europe,Country,TJK,Tajikistan,Year,2000,FALSE,19064,19 064,EN,2025-12-18T23:00:00.000Z
MALARIA_EST_CASES,Estimated number of malaria cases,text,AFR,Africa,Country,BWA,Botswana,Year,2000,FALSE,19156,19 156 [13 000-34 000],EN,2025-12-18T23:00:00.000Z
MALARIA_EST_CASES,Estimated number of malaria cases,text,EMR,Eastern Mediterranean,Country,IRN,Iran (Islamic Republic of),Year,2000,FALSE,19716,19 716,EN,2025-12-18T23:00:00.000Z
MALARIA_EST_CASES,Estimated number of malaria cases,text,AFR,Africa,Country,SSD,South Sudan,Year,2000,FALSE,2078646,2 078 646 [1 490 000-2 815 000],EN,2025-12-18T23:00:00.000Z
MALARIA_EST_CASES,Estimated number of malaria cases,text,AFR,Africa,Country,TGO,Togo,Year,2000,FALSE,2287916,2 287 916 [1 681 000-3 029 000],EN,2025-12-18T23:00:00.000Z
MALARIA_EST_CASES,Estimated number of malaria cases,text,AFR,Africa,Country,TCD,Chad,Year,2000,FALSE,2291022,2 291 022 [1 344 000-3 670 000],EN,2025-12-18T23:00:00.000Z
MALARIA_EST_CASES,Estimated number of malaria cases,text,AFR,Africa,Country,SEN,Senegal,Year,2000,FALSE,2296360,2 296 360 [1 559 000-3 263 000],EN,2025-12-18T23:00:00.000Z
MALARIA_EST_CASES,Estimated number of malaria cases,text,EMR,Eastern Mediterranean,Country,SDN,Sudan,Year,2000,FALSE,2495740,2 495 740 [1 801 000-3 372 000],EN,2025-12-18T23:00:00.000Z
MALARIA_EST_CASES,Estimated number of malaria cases,text,AFR,Africa,Country,BDI,Burundi,Year,2000,FALSE,2765887,2 765 887 [1 956 000-3 747 000],EN,2025-12-18T23:00:00.000Z
MALARIA_EST_CASES,Estimated number of malaria cases,text,WPR,Western Pacific,Country,VNM,Viet Nam,Year,2000,FALSE,201414,201 414 [158 000-268 000],EN,2025-12-18T23:00:00.000Z
MALARIA_EST_CASES,Estimated number of malaria cases,text,SEAR,South-East Asia,Country,IND,India,Year,2000,FALSE,21553147,21 553 147 [16 930 000-27 690 000],EN,2025-12-18T23:00:00.000Z
MALARIA_EST_CASES,Estimated number of malaria cases,text,SEAR,South-East Asia,Country,LKA,Sri Lanka,Year,2000,FALSE,210039,210 039,EN,2025-12-18T23:00:00.000Z
MALARIA_EST_CASES,Estimated number of malaria cases,text,AMR,Americas,Country,COL,Colombia,Year,2000,FALSE,210720,210 720 [154 000-270 000],EN,2025-12-18T23:00:00.000Z
MALARIA_EST_CASES,Estimated number of malaria cases,text,AFR,Africa,Country,COD,Democratic Republic of the Congo,Year,2000,FALSE,23144741,23 144 741 [18 610 000-28 420 000],EN,2025-12-18T23:00:00.000Z
MALARIA_EST_CASES,Estimated number of malaria cases,text,WPR,Western Pacific,Country,VUT,Vanuatu,Year,2000,FALSE,23167,23 167 [13 000-38 000],EN,2025-12-18T23:00:00.000Z
MALARIA_EST_CASES,Estimated number of malaria cases,text,AFR,Africa,Country,GNQ,Equatorial Guinea,Year,2000,FALSE,235107,235 107 [159 000-342 000],EN,2025-12-18T23:00:00.000Z
MALARIA_EST_CASES,Estimated number of malaria cases,text,EUR,Europe,Country,TKM,Turkmenistan,Year,2000,FALSE,24,24,EN,2025-12-18T23:00:00.000Z
MALARIA_EST_CASES,Estimated number of malaria cases,text,EUR,Europe,Country,GEO,Georgia,Year,2000,FALSE,245,245,EN,2025-12-18T23:00:00.000Z
MALARIA_EST_CASES,Estimated number of malaria cases,text,AFR,Africa,Country,MRT,Mauritania,Year,2000,FALSE,251920,251 920 [127 000-449 000],EN,2025-12-18T23:00:00.000Z
MALARIA_EST_CASES,Estimated number of malaria cases,text,WPR,Western Pacific,Country,SLB,Solomon Islands,Year,2000,FALSE,254582,254 582 [133 000-417 000],EN,2025-12-18T23:00:00.000Z
MALARIA_EST_CASES,Estimated number of malaria cases,text,AMR,Americas,Country,NIC,Nicaragua,Year,2000,FALSE,29953,29 953 [25 000-35 000],EN,2025-12-18T23:00:00.000Z
MALARIA_EST_CASES,Estimated number of malaria cases,text,EMR,Eastern Mediterranean,Country,MAR,Morocco,Year,2000,FALSE,3,3,EN,2025-12-18T23:00:00.000Z
MALARIA_EST_CASES,Estimated number of malaria cases,text,AFR,Africa,Country,BEN,Benin,Year,2000,FALSE,3004220,3 004 220 [2 249 000-3 903 000],EN,2025-12-18T23:00:00.000Z
MALARIA_EST_CASES,Estimated number of malaria cases,text,AFR,Africa,Country,GIN,Guinea,Year,2000,FALSE,3504497,3 504 497 [2 532 000-4 709 000],EN,2025-12-18T23:00:00.000Z
MALARIA_EST_CASES,Estimated number of malaria cases,text,AFR,Africa,Country,ZMB,Zambia,Year,2000,FALSE,3609642,3 609 642 [2 819 000-4 569 000],EN,2025-12-18T23:00:00.000Z
MALARIA_EST_CASES,Estimated number of malaria cases,text,AFR,Africa,Country,STP,Sao Tome and Principe,Year,2000,FALSE,31975,31 975,EN,2025-12-18T23:00:00.000Z
MALARIA_EST_CASES,Estimated number of malaria cases,text,AMR,Americas,Country,GUY,Guyana,Year,2000,FALSE,33628,33 628 [28 000-40 000],EN,2025-12-18T23:00:00.000Z
MALARIA_EST_CASES,Estimated number of malaria cases,text,AFR,Africa,Country,DZA,Algeria,Year,2000,FALSE,34,34,EN,2025-12-18T23:00:00.000Z
MALARIA_EST_CASES,Estimated number of malaria cases,text,AMR,Americas,Country,VEN,Venezuela (Bolivarian Republic of),Year,2000,FALSE,35517,35 517 [31 000-42 000],EN,2025-12-18T23:00:00.000Z
MALARIA_EST_CASES,Estimated number of malaria cases,text,AFR,Africa,Country,COM,Comoros,Year,2000,FALSE,35580,35 580,EN,2025-12-18T23:00:00.000Z
MALARIA_EST_CASES,Estimated number of malaria cases,text,AFR,Africa,Country,NER,Niger,Year,2000,FALSE,4134706,4 134 706 [2 317 000-6 854 000],EN,2025-12-18T23:00:00.000Z
MALARIA_EST_CASES,Estimated number of malaria cases,text,AFR,Africa,Country,MLI,Mali,Year,2000,FALSE,4565653,4 565 653 [3 100 000-6 579 000],EN,2025-12-18T23:00:00.000Z
MALARIA_EST_CASES,Estimated number of malaria cases,text,WPR,Western Pacific,Country,KOR,Republic of Korea,Year,2000,FALSE,4183,4183,EN,2025-12-18T23:00:00.000Z
MALARIA_EST_CASES,Estimated number of malaria cases,text,AFR,Africa,Country,ERI,Eritrea,Year,2000,FALSE,42691,42 691 [14 000-88 000],EN,2025-12-18T23:00:00.000Z
MALARIA_EST_CASES,Estimated number of malaria cases,text,AMR,Americas,Country,ARG,Argentina,Year,2000,FALSE,440,440,EN,2025-12-18T23:00:00.000Z
MALARIA_EST_CASES,Estimated number of malaria cases,text,AMR,Americas,Country,GUF,French Guiana,Year,2000,FALSE,4428,4428 [3900-5300],EN,2025-12-18T23:00:00.000Z
MALARIA_EST_CASES,Estimated number of malaria cases,text,AMR,Americas,Country,BOL,Bolivia (Plurinational State of),Year,2000,FALSE,45647,45 647 [33 000-58 000],EN,2025-12-18T23:00:00.000Z
MALARIA_EST_CASES,Estimated number of malaria cases,text,AFR,Africa,Country,GMB,Gambia,Year,2000,FALSE,450671,450 671 [333 000-587 000],EN,2025-12-18T23:00:00.000Z
MALARIA_EST_CASES,Estimated number of malaria cases,text,AFR,Africa,Country,GAB,Gabon,Year,2000,FALSE,465149,465 149 [327 000-650 000],EN,2025-12-18T23:00:00.000Z
MALARIA_EST_CASES,Estimated number of malaria cases,text,SEAR,South-East Asia,Country,NPL,Nepal,Year,2000,FALSE,47986,47 986 [27 000-78 000],EN,2025-12-18T23:00:00.000Z
MALARIA_EST_CASES,Estimated number of malaria cases,text,AFR,Africa,Country,GNB,Guinea-Bissau,Year,2000,FALSE,489529,489 529 [309 000-741 000],EN,2025-12-18T23:00:00.000Z
MALARIA_EST_CASES,Estimated number of malaria cases,text,AFR,Africa,Country,MWI,Malawi,Year,2000,FALSE,5121027,5 121 027 [3 911 000-6 612 000],EN,2025-12-18T23:00:00.000Z
MALARIA_EST_CASES,Estimated number of malaria cases,text,AFR,Africa,Country,AGO,Angola,Year,2000,FALSE,5288263,5 288 263 [3 631 000-7 403 000],EN,2025-12-18T23:00:00.000Z
MALARIA_EST_CASES,Estimated number of malaria cases,text,AFR,Africa,Country,CMR,Cameroon,Year,2000,FALSE,5888216,5 888 216 [4 534 000-7 469 000],EN,2025-12-18T23:00:00.000Z
MALARIA_EST_CASES,Estimated number of malaria cases,text,AFR,Africa,Country,NGA,Nigeria,Year,2000,FALSE,50779020,50 779 020 [39 480 000-64 300 000],EN,2025-12-18T23:00:00.000Z
MALARIA_EST_CASES,Estimated number of malaria cases,text,AMR,Americas,Country,HND,Honduras,Year,2000,FALSE,51498,51 498 [37 000-66 000],EN,2025-12-18T23:00:00.000Z
MALARIA_EST_CASES,Estimated number of malaria cases,text,SEAR,South-East Asia,Country,BTN,Bhutan,Year,2000,FALSE,5935,5935,EN,2025-12-18T23:00:00.000Z
MALARIA_EST_CASES,Estimated number of malaria cases,text,EMR,Eastern Mediterranean,Country,OMN,Oman,Year,2000,FALSE,6,6,EN,2025-12-18T23:00:00.000Z
MALARIA_EST_CASES,Estimated number of malaria cases,text,EMR,Eastern Mediterranean,Country,SYR,Syrian Arab Republic,Year,2000,FALSE,6,6,EN,2025-12-18T23:00:00.000Z
MALARIA_EST_CASES,Estimated number of malaria cases,text,AFR,Africa,Country,KEN,Kenya,Year,2000,FALSE,6749325,6 749 325 [5 237 000-8 566 000],EN,2025-12-18T23:00:00.000Z
MALARIA_EST_CASES,Estimated number of malaria cases,text,AMR,Americas,Country,GTM,Guatemala,Year,2000,FALSE,63676,63 676 [56 000-76 000],EN,2025-12-18T23:00:00.000Z
MALARIA_EST_CASES,Estimated number of malaria cases,text,EMR,Eastern Mediterranean,Country,SAU,Saudi Arabia,Year,2000,FALSE,6608,6608,EN,2025-12-18T23:00:00.000Z
MALARIA_EST_CASES,Estimated number of malaria cases,text,WPR,Western Pacific,Country,KHM,Cambodia,Year,2000,FALSE,669109,669 109 [415 000-979 000],EN,2025-12-18T23:00:00.000Z
MALARIA_EST_CASES,Estimated number of malaria cases,text,AMR,Americas,Country,PRY,Paraguay,Year,2000,FALSE,6853,6853,EN,2025-12-18T23:00:00.000Z
MALARIA_EST_CASES,Estimated number of malaria cases,text,EUR,Europe,Country,KGZ,Kyrgyzstan,Year,2000,FALSE,7,7,EN,2025-12-18T23:00:00.000Z
MALARIA_EST_CASES,Estimated number of malaria cases,text,AFR,Africa,Country,BFA,Burkina Faso,Year,2000,FALSE,7121621,7 121 621 [5 672 000-8 835 000],EN,2025-12-18T23:00:00.000Z
MALARIA_EST_CASES,Estimated number of malaria cases,text,AMR,Americas,Country,HTI,Haiti,Year,2000,FALSE,72058,72 058 [42 000-116 000],EN,2025-12-18T23:00:00.000Z
MALARIA_EST_CASES,Estimated number of malaria cases,text,AMR,Americas,Country,MEX,Mexico,Year,2000,FALSE,7391,7391,EN,2025-12-18T23:00:00.000Z
MALARIA_EST_CASES,Estimated number of malaria cases,text,AMR,Americas,Country,SLV,El Salvador,Year,2000,FALSE,753,753,EN,2025-12-18T23:00:00.000Z
MALARIA_EST_CASES,Estimated number of malaria cases,text,AMR,Americas,Country,BRA,Brazil,Year,2000,FALSE,760760,760 760 [643 000-887 000],EN,2025-12-18T23:00:00.000Z
MALARIA_EST_CASES,Estimated number of malaria cases,text,AFR,Africa,Country,NAM,Namibia,Year,2000,FALSE,77331,77 331 [31 000-155 000],EN,2025-12-18T23:00:00.000Z
MALARIA_EST_CASES,Estimated number of malaria cases,text,SEAR,South-East Asia,Country,THA,Thailand,Year,2000,FALSE,78561,78 561,EN,2025-12-18T23:00:00.000Z
MALARIA_EST_CASES,Estimated number of malaria cases,text,AFR,Africa,Country,SWZ,Eswatini,Year,2000,FALSE,788,788,EN,2025-12-18T23:00:00.000Z
MALARIA_EST_CASES,Estimated number of malaria cases,text,WPR,Western Pacific,Country,PHL,Philippines,Year,2000,FALSE,79974,79 974 [60 000-103 000],EN,2025-12-18T23:00:00.000Z
MALARIA_EST_CASES,Estimated number of malaria cases,text,AFR,Africa,Country,GHA,Ghana,Year,2000,FALSE,8450966,8 450 966 [6 428 000-10 940 000],EN,2025-12-18T23:00:00.000Z
MALARIA_EST_CASES,Estimated number of malaria cases,text,AFR,Africa,Country,MOZ,Mozambique,Year,2000,FALSE,8587436,8 587 436 [7 022 000-10 420 000],EN,2025-12-18T23:00:00.000Z
MALARIA_EST_CASES,Estimated number of malaria cases,text,AFR,Africa,Country,ETH,Ethiopia,Year,2000,FALSE,8672176,8 672 176 [5 659 000-12 950 000],EN,2025-12-18T23:00:00.000Z
MALARIA_EST_CASES,Estimated number of malaria cases,text,AFR,Africa,Country,CIV,Cote d'Ivoire,Year,2000,FALSE,8681661,8 681 661 [6 874 000-10 800 000],EN,2025-12-18T23:00:00.000Z
MALARIA_EST_CASES,Estimated number of malaria cases,text,WPR,Western Pacific,Country,CHN,China,Year,2000,FALSE,8025,8025,EN,2025-12-18T23:00:00.000Z
MALARIA_EST_CASES,Estimated number of malaria cases,text,WPR,Western Pacific,Country,LAO,Lao People's Democratic Republic,Year,2000,FALSE,89755,89 755 [71 000-111 000],EN,2025-12-18T23:00:00.000Z
MALARIA_EST_CASES,Estimated number of malaria cases,text,SEAR,South-East Asia,Country,PRK,Democratic People's Republic of Korea,Year,2000,FALSE,90582,90 582,EN,2025-12-18T23:00:00.000Z
MALARIA_EST_CASES,Estimated number of malaria cases,text,AFR,Africa,Country,MDG,Madagascar,Year,2000,FALSE,905987,905 987 [94 000-2 049 000],EN,2025-12-18T23:00:00.000Z
MALARIA_EST_CASES,Estimated number of malaria cases,text,EMR,Eastern Mediterranean,Country,PAK,Pakistan,Year,2000,FALSE,926494,926 494 [362 000-2 214 000],EN,2025-12-18T23:00:00.000Z
MALARIA_EST_CASES,Estimated number of malaria cases,text,SEAR,South-East Asia,Country,BGD,Bangladesh,Year,2000,FALSE,95942,95 942 [42 000-153 000],EN,2025-12-18T23:00:00.000Z
MALARIA_EST_CASES,Estimated number of malaria cases,text,AFR,Africa,Country,ZWE,Zimbabwe,Year,2000,FALSE,960651,960 651 [234 000-2 387 000],EN,2025-12-18T23:00:00.000Z
